distance_m,x_m,y_m
0.0000,0.0000,-0.0363
0.5000,0.4917,0.0508
1.0000,0.9834,0.1384
1.5000,1.4757,0.2268
2.0000,1.9685,0.3160
2.5000,2.4585,0.4055
3.0000,2.9496,0.4960
3.5000,3.4420,0.5877
4.0000,3.9350,0.6804
4.5000,4.4251,0.7735
5.0000,4.9160,0.8676
5.5000,5.4075,0.9626
6.0000,5.8992,1.0585
6.5000,6.3904,1.1551
7.0000,6.8812,1.2524
7.5000,7.3714,1.3502
8.0000,7.8612,1.4486
8.5000,8.3535,1.5482
9.0000,8.8442,1.6481
9.5000,9.3330,1.7482
10.0000,9.8212,1.8488
10.5000,10.3138,1.9509
11.0000,10.8039,2.0531
11.5000,11.2914,2.1554
12.0000,11.7789,2.2585
12.5000,12.2698,2.3631
13.0000,12.7585,2.4682
13.5000,13.2456,2.5741
14.0000,13.7330,2.6812
14.5000,14.2215,2.7900
15.0000,14.7093,2.9002
15.5000,15.1962,3.0117
16.0000,15.6837,3.1251
16.5000,16.1709,3.2401
17.0000,16.6569,3.3566
17.5000,17.1417,3.4747
18.0000,17.6272,3.5949
18.5000,18.1121,3.7170
19.0000,18.5963,3.8410
19.5000,19.0799,3.9670
20.0000,19.5623,4.0947
20.5000,20.0447,4.2247
21.0000,20.5274,4.3569
21.5000,21.0092,4.4910
22.0000,21.4886,4.6266
22.5000,21.9689,4.7646
23.0000,22.4504,4.9049
23.5000,22.9297,5.0467
24.0000,23.4070,5.1898
24.5000,23.8856,5.3352
25.0000,24.3655,5.4828
25.5000,24.8428,5.6314
26.0000,25.3192,5.7813
26.5000,25.7962,5.9329
27.0000,26.2732,6.0860
27.5000,26.7473,6.2395
28.0000,27.2199,6.3937
28.5000,27.6943,6.5484
29.0000,28.1742,6.7033
29.5000,28.6408,6.8513
30.0000,29.1116,6.9970
30.5000,29.5922,7.1418
31.0000,30.0830,7.2852
31.5000,30.5623,7.4208
32.0000,31.0388,7.5513
32.5000,31.5226,7.6797
33.0000,32.0126,7.8055
33.5000,32.5051,7.9278
34.0000,32.9919,8.0450
34.5000,33.4803,8.1589
35.0000,33.9688,8.2694
35.5000,34.4557,8.3761
36.0000,34.9530,8.4818
36.5000,35.4519,8.5846
37.0000,35.9436,8.6826
37.5000,36.4265,8.7759
38.0000,36.9147,8.8671
38.5000,37.4260,8.9593
39.0000,37.9217,9.0452
39.5000,38.4011,9.1249
40.0000,38.8889,9.2023
40.5000,39.3984,9.2787
41.0000,39.8890,9.3477
41.5000,40.3644,9.4097
42.0000,40.8670,9.4696
42.5000,41.3672,9.5233
43.0000,41.8580,9.5713
43.5000,42.3844,9.6186
44.0000,42.8871,9.6605
44.5000,43.3538,9.6971
45.0000,43.8849,9.7365
45.5000,44.3474,9.7690
46.0000,44.8559,9.8029
46.5000,45.3341,9.8329
47.0000,45.8261,9.8614
47.5000,46.3098,9.8869
48.0000,46.8021,9.9106
48.5000,47.3257,9.9334
49.0000,47.7952,9.9518
49.5000,48.3063,9.9697
50.0000,48.8359,9.9858
50.5000,49.3239,9.9982
51.0000,49.8243,10.0081
51.5000,50.3335,10.0153
52.0000,50.8211,10.0200
52.5000,51.3026,10.0234
53.0000,51.8031,10.0261
53.5000,52.3245,10.0285
54.0000,52.8214,10.0307
54.5000,53.3005,10.0329
55.0000,53.7960,10.0354
55.5000,54.3074,10.0382
56.0000,54.8341,10.0415
56.5000,55.3236,10.0450
57.0000,55.8123,10.0487
57.5000,56.3103,10.0529
58.0000,56.8166,10.0575
58.5000,57.3302,10.0626
59.0000,57.8373,10.0679
59.5000,58.3331,10.0735
60.0000,58.8324,10.0794
60.5000,59.3339,10.0856
61.0000,59.8366,10.0921
61.5000,60.3396,10.0990
62.0000,60.8453,10.1061
62.5000,61.3503,10.1136
63.0000,61.8529,10.1213
63.5000,62.3521,10.1292
64.0000,62.8475,10.1374
64.5000,63.3419,10.1459
65.0000,63.8533,10.1550
65.5000,64.3590,10.1644
66.0000,64.8590,10.1742
66.5000,65.3532,10.1843
67.0000,65.8423,10.1948
67.5000,66.3428,10.2061
68.0000,66.8437,10.2182
68.5000,67.3421,10.2311
69.0000,67.8397,10.2448
69.5000,68.3384,10.2595
70.0000,68.8321,10.2747
70.5000,69.3252,10.2904
71.0000,69.8224,10.3066
71.5000,70.3242,10.3232
72.0000,70.8309,10.3401
72.5000,71.3326,10.3569
73.0000,71.8249,10.3733
73.5000,72.3217,10.3898
74.0000,72.8225,10.4063
74.5000,73.3270,10.4227
75.0000,73.8348,10.4391
75.5000,74.3330,10.4550
76.0000,74.8321,10.4708
76.5000,75.3324,10.4864
77.0000,75.8333,10.5018
77.5000,76.3341,10.5170
78.0000,76.8362,10.5320
78.5000,77.3427,10.5470
79.0000,77.8467,10.5618
79.5000,78.3475,10.5763
80.0000,78.8444,10.5904
80.5000,79.3365,10.6043
81.0000,79.8450,10.6185
81.5000,80.3562,10.6325
82.0000,80.8599,10.6460
82.5000,81.3556,10.6591
83.0000,81.8426,10.6717
83.5000,82.3430,10.6843
84.0000,82.8580,10.6967
84.5000,83.3620,10.7083
85.0000,83.8552,10.7190
85.5000,84.3381,10.7286
86.0000,84.8415,10.7375
86.5000,85.3471,10.7450
87.0000,85.8451,10.7507
87.5000,86.3380,10.7543
88.0000,86.8398,10.7557
88.5000,87.3568,10.7544
89.0000,87.8612,10.7502
89.5000,88.3499,10.7431
90.0000,88.8433,10.7324
90.5000,89.3671,10.7165
91.0000,89.8649,10.6963
91.5000,90.3377,10.6717
92.0000,90.8498,10.6381
92.5000,91.3500,10.5975
93.0000,91.8293,10.5505
93.5000,92.3238,10.4937
94.0000,92.8170,10.4290
94.5000,93.3104,10.3574
95.0000,93.7873,10.2831
95.5000,94.2815,10.2024
96.0000,94.7879,10.1172
96.5000,95.2586,10.0364
97.0000,95.7506,9.9508
97.5000,96.2636,9.8606
98.0000,96.7515,9.7736
98.5000,97.2399,9.6851
99.0000,97.7372,9.5930
99.5000,98.2379,9.4972
100.0000,98.7184,9.4015
100.5000,99.2028,9.3012
101.0000,99.6945,9.1956
101.5000,100.1933,9.0847
102.0000,100.6630,8.9773
102.5000,101.1432,8.8648
103.0000,101.6343,8.7476
103.5000,102.1361,8.6259
104.0000,102.6163,8.5079
104.5000,103.0951,8.3894
105.0000,103.5809,8.2684
105.5000,104.0725,8.1455
106.0000,104.5673,8.0217
106.5000,105.0517,7.9007
107.0000,105.5379,7.7798
107.5000,106.0245,7.6594
108.0000,106.5102,7.5402
108.5000,106.9985,7.4217
109.0000,107.4951,7.3028
109.5000,107.9865,7.1870
110.0000,108.4713,7.0749
110.5000,108.9485,6.9671
111.0000,109.4449,6.8578
111.5000,109.9465,6.7510
112.0000,110.4363,6.6504
112.5000,110.9141,6.5563
113.0000,111.3994,6.4652
113.5000,111.9025,6.3758
114.0000,112.3943,6.2936
114.5000,112.8776,6.2176
115.0000,113.3699,6.1446
115.5000,113.8707,6.0742
116.0000,114.3661,6.0076
116.5000,114.8534,5.9447
117.0000,115.3636,5.8814
117.5000,115.8643,5.8219
118.0000,116.3513,5.7668
118.5000,116.8482,5.7136
119.0000,117.3524,5.6635
119.5000,117.8434,5.6192
120.0000,118.3361,5.5803
120.5000,118.8370,5.5473
121.0000,119.3332,5.5222
121.5000,119.8275,5.5054
122.0000,120.3239,5.4972
122.5000,120.8269,5.4979
123.0000,121.3223,5.5073
123.5000,121.8163,5.5248
124.0000,122.3220,5.5505
124.5000,122.8231,5.5831
125.0000,123.3169,5.6217
125.5000,123.8184,5.6667
126.0000,124.3222,5.7177
126.5000,124.8152,5.7727
127.0000,125.3093,5.8319
127.5000,125.8099,5.8941
128.0000,126.2955,5.9551
128.5000,126.7846,6.0161
129.0000,127.2861,6.0772
129.5000,127.7958,6.1374
130.0000,128.2817,6.1929
130.5000,128.7768,6.2473
131.0000,129.2796,6.3003
131.5000,129.7859,6.3515
132.0000,130.2836,6.3999
132.5000,130.7829,6.4464
133.0000,131.2816,6.4912
133.5000,131.7795,6.5341
134.0000,132.2903,6.5767
134.5000,132.7932,6.6171
135.0000,133.2861,6.6555
135.5000,133.7777,6.6926
136.0000,134.2960,6.7307
136.5000,134.7961,6.7664
137.0000,135.2770,6.8000
137.5000,135.7834,6.8344
138.0000,136.2875,6.8677
138.5000,136.7732,6.8985
139.0000,137.2686,6.9284
139.5000,137.7734,6.9565
140.0000,138.2671,6.9819
140.5000,138.7981,7.0074
141.0000,139.2953,7.0298
141.5000,139.7866,7.0509
142.0000,140.2834,7.0715
142.5000,140.7667,7.0916
143.0000,141.2428,7.1121
143.5000,141.7387,7.1339
144.0000,142.2081,7.1539
144.5000,142.7134,7.1745
145.0000,143.2295,7.1941
145.5000,143.6992,7.2109
146.0000,144.2140,7.2278
146.5000,144.7522,7.2439
147.0000,145.2360,7.2567
147.5000,145.7341,7.2680
148.0000,146.2418,7.2774
148.5000,146.7489,7.2849
149.0000,147.2249,7.2902
149.5000,147.7160,7.2942
150.0000,148.2237,7.2970
150.5000,148.7491,7.2986
151.0000,149.2326,7.2989
151.5000,149.7154,7.2984
152.0000,150.2120,7.2969
152.5000,150.7222,7.2944
153.0000,151.2458,7.2911
153.5000,151.7412,7.2871
154.0000,152.2267,7.2824
154.5000,152.7213,7.2770
155.0000,153.2244,7.2707
155.5000,153.7355,7.2635
156.0000,154.2538,7.2555
156.5000,154.7459,7.2472
157.0000,155.2394,7.2381
157.5000,155.7374,7.2282
158.0000,156.2393,7.2174
158.5000,156.7445,7.2058
159.0000,157.2525,7.1933
159.5000,157.7537,7.1801
160.0000,158.2525,7.1662
160.5000,158.7523,7.1514
161.0000,159.2528,7.1358
161.5000,159.7534,7.1192
162.0000,160.2538,7.1018
162.5000,160.7547,7.0834
163.0000,161.2570,7.0641
163.5000,161.7583,7.0439
164.0000,162.2583,7.0228
164.5000,162.7571,7.0009
165.0000,163.2546,6.9781
165.5000,163.7509,6.9545
166.0000,164.2498,6.9299
166.5000,164.7480,6.9045
167.0000,165.2457,6.8784
167.5000,165.7436,6.8516
168.0000,166.2425,6.8242
168.5000,166.7449,6.7958
169.0000,167.2279,6.7677
169.5000,167.7076,6.7391
170.0000,168.1952,6.7091
170.5000,168.6915,6.6777
171.0000,169.1972,6.6449
171.5000,169.7130,6.6105
172.0000,170.2390,6.5745
172.5000,170.7141,6.5413
173.0000,171.1958,6.5069
173.5000,171.6853,6.4712
174.0000,172.1825,6.4343
174.5000,172.6868,6.3962
175.0000,173.1978,6.3569
175.5000,173.7150,6.3165
176.0000,174.2249,6.2761
176.5000,174.7157,6.2366
177.0000,175.2101,6.1963
177.5000,175.7075,6.1552
178.0000,176.2072,6.1133
178.5000,176.7086,6.0709
179.0000,177.2108,6.0278
179.5000,177.7132,5.9842
180.0000,178.2166,5.9401
180.5000,178.7272,5.8948
181.0000,179.2356,5.8491
181.5000,179.7409,5.8033
182.0000,180.2424,5.7573
182.5000,180.7393,5.7112
183.0000,181.2308,5.6650
183.5000,181.7161,5.6190
184.0000,182.2028,5.5723
184.5000,182.7345,5.5206
185.0000,183.2557,5.4694
185.5000,183.7655,5.4186
186.0000,184.2633,5.3683
186.5000,184.7484,5.3186
187.0000,185.2202,5.2696
187.5000,185.6816,5.2211
188.0000,186.2271,5.1627
188.5000,186.7514,5.1056
189.0000,187.2547,5.0499
189.5000,187.7374,4.9954
190.0000,188.2007,4.9422
190.5000,188.6711,4.8872
191.0000,189.1903,4.8255
191.5000,189.6904,4.7651
192.0000,190.1773,4.7057
192.5000,190.6573,4.6468
193.0000,191.1723,4.5835
193.5000,191.7046,4.5179
194.0000,192.2043,4.4562
194.5000,192.6647,4.3993
195.0000,193.1846,4.3349
195.5000,193.7115,4.2696
196.0000,194.1371,4.2169
196.5000,194.6675,4.1514
197.0000,195.1107,4.0978
197.5000,195.5692,4.0447
198.0000,196.0807,3.9866
198.5000,196.5366,3.9351
199.0000,197.0309,3.8796
199.5000,197.5920,3.8169
200.0000,198.0591,3.7652
200.5000,198.5568,3.7106
201.0000,199.0732,3.6547
201.5000,199.5710,3.6020
202.0000,200.0380,3.5541
202.5000,200.5243,3.5062
203.0000,201.0379,3.4578
203.5000,201.5684,3.4102
204.0000,202.0176,3.3713
204.5000,202.4901,3.3316
205.0000,202.9862,3.2911
205.5000,203.5058,3.2497
206.0000,204.0481,3.2072
206.5000,204.5438,3.1689
207.0000,205.0191,3.1326
207.5000,205.5069,3.0955
208.0000,206.0061,3.0577
208.5000,206.5152,3.0192
209.0000,207.0329,2.9801
209.5000,207.5576,2.9402
210.0000,208.0537,2.9023
210.5000,208.5528,2.8640
211.0000,209.0537,2.8251
211.5000,209.5552,2.7857
212.0000,210.0557,2.7458
212.5000,210.5538,2.7056
213.0000,211.0481,2.6650
213.5000,211.5699,2.6213
214.0000,212.0897,2.5767
214.5000,212.6004,2.5319
215.0000,213.1002,2.4868
215.5000,213.5880,2.4415
216.0000,214.0625,2.3960
216.5000,214.5478,2.3480
217.0000,215.0931,2.2917
217.5000,215.6139,2.2355
218.0000,216.1094,2.1793
218.5000,216.5796,2.1234
219.0000,217.0249,2.0676
219.5000,217.5547,1.9975
220.0000,218.0648,1.9258
220.5000,218.5456,1.8548
221.0000,219.0065,1.7844
221.5000,219.4983,1.7086
222.0000,219.9973,1.6318
222.5000,220.4893,1.5563
223.0000,220.9754,1.4823
223.5000,221.4851,1.4055
224.0000,221.9820,1.3318
224.5000,222.4652,1.2618
225.0000,222.9671,1.1913
225.5000,223.4699,1.1240
226.0000,223.9550,1.0631
226.5000,224.4538,1.0058
227.0000,224.9573,0.9549
227.5000,225.4417,0.9141
228.0000,225.9486,0.8817
228.5000,226.4464,0.8619
229.0000,226.9401,0.8555
229.5000,227.4441,0.8639
230.0000,227.9354,0.8871
230.5000,228.4395,0.9262
231.0000,228.9328,0.9784
231.5000,229.4184,1.0416
232.0000,229.9122,1.1205
232.5000,230.3847,1.2126
233.0000,230.8648,1.3204
233.5000,231.3831,1.4484
234.0000,231.8410,1.5685
234.5000,232.3239,1.6996
235.0000,232.8278,1.8391
235.5000,233.3083,1.9733
236.0000,233.7907,2.1076
236.5000,234.2765,2.2412
237.0000,234.7682,2.3736
237.5000,235.2657,2.5031
238.0000,235.7501,2.6233
238.5000,236.2179,2.7322
239.0000,236.7428,2.8430
239.5000,237.2308,2.9319
240.0000,237.7048,3.0010
240.5000,238.2219,3.0516
241.0000,238.6901,3.0721
241.5000,239.1819,3.0746
242.0000,239.6880,3.0603
242.5000,240.1546,3.0260
243.0000,240.6690,2.9669
243.5000,241.1570,2.8950
244.0000,241.6431,2.8121
244.5000,242.1561,2.7161
245.0000,242.6466,2.6188
245.5000,243.1359,2.5184
246.0000,243.6312,2.4154
246.5000,244.1316,2.3115
247.0000,244.6308,2.2100
247.5000,245.1176,2.1148
248.0000,245.6101,2.0246
248.5000,246.1245,1.9400
249.0000,246.6039,1.8738
249.5000,247.1066,1.8224
250.0000,247.6052,1.7956
250.5000,248.0820,1.7953
251.0000,248.5762,1.8144
251.5000,249.0660,1.8522
252.0000,249.5515,1.9155
252.5000,250.0619,2.0088
253.0000,250.5280,2.1141
253.5000,251.0221,2.2421
254.0000,251.5109,2.3812
254.5000,251.9813,2.5236
255.0000,252.4653,2.6762
255.5000,252.9500,2.8328
256.0000,253.4240,2.9875
256.5000,253.9012,3.1429
257.0000,254.3794,3.2968
257.5000,254.8631,3.4487
258.0000,255.3425,3.5940
258.5000,255.8160,3.7310
259.0000,256.3047,3.8644
259.5000,256.7898,3.9879
260.0000,257.2698,4.1013
260.5000,257.7512,4.2071
261.0000,258.2367,4.3082
261.5000,258.7333,4.4063
262.0000,259.2082,4.4890
262.5000,259.6939,4.5582
263.0000,260.2042,4.6129
263.5000,260.7063,4.6493
264.0000,261.1862,4.6694
264.5000,261.6860,4.6768
265.0000,262.2054,4.6720
265.5000,262.7087,4.6571
266.0000,263.1943,4.6348
266.5000,263.6920,4.6055
267.0000,264.2006,4.5700
267.5000,264.7165,4.5298
268.0000,265.2062,4.4889
268.5000,265.7015,4.4459
269.0000,266.2014,4.4017
269.5000,266.7046,4.3574
270.0000,267.2081,4.3143
270.5000,267.7079,4.2735
271.0000,268.2077,4.2354
271.5000,268.7068,4.2008
272.0000,269.2046,4.1704
272.5000,269.7044,4.1447
273.0000,270.2076,4.1240
273.5000,270.7084,4.1090
274.0000,271.2068,4.0999
274.5000,271.7032,4.0964
275.0000,272.1994,4.0982
275.5000,272.6959,4.1049
276.0000,273.1937,4.1154
276.5000,273.6944,4.1285
277.0000,274.2002,4.1449
277.5000,274.6826,4.1662
278.0000,275.1697,4.1959
278.5000,275.6656,4.2362
279.0000,276.1713,4.2887
279.5000,276.6876,4.3547
280.0000,277.1654,4.4268
280.5000,277.6419,4.5091
281.0000,278.1273,4.6030
281.5000,278.6215,4.7083
282.0000,279.1243,4.8248
282.5000,279.6299,4.9505
283.0000,280.0953,5.0730
283.5000,280.5669,5.2030
284.0000,281.0444,5.3399
284.5000,281.5275,5.4830
285.0000,282.0157,5.6316
285.5000,282.5087,5.7848
286.0000,282.9842,5.9349
286.5000,283.4552,6.0852
287.0000,283.9292,6.2374
287.5000,284.4058,6.3908
288.0000,284.8847,6.5447
288.5000,285.3654,6.6983
289.0000,285.8476,6.8510
289.5000,286.3271,7.0009
290.0000,286.8070,7.1485
290.5000,287.2874,7.2932
291.0000,287.7678,7.4346
291.5000,288.2479,7.5721
292.0000,288.7276,7.7054
292.5000,289.2079,7.8343
293.0000,289.6987,7.9611
293.5000,290.1884,8.0825
294.0000,290.6768,8.1983
294.5000,291.1638,8.3085
295.0000,291.6494,8.4132
295.5000,292.1337,8.5125
296.0000,292.6218,8.6078
296.5000,293.1151,8.6996
297.0000,293.6076,8.7875
297.5000,294.0995,8.8721
298.0000,294.5913,8.9545
298.5000,295.0835,9.0360
299.0000,295.5767,9.1176
299.5000,296.0657,9.1979
300.0000,296.5561,9.2767
300.5000,297.0484,9.3534
301.0000,297.5431,9.4272
301.5000,298.0401,9.4977
302.0000,298.5396,9.5644
302.5000,299.0372,9.6264
303.0000,299.5289,9.6831
303.5000,300.0231,9.7356
304.0000,300.5199,9.7838
304.5000,301.0190,9.8277
305.0000,301.5205,9.8674
305.5000,302.0243,9.9032
306.0000,302.5233,9.9347
306.5000,303.0196,9.9627
307.0000,303.5175,9.9876
307.5000,304.0169,10.0098
308.0000,304.5176,10.0297
308.5000,305.0194,10.0478
309.0000,305.5220,10.0644
309.5000,306.0229,10.0800
310.0000,306.5231,10.0950
310.5000,307.0234,10.1100
311.0000,307.5237,10.1255
311.5000,308.0236,10.1419
312.0000,308.5231,10.1597
312.5000,309.0217,10.1795
313.0000,309.5238,10.2018
313.5000,310.0265,10.2271
314.0000,310.5278,10.2556
314.5000,311.0274,10.2880
315.0000,311.5252,10.3244
315.5000,312.0210,10.3652
316.0000,312.5145,10.4108
316.5000,313.0157,10.4625
317.0000,313.5164,10.5198
317.5000,314.0145,10.5828
318.0000,314.5099,10.6514
318.5000,315.0025,10.7256
319.0000,315.4925,10.8055
319.5000,315.9809,10.8911
320.0000,316.4760,10.9836
320.5000,316.9686,11.0813
321.0000,317.4588,11.1834
321.5000,317.9468,11.2896
322.0000,318.4329,11.3990
322.5000,318.9173,11.5107
323.0000,319.4022,11.6243
323.5000,319.8874,11.7407
324.0000,320.3715,11.8613
324.5000,320.8545,11.9878
325.0000,321.3363,12.1217
325.5000,321.8170,12.2643
326.0000,322.2963,12.4163
326.5000,322.7631,12.5747
327.0000,323.2287,12.7436
327.5000,323.6929,12.9231
328.0000,324.1557,13.1137
328.5000,324.6171,13.3152
329.0000,325.0770,13.5276
329.5000,325.5298,13.7480
330.0000,325.9692,13.9723
330.5000,326.4071,14.2058
331.0000,326.8433,14.4480
331.5000,327.2779,14.6984
332.0000,327.7108,14.9563
332.5000,328.1418,15.2209
333.0000,328.5684,15.4900
333.5000,328.9884,15.7612
334.0000,329.4066,16.0368
334.5000,329.8228,16.3159
335.0000,330.2370,16.5976
335.5000,330.6491,16.8812
336.0000,331.0592,17.1657
336.5000,331.4705,17.4528
337.0000,331.8881,17.7451
337.5000,332.3033,18.0357
338.0000,332.7160,18.3238
338.5000,333.1264,18.6086
339.0000,333.5342,18.8894
339.5000,333.9395,19.1653
340.0000,334.3551,19.4443
340.5000,334.7855,19.7284
341.0000,335.2130,20.0049
341.5000,335.6374,20.2733
342.0000,336.0589,20.5332
342.5000,336.4772,20.7846
343.0000,336.8939,21.0280
343.5000,337.3437,21.2831
344.0000,337.7899,21.5284
344.5000,338.2326,21.7648
345.0000,338.6719,21.9933
345.5000,339.1079,22.2151
346.0000,339.5442,22.4340
346.5000,339.9940,22.6582
347.0000,340.4410,22.8814
347.5000,340.8866,23.1047
348.0000,341.3317,23.3291
348.5000,341.7773,23.5552
349.0000,342.2196,23.7812
349.5000,342.6605,24.0078
350.0000,343.1033,24.2363
350.5000,343.5481,24.4665
351.0000,343.9949,24.6977
351.5000,344.4438,24.9294
352.0000,344.8898,25.1583
352.5000,345.3368,25.3857
353.0000,345.7849,25.6107
353.5000,346.2339,25.8323
354.0000,346.6830,26.0493
354.5000,347.1353,26.2621
355.0000,347.6032,26.4750
355.5000,348.0693,26.6786
356.0000,348.5329,26.8715
356.5000,348.9932,27.0521
357.0000,349.4494,27.2191
357.5000,349.9364,27.3825
358.0000,350.4338,27.5315
358.5000,350.9230,27.6584
359.0000,351.4029,27.7616
359.5000,351.8726,27.8400
360.0000,352.3851,27.8970
360.5000,352.8999,27.9211
361.0000,353.3980,27.9094
361.5000,353.8791,27.8622
362.0000,354.3668,27.7753
362.5000,354.8583,27.6459
363.0000,355.3299,27.4812
363.5000,355.7833,27.2868
364.0000,356.2335,27.0635
364.5000,356.6767,26.8218
365.0000,357.1062,26.5686
365.5000,357.5207,26.3034
366.0000,357.9393,26.0116
366.5000,358.3391,25.7068
367.0000,358.7188,25.3900
367.5000,359.0884,25.0522
368.0000,359.4463,24.6929
368.5000,359.7804,24.3247
369.0000,360.0949,23.9440
369.5000,360.4018,23.5353
370.0000,360.6823,23.1234
370.5000,360.9406,22.7057
371.0000,361.1909,22.2581
371.5000,361.4143,21.8148
372.0000,361.6185,21.3637
372.5000,361.8085,20.8926
373.0000,361.9729,20.4307
373.5000,362.1212,19.9514
374.0000,362.2477,19.4697
374.5000,362.3517,18.9865
375.0000,362.4349,18.4926
375.5000,362.4999,17.9952
376.0000,362.5549,17.4735
376.5000,362.5969,16.9921
377.0000,362.6333,16.4752
377.5000,362.6565,15.9995
378.0000,362.6632,15.4970
378.5000,362.6454,15.0176
379.0000,362.6020,14.5105
379.5000,362.5473,14.0432
380.0000,362.4770,13.5198
380.5000,362.4101,13.0547
381.0000,362.3342,12.5432
381.5000,362.2580,12.0391
382.0000,362.1834,11.5498
382.5000,362.1064,11.0481
383.0000,362.0292,10.5586
383.5000,361.9505,10.0778
384.0000,361.8659,9.5792
384.5000,361.7767,9.0711
385.0000,361.6916,8.5979
385.5000,361.6024,8.1095
386.0000,361.5099,7.6063
386.5000,361.4180,7.1054
387.0000,361.3306,6.6244
387.5000,361.2430,6.1336
388.0000,361.1560,5.6341
388.5000,361.0712,5.1306
389.0000,360.9923,4.6420
389.5000,360.9164,4.1487
390.0000,360.8443,3.6518
390.5000,360.7767,3.1524
391.0000,360.7145,2.6540
391.5000,360.6577,2.1558
392.0000,360.6067,1.6579
392.5000,360.5616,1.1609
393.0000,360.5222,0.6628
393.5000,360.4882,0.1607
394.0000,360.4598,-0.3393
394.5000,360.4362,-0.8372
395.0000,360.4166,-1.3333
395.5000,360.3996,-1.8317
396.0000,360.3839,-2.3300
396.5000,360.3676,-2.8292
397.0000,360.3484,-3.3305
397.5000,360.3245,-3.8275
398.0000,360.2940,-4.3228
398.5000,360.2553,-4.8209
399.0000,360.2072,-5.3217
399.5000,360.1491,-5.8223
400.0000,360.0821,-6.3121
400.5000,360.0044,-6.8040
401.0000,359.9158,-7.2978
401.5000,359.8163,-7.7931
402.0000,359.7080,-8.2809
402.5000,359.5911,-8.7640
403.0000,359.4646,-9.2475
403.5000,359.3291,-9.7311
404.0000,359.1851,-10.2145
404.5000,359.0354,-10.6906
405.0000,358.8789,-11.1651
405.5000,358.7160,-11.6383
406.0000,358.5475,-12.1100
406.5000,358.3741,-12.5801
407.0000,358.1959,-13.0494
407.5000,358.0141,-13.5165
408.0000,357.8294,-13.9811
408.5000,357.6424,-14.4432
409.0000,357.4525,-14.9053
409.5000,357.2593,-15.3697
410.0000,357.0652,-15.8314
410.5000,356.8704,-16.2907
411.0000,356.6751,-16.7478
411.5000,356.4779,-17.2063
412.0000,356.2795,-17.6649
412.5000,356.0800,-18.1227
413.0000,355.8791,-18.5803
413.5000,355.6761,-19.0381
414.0000,355.4701,-19.4955
414.5000,355.2608,-19.9510
415.0000,355.0479,-20.4036
415.5000,354.8312,-20.8528
416.0000,354.6093,-21.3009
416.5000,354.3815,-21.7494
417.0000,354.1503,-22.1936
417.5000,353.9159,-22.6339
418.0000,353.6790,-23.0704
418.5000,353.4371,-23.5093
419.0000,353.1930,-23.9467
419.5000,352.9484,-24.3823
420.0000,352.7038,-24.8170
420.5000,352.4600,-25.2517
421.0000,352.2177,-25.6878
421.5000,351.9780,-26.1258
422.0000,351.7416,-26.5666
422.5000,351.5092,-27.0112
423.0000,351.2851,-27.4536
423.5000,351.0668,-27.9000
424.0000,350.8541,-28.3524
424.5000,350.6476,-28.8114
425.0000,350.4493,-29.2730
425.5000,350.2624,-29.7296
426.0000,350.0816,-30.1931
426.5000,349.9068,-30.6635
427.0000,349.7379,-31.1405
427.5000,349.5772,-31.6152
428.0000,349.4237,-32.0876
428.5000,349.2740,-32.5643
429.0000,349.1273,-33.0445
429.5000,348.9826,-33.5266
430.0000,348.8412,-34.0036
430.5000,348.7045,-34.4793
431.0000,348.5737,-34.9596
431.5000,348.4509,-35.4460
432.0000,348.3376,-35.9396
432.5000,348.2381,-36.4249
433.0000,348.1508,-36.9080
433.5000,348.0741,-37.3989
434.0000,348.0078,-37.8977
434.5000,347.9519,-38.4040
435.0000,347.9066,-38.9077
435.5000,347.8714,-39.3984
436.0000,347.8438,-39.8944
436.5000,347.8228,-40.3951
437.0000,347.8077,-40.8996
437.5000,347.7974,-41.4071
438.0000,347.7908,-41.9096
438.5000,347.7867,-42.4108
439.0000,347.7841,-42.9123
439.5000,347.7817,-43.4131
440.0000,347.7783,-43.9124
440.5000,347.7730,-44.4099
441.0000,347.7642,-44.9216
441.5000,347.7508,-45.4287
442.0000,347.7318,-45.9304
442.5000,347.7062,-46.4259
443.0000,347.6730,-46.9145
443.5000,347.6296,-47.4159
444.0000,347.5744,-47.9254
444.5000,347.5083,-48.4252
445.0000,347.4308,-48.9152
445.5000,347.3421,-49.3954
446.0000,347.2391,-49.8804
446.5000,347.1205,-50.3737
447.0000,346.9914,-50.8580
447.5000,346.8534,-51.3348
448.0000,346.7088,-51.8063
448.5000,346.5580,-52.2829
449.0000,346.4038,-52.7616
449.5000,346.2467,-53.2374
450.0000,346.0858,-53.7091
450.5000,345.9201,-54.1760
451.0000,345.7438,-54.6512
451.5000,345.5614,-55.1198
452.0000,345.3723,-55.5815
452.5000,345.1762,-56.0363
453.0000,344.9699,-56.4905
453.5000,344.7533,-56.9439
454.0000,344.5290,-57.3907
454.5000,344.2970,-57.8316
455.0000,344.0575,-58.2676
455.5000,343.8100,-58.7005
456.0000,343.5556,-59.1299
456.5000,343.2948,-59.5566
457.0000,343.0281,-59.9817
457.5000,342.7601,-60.3996
458.0000,342.4887,-60.8157
458.5000,342.2134,-61.2329
459.0000,341.9346,-61.6519
459.5000,341.6557,-62.0694
460.0000,341.3808,-62.4808
460.5000,341.1045,-62.8955
461.0000,340.8274,-63.3139
461.5000,340.5500,-63.7361
462.0000,340.2776,-64.1549
462.5000,340.0080,-64.5741
463.0000,339.7396,-64.9964
463.5000,339.4729,-65.4214
464.0000,339.2083,-65.8482
464.5000,338.9479,-66.2730
465.0000,338.6899,-66.6982
465.5000,338.4334,-67.1255
466.0000,338.1774,-67.5569
466.5000,337.9243,-67.9891
467.0000,337.6802,-68.4120
467.5000,337.4357,-68.8421
468.0000,337.1911,-69.2800
468.5000,336.9468,-69.7258
469.0000,336.7067,-70.1731
469.5000,336.4783,-70.6083
470.0000,336.2518,-71.0504
470.5000,336.0279,-71.4990
471.0000,335.8075,-71.9536
471.5000,335.5914,-72.4137
472.0000,335.3846,-72.8692
472.5000,335.1839,-73.3283
473.0000,334.9900,-73.7906
473.5000,334.8037,-74.2553
474.0000,334.6260,-74.7215
474.5000,334.4546,-75.1970
475.0000,334.2918,-75.6787
475.5000,334.1407,-76.1595
476.0000,334.0019,-76.6383
476.5000,333.8763,-77.1145
477.0000,333.7617,-77.5993
477.5000,333.6575,-78.1027
478.0000,333.5698,-78.6007
478.5000,333.4990,-79.0925
479.0000,333.4449,-79.5779
479.5000,333.4061,-80.0745
480.0000,333.3837,-80.5835
480.5000,333.3785,-81.0849
481.0000,333.3890,-81.5793
481.5000,333.4131,-82.0679
482.0000,333.4496,-82.5669
482.5000,333.4947,-83.0637
483.0000,333.5477,-83.5598
483.5000,333.6107,-84.0566
484.0000,333.6840,-84.5467
484.5000,333.7687,-85.0334
485.0000,333.8662,-85.5229
485.5000,333.9768,-86.0153
486.0000,334.0999,-86.5081
486.5000,334.2300,-86.9836
487.0000,334.3710,-87.4608
487.5000,334.5223,-87.9392
488.0000,334.6829,-88.4181
488.5000,334.8506,-88.8941
489.0000,335.0236,-89.3651
489.5000,335.2019,-89.8341
490.0000,335.3842,-90.3001
490.5000,335.5690,-90.7622
491.0000,335.7602,-91.2326
491.5000,335.9539,-91.7045
492.0000,336.1455,-92.1690
492.5000,336.3334,-92.6252
493.0000,336.5175,-93.0759
493.5000,336.7131,-93.5623
494.0000,336.8989,-94.0356
494.5000,337.0735,-94.4952
495.0000,337.2359,-94.9407
495.5000,337.4078,-95.4385
496.0000,337.5628,-95.9195
496.5000,337.7014,-96.3835
497.0000,337.8319,-96.8578
497.5000,337.9569,-97.3487
498.0000,338.0726,-97.8299
498.5000,338.1817,-98.3137
499.0000,338.2851,-98.8122
499.5000,338.3755,-99.2987
500.0000,338.4548,-99.7903
500.5000,338.5216,-100.2922
501.0000,338.5715,-100.7806
501.5000,338.6057,-101.2841
502.0000,338.6213,-101.7833
502.5000,338.6174,-102.2780
503.0000,338.5930,-102.7809
503.5000,338.5484,-103.2733
504.0000,338.4819,-103.7712
504.5000,338.3947,-104.2621
505.0000,338.2863,-104.7495
505.5000,338.1561,-105.2321
506.0000,338.0036,-105.7077
506.5000,337.8272,-106.1752
507.0000,337.6249,-106.6330
507.5000,337.3991,-107.0754
508.0000,337.1462,-107.5113
508.5000,336.8774,-107.9246
509.0000,336.5847,-108.3323
509.5000,336.2770,-108.7256
510.0000,335.9584,-109.1043
510.5000,335.6183,-109.4848
511.0000,335.2829,-109.8419
511.5000,334.9337,-110.1992
512.0000,334.5703,-110.5595
512.5000,334.2193,-110.8992
513.0000,333.8564,-111.2444
513.5000,333.4836,-111.5948
514.0000,333.1244,-111.9300
514.5000,332.7585,-112.2705
515.0000,332.3876,-112.6161
515.5000,332.0227,-112.9575
516.0000,331.6590,-113.3005
516.5000,331.2959,-113.6464
517.0000,330.9371,-113.9930
517.5000,330.5829,-114.3418
518.0000,330.2300,-114.6969
518.5000,329.8790,-115.0590
519.0000,329.5385,-115.4196
519.5000,329.2002,-115.7874
520.0000,328.8649,-116.1621
520.5000,328.5353,-116.5408
521.0000,328.2116,-116.9230
521.5000,327.8934,-117.3092
522.0000,327.5812,-117.6988
522.5000,327.2699,-118.0985
523.0000,326.9672,-118.4985
523.5000,326.6740,-118.8977
524.0000,326.3813,-119.3086
524.5000,326.0943,-119.7250
525.0000,325.8199,-120.1371
525.5000,325.5518,-120.5551
526.0000,325.2858,-120.9869
526.5000,325.0339,-121.4139
527.0000,324.7920,-121.8433
527.5000,324.5556,-122.2837
528.0000,324.3287,-122.7275
528.5000,324.1039,-123.1877
529.0000,323.8831,-123.6549
529.5000,323.6785,-124.0962
530.0000,323.4606,-124.5707
530.5000,323.2546,-125.0196
531.0000,323.0496,-125.4633
531.5000,322.8455,-125.9027
532.0000,322.6481,-126.3347
532.5000,322.4487,-126.7892
533.0000,322.2680,-127.2184
533.5000,322.0580,-127.7334
534.0000,321.8957,-128.1404
534.5000,321.7159,-128.5982
535.0000,321.5187,-129.1069
535.5000,321.3398,-129.5729
536.0000,321.1692,-130.0207
536.5000,320.9912,-130.4907
537.0000,320.8076,-130.9783
537.5000,320.6257,-131.4637
538.0000,320.4615,-131.9056
538.5000,320.2968,-132.3591
539.0000,320.1319,-132.8296
539.5000,319.9670,-133.3216
540.0000,319.8063,-133.8261
540.5000,319.6745,-134.2603
541.0000,319.5430,-134.7129
541.5000,319.4120,-135.1845
542.0000,319.2814,-135.6755
542.5000,319.1513,-136.1858
543.0000,319.0216,-136.7151
543.5000,318.9099,-137.1875
544.0000,318.8038,-137.6495
544.5000,318.6979,-138.1231
545.0000,318.5923,-138.6075
545.5000,318.4869,-139.1021
546.0000,318.3816,-139.6060
546.5000,318.2765,-140.1185
547.0000,318.1720,-140.6365
547.5000,318.0765,-141.1155
548.0000,317.9811,-141.5993
548.5000,317.8856,-142.0872
549.0000,317.7900,-142.5785
549.5000,317.6944,-143.0722
550.0000,317.5986,-143.5677
550.5000,317.5027,-144.0642
551.0000,317.4065,-144.5608
551.5000,317.3094,-145.0606
552.0000,317.2114,-145.5620
552.5000,317.1131,-146.0612
553.0000,317.0145,-146.5574
553.5000,316.9154,-147.0499
554.0000,316.8160,-147.5381
554.5000,316.7161,-148.0212
555.0000,316.6157,-148.4987
555.5000,316.5128,-148.9800
556.0000,316.4001,-149.4957
556.5000,316.2869,-150.0026
557.0000,316.1730,-150.5002
557.5000,316.0584,-150.9882
558.0000,315.9432,-151.4662
558.5000,315.8274,-151.9342
559.0000,315.7110,-152.3923
559.5000,315.5826,-152.8836
560.0000,315.4476,-153.3852
560.5000,315.3120,-153.8752
561.0000,315.1758,-154.3549
561.5000,315.0392,-154.8256
562.0000,314.9022,-155.2893
562.5000,314.7644,-155.7503
563.0000,314.6198,-156.2319
563.5000,314.4754,-156.7133
564.0000,314.3320,-157.1942
564.5000,314.1899,-157.6739
565.0000,314.0497,-158.1517
565.5000,313.9117,-158.6271
566.0000,313.7714,-159.1169
566.5000,313.6333,-159.6057
567.0000,313.4985,-160.0907
567.5000,313.3670,-160.5714
568.0000,313.2391,-161.0479
568.5000,313.1146,-161.5199
569.0000,312.9867,-162.0142
569.5000,312.8619,-162.5065
570.0000,312.7409,-162.9937
570.5000,312.6233,-163.4760
571.0000,312.5090,-163.9536
571.5000,312.3960,-164.4343
572.0000,312.2815,-164.9290
572.5000,312.1696,-165.4195
573.0000,312.0599,-165.9061
573.5000,311.9518,-166.3894
574.0000,311.8450,-166.8698
574.5000,311.7362,-167.3607
575.0000,311.6275,-167.8498
575.5000,311.5187,-168.3373
576.0000,311.4092,-168.8237
576.5000,311.2986,-169.3095
577.0000,311.1865,-169.7949
577.5000,311.0725,-170.2804
578.0000,310.9564,-170.7662
578.5000,310.8377,-171.2525
579.0000,310.7165,-171.7394
579.5000,310.5933,-172.2238
580.0000,310.4678,-172.7070
580.5000,310.3398,-173.1905
581.0000,310.2092,-173.6739
581.5000,310.0765,-174.1568
582.0000,309.9415,-174.6406
582.5000,309.8044,-175.1254
583.0000,309.6664,-175.6075
583.5000,309.5262,-176.0864
584.0000,309.3820,-176.5622
584.5000,309.2320,-177.0362
585.0000,309.0737,-177.5121
585.5000,308.9079,-177.9843
586.0000,308.7338,-178.4528
586.5000,308.5509,-178.9175
587.0000,308.3590,-179.3784
587.5000,308.1576,-179.8363
588.0000,307.9472,-180.2902
588.5000,307.7282,-180.7399
589.0000,307.5008,-181.1854
589.5000,307.2657,-181.6268
590.0000,307.0222,-182.0661
590.5000,306.7724,-182.5009
591.0000,306.5171,-182.9314
591.5000,306.2571,-183.3574
592.0000,305.9935,-183.7789
592.5000,305.7206,-184.2060
593.0000,305.4459,-184.6286
593.5000,305.1705,-185.0465
594.0000,304.8954,-185.4597
594.5000,304.6211,-185.8691
595.0000,304.3357,-186.2937
595.5000,304.0537,-186.7132
596.0000,303.7759,-187.1277
596.5000,303.5031,-187.5374
597.0000,303.2294,-187.9517
597.5000,302.9503,-188.3788
598.0000,302.6776,-188.8009
598.5000,302.4112,-189.2179
599.0000,302.1504,-189.6303
599.5000,301.8810,-190.0589
600.0000,301.6141,-190.4840
600.5000,301.3489,-190.9052
601.0000,301.0857,-191.3241
601.5000,300.8214,-191.7482
602.0000,300.5592,-192.1746
602.5000,300.3008,-192.6023
603.0000,300.0469,-193.0319
603.5000,299.7966,-193.4659
604.0000,299.5515,-193.9033
604.5000,299.3125,-194.3427
605.0000,299.0803,-194.7838
605.5000,298.8523,-195.2323
606.0000,298.6304,-195.6852
606.5000,298.4172,-196.1376
607.0000,298.2131,-196.5885
607.5000,298.0121,-197.0521
608.0000,297.8181,-197.5210
608.5000,297.6356,-197.9847
609.0000,297.4649,-198.4422
609.5000,297.2945,-198.9263
610.0000,297.1365,-199.4065
610.5000,296.9928,-199.8763
611.0000,296.8585,-200.3542
611.5000,296.7328,-200.8485
612.0000,296.6236,-201.3308
612.5000,296.5289,-201.8116
613.0000,296.4458,-202.3089
613.5000,296.3781,-202.8022
614.0000,296.3233,-203.2995
614.5000,296.2801,-203.8050
615.0000,296.2496,-204.2987
615.5000,296.2304,-204.7985
616.0000,296.2236,-205.3006
616.5000,296.2295,-205.7925
617.0000,296.2487,-206.2911
617.5000,296.2815,-206.7891
618.0000,296.3269,-207.2821
618.5000,296.3836,-207.7719
619.0000,296.4526,-208.2761
619.5000,296.5269,-208.7582
620.0000,296.6087,-209.2472
620.5000,296.6990,-209.7559
621.0000,296.7874,-210.2358
621.5000,296.8792,-210.7233
622.0000,296.9746,-211.2256
622.5000,297.0686,-211.7217
623.0000,297.1603,-212.2117
623.5000,297.2506,-212.7062
624.0000,297.3380,-213.2016
624.5000,297.4218,-213.6954
625.0000,297.5023,-214.1891
625.5000,297.5794,-214.6826
626.0000,297.6532,-215.1773
626.5000,297.7236,-215.6730
627.0000,297.7903,-216.1683
627.5000,297.8531,-216.6632
628.0000,297.9122,-217.1609
628.5000,297.9671,-217.6580
629.0000,298.0176,-218.1548
629.5000,298.0635,-218.6527
630.0000,298.1044,-219.1516
630.5000,298.1398,-219.6501
631.0000,298.1694,-220.1484
631.5000,298.1927,-220.6488
632.0000,298.2089,-221.1487
632.5000,298.2174,-221.6480
633.0000,298.2173,-222.1485
633.5000,298.2078,-222.6490
634.0000,298.1878,-223.1483
634.5000,298.1562,-223.6468
635.0000,298.1114,-224.1459
635.5000,298.0523,-224.6425
636.0000,297.9774,-225.1362
636.5000,297.8864,-225.6280
637.0000,297.7813,-226.1170
637.5000,297.6634,-226.6028
638.0000,297.5337,-227.0849
638.5000,297.3925,-227.5630
639.0000,297.2390,-228.0391
639.5000,297.0726,-228.5132
640.0000,296.8965,-228.9745
640.5000,296.7056,-229.4350
641.0000,296.4986,-229.8948
641.5000,296.2803,-230.3415
642.0000,296.0501,-230.7768
642.5000,295.8014,-231.2122
643.0000,295.5329,-231.6477
643.5000,295.2633,-232.0550
644.0000,294.9786,-232.4572
644.5000,294.6751,-232.8595
645.0000,294.3524,-233.2615
645.5000,294.0360,-233.6341
646.0000,293.7077,-234.0012
646.5000,293.3640,-234.3673
647.0000,293.0055,-234.7322
647.5000,292.6448,-235.0840
648.0000,292.2846,-235.4222
648.5000,291.9144,-235.7579
649.0000,291.5356,-236.0905
649.5000,291.1502,-236.4194
650.0000,290.7775,-236.7286
650.5000,290.3982,-237.0313
651.0000,290.0036,-237.3306
651.5000,289.5895,-237.6267
652.0000,289.1530,-237.9195
652.5000,288.7546,-238.1704
653.0000,288.3438,-238.4143
653.5000,287.9137,-238.6551
654.0000,287.4643,-238.8925
654.5000,286.9959,-239.1259
655.0000,286.5170,-239.3515
655.5000,286.0808,-239.5465
656.0000,285.6322,-239.7375
656.5000,285.1724,-239.9242
657.0000,284.7021,-240.1063
657.5000,284.2227,-240.2834
658.0000,283.7354,-240.4550
658.5000,283.2513,-240.6177
659.0000,282.7743,-240.7706
659.5000,282.2939,-240.9176
660.0000,281.8111,-241.0584
660.5000,281.3273,-241.1927
661.0000,280.8437,-241.3201
661.5000,280.3617,-241.4404
662.0000,279.8661,-241.5572
662.5000,279.3562,-241.6698
663.0000,278.8526,-241.7733
663.5000,278.3565,-241.8676
664.0000,277.8692,-241.9524
664.5000,277.3920,-242.0276
665.0000,276.9258,-242.0931
665.5000,276.3870,-242.1582
666.0000,275.8637,-242.2097
666.5000,275.3596,-242.2472
667.0000,274.8752,-242.2711
667.5000,274.4104,-242.2816
668.0000,273.9108,-242.2782
668.5000,273.3888,-242.2568
669.0000,272.8906,-242.2187
669.5000,272.4114,-242.1657
670.0000,271.9401,-242.0995
670.5000,271.4400,-242.0175
671.0000,270.9441,-241.9271
671.5000,270.4555,-241.8300
672.0000,269.9745,-241.7275
672.5000,269.4683,-241.6128
673.0000,268.9772,-241.4949
673.5000,268.5018,-241.3747
674.0000,268.0264,-241.2483
674.5000,267.5318,-241.1097
675.0000,267.0549,-240.9688
675.5000,266.5938,-240.8249
676.0000,266.1135,-240.6661
676.5000,265.6425,-240.5008
677.0000,265.1789,-240.3279
677.5000,264.7216,-240.1469
678.0000,264.2637,-239.9551
678.5000,263.8006,-239.7507
679.0000,263.3560,-239.5449
679.5000,262.9141,-239.3316
680.0000,262.4606,-239.1044
680.5000,262.0072,-238.8696
681.0000,261.5804,-238.6421
681.5000,261.1432,-238.4030
682.0000,260.6967,-238.1528
682.5000,260.2558,-237.9001
683.0000,259.8293,-237.6502
683.5000,259.3998,-237.3936
684.0000,258.9685,-237.1315
684.5000,258.5393,-236.8668
685.0000,258.1178,-236.6035
685.5000,257.6958,-236.3370
686.0000,257.2732,-236.0675
686.5000,256.8495,-235.7950
687.0000,256.4367,-235.5276
687.5000,256.0213,-235.2569
688.0000,255.6024,-234.9824
688.5000,255.1788,-234.7036
689.0000,254.7673,-234.4319
689.5000,254.3603,-234.1625
690.0000,253.9461,-233.8880
690.5000,253.5238,-233.6078
691.0000,253.0922,-233.3216
691.5000,252.6926,-233.0567
692.0000,252.2872,-232.7884
692.5000,251.8723,-232.5143
693.0000,251.4473,-232.2343
693.5000,251.0116,-231.9484
694.0000,250.6011,-231.6800
694.5000,250.1969,-231.4169
695.0000,249.7836,-231.1491
695.5000,249.3611,-230.8769
696.0000,248.9294,-230.6005
696.5000,248.4884,-230.3200
697.0000,248.0736,-230.0582
697.5000,247.6604,-229.7993
698.0000,247.2404,-229.5383
698.5000,246.8136,-229.2755
699.0000,246.3806,-229.0115
699.5000,245.9417,-228.7468
700.0000,245.5041,-228.4859
700.5000,245.0815,-228.2372
701.0000,244.6554,-227.9898
701.5000,244.2262,-227.7443
702.0000,243.7927,-227.5002
702.5000,243.3525,-227.2564
703.0000,242.9035,-227.0118
703.5000,242.4616,-226.7751
704.0000,242.0500,-226.5580
704.5000,241.6283,-226.3389
705.0000,241.1957,-226.1174
705.5000,240.7518,-225.8936
706.0000,240.2962,-225.6672
706.5000,239.8285,-225.4382
707.0000,239.3487,-225.2069
707.5000,238.8843,-224.9862
708.0000,238.4580,-224.7863
708.5000,238.0231,-224.5851
709.0000,237.5797,-224.3826
709.5000,237.1282,-224.1793
710.0000,236.6687,-223.9752
710.5000,236.2017,-223.7706
711.0000,235.7273,-223.5659
711.5000,235.2461,-223.3614
712.0000,234.7588,-223.1574
712.5000,234.3078,-222.9715
713.0000,233.8521,-222.7866
713.5000,233.3921,-222.6029
714.0000,232.9283,-222.4207
714.5000,232.4610,-222.2403
715.0000,231.9907,-222.0621
715.5000,231.5179,-221.8862
716.0000,231.0428,-221.7130
716.5000,230.5661,-221.5429
717.0000,230.0882,-221.3760
717.5000,229.6054,-221.2115
718.0000,229.1212,-221.0505
718.5000,228.6370,-220.8938
719.0000,228.1535,-220.7417
719.5000,227.6710,-220.5946
720.0000,227.1901,-220.4526
720.5000,226.7111,-220.3161
721.0000,226.2345,-220.1853
721.5000,225.7607,-220.0604
722.0000,225.2901,-219.9418
722.5000,224.7900,-219.8219
723.0000,224.2765,-219.7057
723.5000,223.7683,-219.5980
724.0000,223.2659,-219.4989
724.5000,222.7696,-219.4087
725.0000,222.2798,-219.3276
725.5000,221.7968,-219.2557
726.0000,221.3207,-219.1930
726.5000,220.8518,-219.1396
727.0000,220.3511,-219.0923
727.5000,219.8241,-219.0536
728.0000,219.3070,-219.0274
728.5000,218.7996,-219.0134
729.0000,218.3016,-219.0112
729.5000,217.8127,-219.0205
730.0000,217.3322,-219.0406
730.5000,216.8593,-219.0710
731.0000,216.3643,-219.1136
731.5000,215.8623,-219.1674
732.0000,215.3653,-219.2301
732.5000,214.8714,-219.3002
733.0000,214.3788,-219.3762
733.5000,213.8878,-219.4585
734.0000,213.3991,-219.5473
734.5000,212.9063,-219.6445
735.0000,212.4098,-219.7510
735.5000,211.9179,-219.8656
736.0000,211.4311,-219.9886
736.5000,210.9497,-220.1202
737.0000,210.4741,-220.2607
737.5000,210.0047,-220.4102
738.0000,209.5314,-220.5725
738.5000,209.0557,-220.7479
739.0000,208.5872,-220.9334
739.5000,208.1261,-221.1290
740.0000,207.6723,-221.3346
740.5000,207.2258,-221.5503
741.0000,206.7864,-221.7758
741.5000,206.3466,-222.0154
742.0000,205.9124,-222.2657
742.5000,205.4851,-222.5259
743.0000,205.0645,-222.7957
743.5000,204.6501,-223.0749
744.0000,204.2417,-223.3631
744.5000,203.8400,-223.6592
745.0000,203.4465,-223.9615
745.5000,203.0577,-224.2718
746.0000,202.6731,-224.5898
746.5000,202.2925,-224.9151
747.0000,201.9155,-225.2475
747.5000,201.5415,-225.5865
748.0000,201.1774,-225.9252
748.5000,200.8190,-226.2663
749.0000,200.4624,-226.6127
749.5000,200.1075,-226.9641
750.0000,199.7539,-227.3202
750.5000,199.4013,-227.6807
751.0000,199.0495,-228.0453
751.5000,198.7073,-228.4043
752.0000,198.3670,-228.7651
752.5000,198.0270,-229.1290
753.0000,197.6873,-229.4958
753.5000,197.3477,-229.8653
754.0000,197.0084,-230.2374
754.5000,196.6694,-230.6118
755.0000,196.3362,-230.9824
755.5000,196.0046,-231.3540
756.0000,195.6739,-231.7275
756.5000,195.3442,-232.1030
757.0000,195.0159,-232.4803
757.5000,194.6893,-232.8600
758.0000,194.3639,-233.2440
758.5000,194.0525,-233.6182
759.0000,193.7479,-233.9917
759.5000,193.4436,-234.3729
760.0000,193.1395,-234.7626
760.5000,192.8355,-235.1614
761.0000,192.5314,-235.5700
761.5000,192.2272,-235.9887
762.0000,191.9253,-236.4140
762.5000,191.6540,-236.8046
763.0000,191.3824,-237.2034
763.5000,191.1105,-237.6104
764.0000,190.8384,-238.0252
764.5000,190.5659,-238.4478
765.0000,190.2932,-238.8777
765.5000,190.0203,-239.3146
766.0000,189.7472,-239.7581
766.5000,189.4850,-240.1894
767.0000,189.2322,-240.6099
767.5000,188.9795,-241.0347
768.0000,188.7267,-241.4633
768.5000,188.4741,-241.8952
769.0000,188.2216,-242.3298
769.5000,187.9693,-242.7666
770.0000,187.7173,-243.2051
770.5000,187.4657,-243.6447
771.0000,187.2142,-244.0853
771.5000,186.9625,-244.5271
772.0000,186.7113,-244.9682
772.5000,186.4608,-245.4079
773.0000,186.2110,-245.8457
773.5000,185.9621,-246.2808
774.0000,185.7140,-246.7128
774.5000,185.4670,-247.1411
775.0000,185.2209,-247.5650
775.5000,184.9733,-247.9885
776.0000,184.7047,-248.4440
776.5000,184.4375,-248.8923
777.0000,184.1719,-249.3326
777.5000,183.9080,-249.7645
778.0000,183.6457,-250.1873
778.5000,183.3851,-250.6006
779.0000,183.1264,-251.0039
779.5000,182.8694,-251.3969
780.0000,182.5780,-251.8330
780.5000,182.2776,-252.2713
781.0000,181.9798,-252.6941
781.5000,181.6845,-253.1014
782.0000,181.3917,-253.4933
782.5000,181.1012,-253.8702
783.0000,180.8129,-254.2327
783.5000,180.4889,-254.6268
784.0000,180.1538,-255.0203
784.5000,179.8208,-255.3988
785.0000,179.4894,-255.7650
785.5000,179.1589,-256.1219
786.0000,178.8286,-256.4729
786.5000,178.4848,-256.8321
787.0000,178.1356,-257.1904
787.5000,177.7835,-257.5444
788.0000,177.4277,-257.8944
788.5000,177.0673,-258.2405
789.0000,176.7023,-258.5822
789.5000,176.3354,-258.9165
790.0000,175.9624,-259.2464
790.5000,175.5830,-259.5716
791.0000,175.1969,-259.8916
791.5000,174.8039,-260.2058
792.0000,174.4059,-260.5119
792.5000,174.0046,-260.8082
793.0000,173.5963,-261.0967
793.5000,173.1812,-261.3766
794.0000,172.7592,-261.6472
794.5000,172.3307,-261.9075
795.0000,171.8951,-262.1571
795.5000,171.4528,-262.3951
796.0000,171.0046,-262.6203
796.5000,170.5508,-262.8320
797.0000,170.0917,-263.0293
797.5000,169.6278,-263.2116
798.0000,169.1542,-263.3799
798.5000,168.6747,-263.5322
799.0000,168.1916,-263.6672
799.5000,167.7053,-263.7845
800.0000,167.2164,-263.8838
800.5000,166.7253,-263.9649
801.0000,166.2267,-264.0284
801.5000,165.7270,-264.0733
802.0000,165.2269,-264.0999
802.5000,164.7267,-264.1086
803.0000,164.2271,-264.1001
803.5000,163.7272,-264.0751
804.0000,163.2264,-264.0345
804.5000,162.7277,-263.9796
805.0000,162.2315,-263.9120
805.5000,161.7383,-263.8336
806.0000,161.2483,-263.7464
806.5000,160.7583,-263.6503
807.0000,160.2707,-263.5423
807.5000,159.7867,-263.4196
808.0000,159.3068,-263.2793
808.5000,158.8311,-263.1193
809.0000,158.3632,-262.9393
809.5000,157.9129,-262.7428
810.0000,157.4681,-262.5247
810.5000,157.0295,-262.2846
811.0000,156.5978,-262.0225
811.5000,156.1737,-261.7388
812.0000,155.7673,-261.4411
812.5000,155.3805,-261.1332
813.0000,155.0028,-260.8079
813.5000,154.6350,-260.4665
814.0000,154.2778,-260.1101
814.5000,153.9320,-259.7402
815.0000,153.5982,-259.3583
815.5000,153.2773,-258.9659
816.0000,152.9699,-258.5647
816.5000,152.6765,-258.1563
817.0000,152.3978,-257.7423
817.5000,152.1343,-257.3245
818.0000,151.8785,-256.8903
818.5000,151.6273,-256.4316
819.0000,151.3957,-255.9742
819.5000,151.1842,-255.5202
820.0000,150.9929,-255.0713
820.5000,150.8220,-254.6290
821.0000,150.6503,-254.1299
821.5000,150.5016,-253.6301
822.0000,150.3801,-253.1445
822.5000,150.2847,-252.6737
823.0000,150.2125,-252.2066
823.5000,150.1591,-251.6894
824.0000,150.1330,-251.1885
824.5000,150.1297,-250.6991
825.0000,150.1434,-250.2126
825.5000,150.1689,-249.7128
826.0000,150.2031,-249.2118
826.5000,150.2443,-248.7131
827.0000,150.2915,-248.2129
827.5000,150.3447,-247.7026
828.0000,150.4004,-247.2034
828.5000,150.4573,-246.7176
829.0000,150.5179,-246.2135
829.5000,150.5797,-245.7038
830.0000,150.6378,-245.2166
830.5000,150.6936,-244.7289
831.0000,150.7480,-244.2116
831.5000,150.7920,-243.7273
832.0000,150.8272,-243.2273
832.5000,150.8480,-242.7233
833.0000,150.8496,-242.2392
833.5000,150.8269,-241.7321
834.0000,150.7781,-241.2460
834.5000,150.7020,-240.7523
835.0000,150.6110,-240.2797
835.5000,150.4989,-239.7910
836.0000,150.3709,-239.3381
836.5000,150.2169,-238.8644
837.0000,150.0380,-238.3620
837.5000,149.8725,-237.9211
838.0000,149.6900,-237.4499
838.5000,149.4937,-236.9535
839.0000,149.3109,-236.4954
839.5000,149.1250,-236.0308
840.0000,148.9380,-235.5612
840.5000,148.7516,-235.0877
841.0000,148.5644,-234.6033
841.5000,148.3870,-234.1313
842.0000,148.2225,-233.6769
842.5000,148.0526,-233.1814
843.0000,147.8971,-232.6893
843.5000,147.7712,-232.2419
844.0000,147.6521,-231.7313
844.5000,147.5707,-231.2583
845.0000,147.5114,-230.7822
845.5000,147.4555,-230.2859
846.0000,147.4199,-229.8051
846.5000,147.4079,-229.2865
847.0000,147.4160,-228.8171
847.5000,147.4373,-228.3029
848.0000,147.4628,-227.8136
848.5000,147.4879,-227.3246
849.0000,147.5105,-226.7995
849.5000,147.5246,-226.3141
850.0000,147.5306,-225.8253
850.5000,147.5266,-225.3123
851.0000,147.5111,-224.7968
851.5000,147.4858,-224.3158
852.0000,147.4483,-223.8198
852.5000,147.3975,-223.3104
853.0000,147.3341,-222.8004
853.5000,147.2619,-222.3158
854.0000,147.1771,-221.8248
854.5000,147.0794,-221.3294
855.0000,146.9692,-220.8317
855.5000,146.8493,-220.3446
856.0000,146.7191,-219.8622
856.5000,146.5772,-219.3847
857.0000,146.4093,-218.9134
857.5000,146.2074,-218.4700
858.0000,145.9816,-218.0795
858.5000,145.7054,-217.6951
859.0000,145.3732,-217.3177
859.5000,144.9813,-216.9479
860.0000,144.5285,-216.5872
860.5000,144.1775,-216.3423
861.0000,143.7967,-216.1023
861.5000,143.3864,-215.8673
862.0000,142.9475,-215.6378
862.5000,142.4807,-215.4141
863.0000,141.9875,-215.1965
863.5000,141.4691,-214.9854
864.0000,140.9682,-214.7960
864.5000,140.5273,-214.6396
865.0000,140.0739,-214.4878
865.5000,139.6088,-214.3407
866.0000,139.1331,-214.1984
866.5000,138.6480,-214.0612
867.0000,138.1544,-213.9291
867.5000,137.6535,-213.8023
868.0000,137.1466,-213.6809
868.5000,136.6348,-213.5651
869.0000,136.1308,-213.4573
869.5000,135.6312,-213.3565
870.0000,135.1305,-213.2611
870.5000,134.6295,-213.1714
871.0000,134.1296,-213.0873
871.5000,133.6316,-213.0090
872.0000,133.1367,-212.9366
872.5000,132.6458,-212.8700
873.0000,132.1601,-212.8095
873.5000,131.6803,-212.7549
874.0000,131.1617,-212.7020
874.5000,130.6148,-212.6533
875.0000,130.0804,-212.6131
875.5000,129.5596,-212.5814
876.0000,129.0537,-212.5582
876.5000,128.5635,-212.5435
877.0000,128.0900,-212.5372
877.5000,127.6339,-212.5392
878.0000,127.1956,-212.5494
878.5000,126.6098,-212.5774
879.0000,126.0609,-212.6209
879.5000,125.5485,-212.6793
880.0000,125.0716,-212.7520
880.5000,124.6281,-212.8379
881.0000,124.2149,-212.9363
881.5000,123.7139,-213.0816
882.0000,123.2386,-213.2460
882.5000,122.7813,-213.4238
883.0000,122.3294,-213.6118
883.5000,121.8725,-213.8137
884.0000,121.4061,-214.0328
884.5000,120.9546,-214.2587
885.0000,120.5204,-214.4905
885.5000,120.0989,-214.7312
886.0000,119.6512,-215.0070
886.5000,119.2315,-215.2885
887.0000,118.8405,-215.5756
887.5000,118.4585,-215.8853
888.0000,118.0786,-216.2297
888.5000,117.7331,-216.5838
889.0000,117.4171,-216.9518
889.5000,117.1159,-217.3526
890.0000,116.8426,-217.7696
890.5000,116.5931,-218.2034
891.0000,116.3719,-218.6372
891.5000,116.1641,-219.0903
892.0000,115.9665,-219.5637
892.5000,115.7910,-220.0180
893.0000,115.6228,-220.4823
893.5000,115.4581,-220.9633
894.0000,115.3003,-221.4480
894.5000,115.1552,-221.9161
895.0000,115.0141,-222.3950
895.5000,114.8791,-222.8830
896.0000,114.7640,-223.3499
896.5000,114.6742,-223.7894
897.0000,114.5991,-224.2626
897.5000,114.5409,-224.7761
898.0000,114.5009,-225.3346
898.5000,114.4828,-225.8126
899.0000,114.4769,-226.2608
899.5000,114.4804,-226.7334
900.0000,114.4931,-227.2301
900.5000,114.5146,-227.7504
901.0000,114.5446,-228.2933
901.5000,114.5824,-228.8576
902.0000,114.6180,-229.3245
902.5000,114.6573,-229.7974
903.0000,114.7004,-230.2811
903.5000,114.7469,-230.7748
904.0000,114.7963,-231.2774
904.5000,114.8482,-231.7877
905.0000,114.9021,-232.3048
905.5000,114.9575,-232.8273
906.0000,115.0126,-233.3410
906.5000,115.0664,-233.8406
907.0000,115.1202,-234.3419
907.5000,115.1737,-234.8439
908.0000,115.2264,-235.3456
908.5000,115.2779,-235.8458
909.0000,115.3278,-236.3435
909.5000,115.3757,-236.8376
910.0000,115.4211,-237.3273
910.5000,115.4659,-237.8356
911.0000,115.5098,-238.3708
911.5000,115.5492,-238.8966
912.0000,115.5837,-239.4117
912.5000,115.6127,-239.9150
913.0000,115.6360,-240.4055
913.5000,115.6532,-240.8823
914.0000,115.6640,-241.3444
914.5000,115.6682,-241.8419
915.0000,115.6622,-242.4027
915.5000,115.6441,-242.9354
916.0000,115.6139,-243.4394
916.5000,115.5717,-243.9151
917.0000,115.5180,-244.3631
917.5000,115.4472,-244.8200
918.0000,115.3430,-245.3491
918.5000,115.2238,-245.8411
919.0000,115.0937,-246.3053
919.5000,114.9578,-246.7539
920.0000,114.8082,-247.2285
920.5000,114.6471,-247.7073
921.0000,114.4749,-248.1759
921.5000,114.2887,-248.6328
922.0000,114.0801,-249.0896
922.5000,113.8486,-249.5386
923.0000,113.5966,-249.9702
923.5000,113.3239,-250.3828
924.0000,113.0219,-250.7858
924.5000,112.6953,-251.1701
925.0000,112.3486,-251.5297
925.5000,111.9835,-251.8633
926.0000,111.5865,-252.1819
926.5000,111.1738,-252.4709
927.0000,110.7492,-252.7289
927.5000,110.3062,-252.9598
928.0000,109.8389,-253.1648
928.5000,109.3686,-253.3337
929.0000,108.8987,-253.4669
929.5000,108.3960,-253.5711
930.0000,107.8982,-253.6360
930.5000,107.4090,-253.6633
931.0000,106.9063,-253.6542
931.5000,106.4082,-253.6096
932.0000,105.9173,-253.5340
932.5000,105.4292,-253.4320
933.0000,104.9455,-253.3031
933.5000,104.4693,-253.1452
934.0000,104.0053,-252.9584
934.5000,103.5538,-252.7421
935.0000,103.1165,-252.4971
935.5000,102.6965,-252.2260
936.0000,102.2929,-251.9298
936.5000,101.9063,-251.6109
937.0000,101.5371,-251.2719
937.5000,101.1853,-250.9157
938.0000,100.8505,-250.5451
938.5000,100.5286,-250.1582
939.0000,100.2228,-249.7619
939.5000,99.9325,-249.3589
940.0000,99.6498,-248.9409
940.5000,99.3809,-248.5197
941.0000,99.1240,-248.0952
941.5000,98.8742,-247.6611
942.0000,98.6341,-247.2235
942.5000,98.4029,-246.7814
943.0000,98.1801,-246.3341
943.5000,97.9642,-245.8816
944.0000,97.7536,-245.4236
944.5000,97.5480,-244.9631
945.0000,97.3497,-244.5089
945.5000,97.1499,-244.0448
946.0000,96.9521,-243.5828
946.5000,96.7588,-243.1337
947.0000,96.5536,-242.6650
947.5000,96.3504,-242.2146
948.0000,96.1366,-241.7610
948.5000,95.9137,-241.3140
949.0000,95.6804,-240.8763
949.5000,95.4312,-240.4416
950.0000,95.1705,-240.0192
950.5000,94.8947,-239.6020
951.0000,94.6093,-239.1946
951.5000,94.3179,-238.7977
952.0000,94.0025,-238.4026
952.5000,93.6871,-238.0494
953.0000,93.3246,-237.6840
953.5000,92.9612,-237.3478
954.0000,92.5905,-237.0262
954.5000,92.1907,-236.6959
955.0000,91.7983,-236.3831
955.5000,91.4073,-236.0787
956.0000,91.0055,-235.7705
956.5000,90.5998,-235.4617
957.0000,90.1987,-235.1564
957.5000,89.8005,-234.8514
958.0000,89.4093,-234.5480
958.5000,89.0058,-234.2291
959.0000,88.6132,-233.9110
959.5000,88.2386,-233.5982
960.0000,87.8560,-233.2679
960.5000,87.4797,-232.9311
961.0000,87.1226,-232.6018
961.5000,86.7610,-232.2635
962.0000,86.3952,-231.9246
962.5000,86.0263,-231.5863
963.0000,85.6598,-231.2489
963.5000,85.2935,-230.9076
964.0000,84.9291,-230.5632
964.5000,84.5678,-230.2173
965.0000,84.2078,-229.8701
965.5000,83.8462,-229.5217
966.0000,83.4833,-229.1760
966.5000,83.1195,-228.8374
967.0000,82.7434,-228.5002
967.5000,82.3629,-228.1766
968.0000,81.9734,-227.8670
968.5000,81.5670,-227.5697
969.0000,81.1533,-227.2952
969.5000,80.7234,-227.0390
970.0000,80.2825,-226.8038
970.5000,79.8338,-226.5879
971.0000,79.3789,-226.3853
971.5000,78.9170,-226.1903
972.0000,78.4635,-226.0186
972.5000,77.9886,-225.8664
973.0000,77.4917,-225.7362
973.5000,77.0205,-225.6360
974.0000,76.5241,-225.5500
974.5000,76.0113,-225.4769
975.0000,75.5249,-225.4181
975.5000,75.0266,-225.3645
976.0000,74.5206,-225.3136
976.5000,74.0175,-225.2631
977.0000,73.5173,-225.2097
977.5000,73.0221,-225.1506
978.0000,72.5240,-225.0815
978.5000,72.0193,-224.9978
979.0000,71.5323,-224.9000
979.5000,71.0568,-224.7841
980.0000,70.5639,-224.6385
980.5000,70.0971,-224.4731
981.0000,69.6445,-224.2863
981.5000,69.1898,-224.0764
982.0000,68.7422,-223.8590
982.5000,68.2978,-223.6363
983.0000,67.8577,-223.4015
983.5000,67.4223,-223.1488
984.0000,67.0041,-222.8835
984.5000,66.5930,-222.5990
985.0000,66.1885,-222.2962
985.5000,65.8020,-221.9869
986.0000,65.4189,-221.6638
986.5000,65.0398,-221.3314
987.0000,64.6690,-220.9984
987.5000,64.2979,-220.6620
988.0000,63.9253,-220.3259
988.5000,63.5497,-219.9933
989.0000,63.1703,-219.6678
989.5000,62.7845,-219.3509
990.0000,62.3877,-219.0421
990.5000,61.9848,-218.7473
991.0000,61.5737,-218.4657
991.5000,61.1517,-218.1950
992.0000,60.7249,-217.9365
992.5000,60.3008,-217.6922
993.0000,59.8714,-217.4640
993.5000,59.4135,-217.2463
994.0000,58.9499,-217.0524
994.5000,58.5001,-216.8869
995.0000,58.0210,-216.7320
995.5000,57.5136,-216.5884
996.0000,57.0405,-216.4708
996.5000,56.5594,-216.3652
997.0000,56.0628,-216.2694
997.5000,55.5537,-216.1837
998.0000,55.0566,-216.1112
998.5000,54.5598,-216.0491
999.0000,54.0604,-215.9965
999.5000,53.5613,-215.9536
1000.0000,53.0548,-215.9196
1000.5000,52.5435,-215.8951
1001.0000,52.0414,-215.8809
1001.5000,51.5509,-215.8767
1002.0000,51.0520,-215.8826
1002.5000,50.5341,-215.9003
1003.0000,50.0360,-215.9290
1003.5000,49.5572,-215.9677
1004.0000,49.0583,-216.0199
1004.5000,48.5611,-216.0831
1005.0000,48.0735,-216.1540
1005.5000,47.5727,-216.2325
1006.0000,47.0613,-216.3155
1006.5000,46.5740,-216.3964
1007.0000,46.0765,-216.4802
1007.5000,45.5582,-216.5683
1008.0000,45.1173,-216.6439
1008.5000,44.5953,-216.7348
1009.0000,44.1385,-216.8180
1009.5000,43.6451,-216.9148
1010.0000,43.2067,-217.0054
1010.5000,42.6655,-217.1193
1011.0000,42.2404,-217.2091
1011.5000,41.7542,-217.3112
1012.0000,41.2025,-217.4259
1012.5000,40.7460,-217.5198
1013.0000,40.2698,-217.6165
1013.5000,39.7673,-217.7170
1014.0000,39.2447,-217.8196
1014.5000,38.7640,-217.9119
1015.0000,38.2927,-218.0003
1015.5000,37.8081,-218.0899
1016.0000,37.3050,-218.1818
1016.5000,36.7791,-218.2773
1017.0000,36.3298,-218.3584
1017.5000,35.8672,-218.4417
1018.0000,35.3855,-218.5281
1018.5000,34.8844,-218.6176
1019.0000,34.3635,-218.7103
1019.5000,33.8241,-218.8058
1020.0000,33.3669,-218.8863
1020.5000,32.8972,-218.9684
1021.0000,32.4156,-219.0520
1021.5000,31.9226,-219.1368
1022.0000,31.4189,-219.2227
1022.5000,30.9053,-219.3093
1023.0000,30.3825,-219.3963
1023.5000,29.8923,-219.4769
1024.0000,29.4089,-219.5552
1024.5000,28.9202,-219.6332
1025.0000,28.4270,-219.7106
1025.5000,27.9301,-219.7872
1026.0000,27.4301,-219.8627
1026.5000,26.9278,-219.9369
1027.0000,26.4241,-220.0096
1027.5000,25.9212,-220.0804
1028.0000,25.4190,-220.1490
1028.5000,24.9176,-220.2155
1029.0000,24.4178,-220.2795
1029.5000,23.9201,-220.3410
1030.0000,23.4254,-220.3997
1030.5000,22.9341,-220.4554
1031.0000,22.4470,-220.5081
1031.5000,21.9398,-220.5600
1032.0000,21.4221,-220.6096
1032.5000,20.9110,-220.6553
1033.0000,20.4071,-220.6967
1033.5000,19.9108,-220.7340
1034.0000,19.4222,-220.7671
1034.5000,18.9416,-220.7959
1035.0000,18.4605,-220.8211
1035.5000,17.9375,-220.8442
1036.0000,17.4243,-220.8624
1036.5000,16.9204,-220.8761
1037.0000,16.4250,-220.8857
1037.5000,15.9371,-220.8918
1038.0000,15.4553,-220.8948
1038.5000,14.9652,-220.8955
1039.0000,14.4666,-220.8947
1039.5000,13.9686,-220.8929
1040.0000,13.4701,-220.8899
1040.5000,12.9703,-220.8851
1041.0000,12.4686,-220.8781
1041.5000,11.9677,-220.8686
1042.0000,11.4750,-220.8565
1042.5000,10.9796,-220.8414
1043.0000,10.4812,-220.8230
1043.5000,9.9801,-220.8011
1044.0000,9.4764,-220.7757
1044.5000,8.9702,-220.7464
1045.0000,8.4715,-220.7140
1045.5000,7.9744,-220.6780
1046.0000,7.4760,-220.6383
1046.5000,6.9770,-220.5948
1047.0000,6.4778,-220.5476
1047.5000,5.9791,-220.4966
1048.0000,5.4804,-220.4418
1048.5000,4.9756,-220.3825
1049.0000,4.4734,-220.3195
1049.5000,3.9743,-220.2530
1050.0000,3.4792,-220.1830
1050.5000,2.9888,-220.1098
1051.0000,2.5038,-220.0335
1051.5000,2.0022,-219.9503
1052.0000,1.4921,-219.8611
1052.5000,0.9910,-219.7689
1053.0000,0.4996,-219.6738
1053.5000,0.0187,-219.5761
1054.0000,-0.4510,-219.4760
1054.5000,-0.9471,-219.3649
1055.0000,-1.4584,-219.2444
1055.5000,-1.9529,-219.1216
1056.0000,-2.4300,-218.9969
1056.5000,-2.8898,-218.8705
1057.0000,-3.3589,-218.7347
1057.5000,-3.8633,-218.5805
1058.0000,-4.3448,-218.4250
1058.5000,-4.8054,-218.2682
1059.0000,-5.2477,-218.1104
1059.5000,-5.7286,-217.9311
1060.0000,-6.2002,-217.7487
1060.5000,-6.6602,-217.5657
1061.0000,-7.1105,-217.3823
1061.5000,-7.5964,-217.1802
1062.0000,-8.0602,-216.9838
1062.5000,-8.5010,-216.7944
1063.0000,-8.9711,-216.5905
1063.5000,-9.4370,-216.3870
1064.0000,-9.8724,-216.1970
1064.5000,-10.3451,-215.9923
1065.0000,-10.7999,-215.7991
1065.5000,-11.2548,-215.6119
1066.0000,-11.7207,-215.4289
1066.5000,-12.1821,-215.2584
1067.0000,-12.6543,-215.0956
1067.5000,-13.1286,-214.9434
1068.0000,-13.6079,-214.7999
1068.5000,-14.0944,-214.6635
1069.0000,-14.5778,-214.5370
1069.5000,-15.0583,-214.4247
1070.0000,-15.5493,-214.3299
1070.5000,-16.0396,-214.2583
1071.0000,-16.5405,-214.2095
1071.5000,-17.0382,-214.1849
1072.0000,-17.5408,-214.1837
1072.5000,-18.0422,-214.2064
1073.0000,-18.5410,-214.2534
1073.5000,-19.0386,-214.3261
1074.0000,-19.5295,-214.4257
1074.5000,-20.0131,-214.5541
1075.0000,-20.4883,-214.7138
1075.5000,-20.9478,-214.9039
1076.0000,-21.3958,-215.1260
1076.5000,-21.8297,-215.3766
1077.0000,-22.2479,-215.6531
1077.5000,-22.6472,-215.9538
1078.0000,-23.0270,-216.2799
1078.5000,-23.3821,-216.6299
1079.0000,-23.7118,-217.0055
1079.5000,-24.0106,-217.4031
1080.0000,-24.2802,-217.8252
1080.5000,-24.5152,-218.2616
1081.0000,-24.7222,-218.7203
1081.5000,-24.8960,-219.1836
1082.0000,-25.0445,-219.6644
1082.5000,-25.1650,-220.1477
1083.0000,-25.2608,-220.6383
1083.5000,-25.3325,-221.1368
1084.0000,-25.3789,-221.6287
1084.5000,-25.4023,-222.1375
1085.0000,-25.4019,-222.6279
1085.5000,-25.3790,-223.1281
1086.0000,-25.3334,-223.6334
1086.5000,-25.2695,-224.1181
1087.0000,-25.1841,-224.6151
1087.5000,-25.0802,-225.1098
1088.0000,-24.9636,-225.5851
1088.5000,-24.8285,-226.0703
1089.0000,-24.6774,-226.5584
1089.5000,-24.5211,-227.0208
1090.0000,-24.3504,-227.4903
1090.5000,-24.1661,-227.9665
1091.0000,-23.9782,-228.4268
1091.5000,-23.7838,-228.8830
1092.0000,-23.5804,-229.3432
1092.5000,-23.3697,-229.8064
1093.0000,-23.1600,-230.2572
1093.5000,-22.9464,-230.7096
1094.0000,-22.7307,-231.1624
1094.5000,-22.5167,-231.6118
1095.0000,-22.3100,-232.0531
1095.5000,-22.1068,-232.5047
1096.0000,-21.9085,-232.9715
1096.5000,-21.7221,-233.4424
1097.0000,-21.5567,-233.8944
1097.5000,-21.3989,-234.3635
1098.0000,-21.2497,-234.8496
1098.5000,-21.1102,-235.3517
1099.0000,-20.9908,-235.8289
1099.5000,-20.8824,-236.3121
1100.0000,-20.7845,-236.8044
1100.5000,-20.6979,-237.3037
1101.0000,-20.6231,-237.8073
1101.5000,-20.5610,-238.3105
1102.0000,-20.5117,-238.8135
1102.5000,-20.4757,-239.3137
1103.0000,-20.4533,-239.8087
1103.5000,-20.4450,-240.3085
1104.0000,-20.4529,-240.8323
1104.5000,-20.4783,-241.3407
1105.0000,-20.5215,-241.8310
1105.5000,-20.5824,-242.3008
1106.0000,-20.6762,-242.8227
1106.5000,-20.7966,-243.3218
1107.0000,-20.9410,-243.7854
1107.5000,-21.1152,-244.2294
1108.0000,-21.3426,-244.6935
1108.5000,-21.5972,-245.1176
1109.0000,-21.8765,-245.5144
1109.5000,-22.1877,-245.9076
1110.0000,-22.5214,-246.2806
1110.5000,-22.8793,-246.6291
1111.0000,-23.2612,-246.9492
1111.5000,-23.6688,-247.2402
1112.0000,-24.0989,-247.4990
1112.5000,-24.5392,-247.7207
1113.0000,-25.0022,-247.9139
1113.5000,-25.4834,-248.0783
1114.0000,-25.9548,-248.2087
1114.5000,-26.4429,-248.3167
1115.0000,-26.9463,-248.4035
1115.5000,-27.4359,-248.4674
1116.0000,-27.9299,-248.5144
1116.5000,-28.4340,-248.5467
1117.0000,-28.9398,-248.5653
1117.5000,-29.4330,-248.5720
1118.0000,-29.9327,-248.5686
1118.5000,-30.4383,-248.5561
1119.0000,-30.9382,-248.5358
1119.5000,-31.4331,-248.5086
1120.0000,-31.9324,-248.4745
1120.5000,-32.4361,-248.4339
1121.0000,-32.9276,-248.3882
1121.5000,-33.4146,-248.3372
1122.0000,-33.9099,-248.2794
1122.5000,-34.4170,-248.2143
1123.0000,-34.9077,-248.1460
1123.5000,-35.3855,-248.0748
1124.0000,-35.8760,-247.9972
1124.5000,-36.3793,-247.9130
1125.0000,-36.8946,-247.8224
1125.5000,-37.3732,-247.7343
1126.0000,-37.8573,-247.6415
1126.5000,-38.3484,-247.5436
1127.0000,-38.8451,-247.4408
1127.5000,-39.3460,-247.3331
1128.0000,-39.8363,-247.2238
1128.5000,-40.3255,-247.1106
1129.0000,-40.8137,-246.9935
1129.5000,-41.2993,-246.8725
1130.0000,-41.7807,-246.7479
1130.5000,-42.2738,-246.6150
1131.0000,-42.7686,-246.4759
1131.5000,-43.2530,-246.3333
1132.0000,-43.7254,-246.1877
1132.5000,-44.1842,-246.0393
1133.0000,-44.6736,-245.8721
1133.5000,-45.1621,-245.6950
1134.0000,-45.6280,-245.5150
1134.5000,-46.0707,-245.3322
1135.0000,-46.5221,-245.1322
1135.5000,-46.9917,-244.9073
1136.0000,-47.4318,-244.6791
1136.5000,-47.8465,-244.4473
1137.0000,-48.2768,-244.1906
1137.5000,-48.7020,-243.9237
1138.0000,-49.1154,-243.6513
1138.5000,-49.5284,-243.3638
1139.0000,-49.9346,-243.0631
1139.5000,-50.3222,-242.7564
1140.0000,-50.7045,-242.4318
1140.5000,-51.0776,-242.0902
1141.0000,-51.4270,-241.7440
1141.5000,-51.7708,-241.3743
1142.0000,-52.0967,-240.9923
1142.5000,-52.3981,-240.6069
1143.0000,-52.6948,-240.1915
1143.5000,-52.9646,-239.7771
1144.0000,-53.2205,-239.3451
1144.5000,-53.4571,-238.9050
1145.0000,-53.6743,-238.4585
1145.5000,-53.8752,-237.9991
1146.0000,-54.0546,-237.5374
1146.5000,-54.2146,-237.0649
1147.0000,-54.3530,-236.5850
1147.5000,-54.4703,-236.1039
1148.0000,-54.5725,-235.6075
1148.5000,-54.6580,-235.1190
1149.0000,-54.7329,-234.6217
1149.5000,-54.7981,-234.1220
1150.0000,-54.8549,-233.6248
1150.5000,-54.9058,-233.1223
1151.0000,-54.9513,-232.6218
1151.5000,-54.9928,-232.1235
1152.0000,-55.0324,-231.6209
1152.5000,-55.0716,-231.1230
1153.0000,-55.1141,-230.6337
1153.5000,-55.1679,-230.1357
1154.0000,-55.2368,-229.6407
1154.5000,-55.3147,-229.1514
1155.0000,-55.4024,-228.6601
1155.5000,-55.5046,-228.1754
1156.0000,-55.6286,-227.6996
1156.5000,-55.7808,-227.2208
1157.0000,-55.9558,-226.7532
1157.5000,-56.1508,-226.2957
1158.0000,-56.3694,-225.8364
1158.5000,-56.6041,-225.3917
1159.0000,-56.8582,-224.9586
1159.5000,-57.1309,-224.5528
1160.0000,-57.4444,-224.1578
1160.5000,-57.7804,-223.7980
1161.0000,-58.1470,-223.4589
1161.5000,-58.5454,-223.1362
1162.0000,-58.9451,-222.8495
1162.5000,-59.3725,-222.5761
1163.0000,-59.8124,-222.3257
1163.5000,-60.2604,-222.0999
1164.0000,-60.7183,-221.8978
1164.5000,-61.1951,-221.7180
1165.0000,-61.6750,-221.5689
1165.5000,-62.1523,-221.4540
1166.0000,-62.6601,-221.3704
1166.5000,-63.1510,-221.3300
1167.0000,-63.6510,-221.3311
1167.5000,-64.1479,-221.3722
1168.0000,-64.6374,-221.4445
1168.5000,-65.1252,-221.5524
1169.0000,-65.6021,-221.7027
1169.5000,-66.0605,-221.8960
1170.0000,-66.5059,-222.1346
1170.5000,-66.9223,-222.4071
1171.0000,-67.3193,-222.7151
1171.5000,-67.6933,-223.0528
1172.0000,-68.0410,-223.4138
1172.5000,-68.3648,-223.7977
1173.0000,-68.6643,-224.2038
1173.5000,-68.9312,-224.6196
1174.0000,-69.1761,-225.0640
1174.5000,-69.3834,-225.5091
1175.0000,-69.5645,-225.9750
1175.5000,-69.7168,-226.4408
1176.0000,-69.8394,-226.8855
1176.5000,-69.9544,-227.4124
1177.0000,-70.0324,-227.8547
1177.5000,-70.1044,-228.3346
1178.0000,-70.1745,-228.8713
1178.5000,-70.2336,-229.3765
1179.0000,-70.2846,-229.8497
1179.5000,-70.3349,-230.3472
1180.0000,-70.3846,-230.8653
1180.5000,-70.4331,-231.3912
1181.0000,-70.4775,-231.8866
1181.5000,-70.5216,-232.3871
1182.0000,-70.5654,-232.8889
1182.5000,-70.6090,-233.3878
1183.0000,-70.6538,-233.8951
1183.5000,-70.7013,-234.4222
1184.0000,-70.7487,-234.9313
1184.5000,-70.7962,-235.4181
1185.0000,-70.8437,-235.8786
1185.5000,-70.9058,-236.4339
1186.0000,-70.9699,-236.9452
1186.5000,-71.0348,-237.3961
1187.0000,-71.1228,-237.9037
1187.5000,-71.2291,-238.3822
1188.0000,-71.3553,-238.8320
1188.5000,-71.5073,-239.3054
1189.0000,-71.6766,-239.7768
1189.5000,-71.8632,-240.2358
1190.0000,-72.0762,-240.6868
1190.5000,-72.3178,-241.1179
1191.0000,-72.5995,-241.5391
1191.5000,-72.9015,-241.9216
1192.0000,-73.2472,-242.2981
1192.5000,-73.6012,-242.6349
1193.0000,-73.9950,-242.9658
1193.5000,-74.3900,-243.2606
1194.0000,-74.8119,-243.5403
1194.5000,-75.2426,-243.7910
1195.0000,-75.6904,-244.0085
1195.5000,-76.1507,-244.1752
1196.0000,-76.6206,-244.2903
1196.5000,-77.1399,-244.3643
1197.0000,-77.6256,-244.3925
1197.5000,-78.1154,-244.3877
1198.0000,-78.6319,-244.3515
1198.5000,-79.1410,-244.2878
1199.0000,-79.6236,-244.2036
1199.5000,-80.1143,-244.0949
1200.0000,-80.6088,-243.9620
1200.5000,-81.0920,-243.8089
1201.0000,-81.5637,-243.6360
1201.5000,-82.0267,-243.4420
1202.0000,-82.4773,-243.2275
1202.5000,-82.9236,-242.9870
1203.0000,-83.3562,-242.7234
1203.5000,-83.7672,-242.4405
1204.0000,-84.1553,-242.1397
1204.5000,-84.5351,-241.8085
1205.0000,-84.8936,-241.4585
1205.5000,-85.2313,-241.0930
1206.0000,-85.5521,-240.7149
1206.5000,-85.8605,-240.3292
1207.0000,-86.1679,-239.9331
1207.5000,-86.4736,-239.5307
1208.0000,-86.7771,-239.1210
1208.5000,-87.0736,-238.7083
1209.0000,-87.3573,-238.2987
1209.5000,-87.6262,-237.8933
1210.0000,-87.8995,-237.4586
1210.5000,-88.1541,-237.0267
1211.0000,-88.3896,-236.5965
1211.5000,-88.6123,-236.1545
1212.0000,-88.8204,-235.7022
1212.5000,-89.0134,-235.2410
1213.0000,-89.1891,-234.7808
1213.5000,-89.3506,-234.3213
1214.0000,-89.5070,-233.8433
1214.5000,-89.6600,-233.3480
1215.0000,-89.7947,-232.8944
1215.5000,-89.9315,-232.4219
1216.0000,-90.0721,-231.9301
1216.5000,-90.2152,-231.4289
1217.0000,-90.3475,-230.9682
1217.5000,-90.4853,-230.4944
1218.0000,-90.6291,-230.0089
1218.5000,-90.7789,-229.5137
1219.0000,-90.9283,-229.0324
1219.5000,-91.0796,-228.5580
1220.0000,-91.2356,-228.0831
1220.5000,-91.3963,-227.6095
1221.0000,-91.5640,-227.1331
1221.5000,-91.7281,-226.6852
1222.0000,-91.9001,-226.2342
1222.5000,-92.0831,-225.7736
1223.0000,-92.2781,-225.3025
1223.5000,-92.4862,-224.8205
1224.0000,-92.6880,-224.3712
1224.5000,-92.8915,-223.9349
1225.0000,-93.1060,-223.4915
1225.5000,-93.3317,-223.0419
1226.0000,-93.5687,-222.5871
1226.5000,-93.8169,-222.1284
1227.0000,-94.0627,-221.6910
1227.5000,-94.3119,-221.2637
1228.0000,-94.5703,-220.8369
1228.5000,-94.8378,-220.4119
1229.0000,-95.1141,-219.9902
1229.5000,-95.3989,-219.5732
1230.0000,-95.6930,-219.1610
1230.5000,-95.9992,-218.7510
1231.0000,-96.3131,-218.3506
1231.5000,-96.6342,-217.9613
1232.0000,-96.9622,-217.5847
1232.5000,-97.2967,-217.2222
1233.0000,-97.6370,-216.8750
1233.5000,-98.0139,-216.5160
1234.0000,-98.4026,-216.1732
1234.5000,-98.7967,-215.8537
1235.0000,-99.1957,-215.5585
1235.5000,-99.5989,-215.2887
1236.0000,-100.0102,-215.0422
1236.5000,-100.4713,-214.7995
1237.0000,-100.9357,-214.5896
1237.5000,-101.4028,-214.4120
1238.0000,-101.8721,-214.2651
1238.5000,-102.3431,-214.1470
1239.0000,-102.8357,-214.0514
1239.5000,-103.3305,-213.9798
1240.0000,-103.8266,-213.9272
1240.5000,-104.3246,-213.8880
1241.0000,-104.8247,-213.8623
1241.5000,-105.3062,-213.8531
1242.0000,-105.7953,-213.8612
1242.5000,-106.2934,-213.8887
1243.0000,-106.8012,-213.9369
1243.5000,-107.3190,-214.0072
1244.0000,-107.7919,-214.0896
1244.5000,-108.2657,-214.1891
1245.0000,-108.7466,-214.3068
1245.5000,-109.2340,-214.4427
1246.0000,-109.7271,-214.5967
1246.5000,-110.2234,-214.7677
1247.0000,-110.6776,-214.9379
1247.5000,-111.1339,-215.1218
1248.0000,-111.5915,-215.3187
1248.5000,-112.0493,-215.5281
1249.0000,-112.5065,-215.7494
1249.5000,-112.9619,-215.9818
1250.0000,-113.4086,-216.2213
1250.5000,-113.8471,-216.4677
1251.0000,-114.2809,-216.7226
1251.5000,-114.7093,-216.9852
1252.0000,-115.1312,-217.2547
1252.5000,-115.5457,-217.5305
1253.0000,-115.9521,-217.8117
1253.5000,-116.3723,-218.1143
1254.0000,-116.7830,-218.4224
1254.5000,-117.1822,-218.7341
1255.0000,-117.5691,-219.0487
1255.5000,-117.9434,-219.3656
1256.0000,-118.3047,-219.6841
1256.5000,-118.6817,-220.0306
1257.0000,-119.0545,-220.3888
1257.5000,-119.4112,-220.7473
1258.0000,-119.7524,-221.1058
1258.5000,-120.0792,-221.4643
1259.0000,-120.3960,-221.8264
1259.5000,-120.7208,-222.2127
1260.0000,-121.0352,-222.6002
1260.5000,-121.3425,-222.9901
1261.0000,-121.6465,-223.3839
1261.5000,-121.9507,-223.7825
1262.0000,-122.2621,-224.1942
1262.5000,-122.5695,-224.6039
1263.0000,-122.8705,-225.0079
1263.5000,-123.1634,-225.4034
1264.0000,-123.4470,-225.7883
1264.5000,-123.7616,-226.2170
1265.0000,-124.0663,-226.6330
1265.5000,-124.3581,-227.0312
1266.0000,-124.6383,-227.4120
1266.5000,-124.9358,-227.8128
1267.0000,-125.2417,-228.2191
1267.5000,-125.5424,-228.6101
1268.0000,-125.8429,-228.9903
1268.5000,-126.1485,-229.3649
1269.0000,-126.4649,-229.7393
1269.5000,-126.7979,-230.1193
1270.0000,-127.1396,-230.4958
1270.5000,-127.4535,-230.8313
1271.0000,-127.7886,-231.1803
1271.5000,-128.1471,-231.5450
1272.0000,-128.5311,-231.9271
1272.5000,-128.8724,-232.2608
1273.0000,-129.2093,-232.5852
1273.5000,-129.5632,-232.9215
1274.0000,-129.9343,-233.2695
1274.5000,-130.3221,-233.6288
1275.0000,-130.7230,-233.9954
1275.5000,-131.0758,-234.3143
1276.0000,-131.4387,-234.6388
1276.5000,-131.8110,-234.9677
1277.0000,-132.1914,-235.2997
1277.5000,-132.5787,-235.6331
1278.0000,-132.9715,-235.9662
1278.5000,-133.3571,-236.2880
1279.0000,-133.7205,-236.5858
1279.5000,-134.0914,-236.8840
1280.0000,-134.4721,-237.1840
1280.5000,-134.8648,-237.4869
1281.0000,-135.2713,-237.7936
1281.5000,-135.6931,-238.1051
1282.0000,-136.1315,-238.4218
1282.5000,-136.5131,-238.6920
1283.0000,-136.8899,-238.9542
1283.5000,-137.2789,-239.2203
1284.0000,-137.6802,-239.4902
1284.5000,-138.0938,-239.7638
1285.0000,-138.5199,-240.0411
1285.5000,-138.9584,-240.3219
1286.0000,-139.4091,-240.6059
1286.5000,-139.8720,-240.8928
1287.0000,-140.3068,-241.1582
1287.5000,-140.7105,-241.4013
1288.0000,-141.1221,-241.6456
1288.5000,-141.5411,-241.8912
1289.0000,-141.9675,-242.1375
1289.5000,-142.4008,-242.3844
1290.0000,-142.8407,-242.6316
1290.5000,-143.2870,-242.8788
1291.0000,-143.7392,-243.1256
1291.5000,-144.1969,-243.3718
1292.0000,-144.6598,-243.6169
1292.5000,-145.1174,-243.8555
1293.0000,-145.5584,-244.0819
1293.5000,-146.0028,-244.3065
1294.0000,-146.4503,-244.5291
1294.5000,-146.9006,-244.7494
1295.0000,-147.3531,-244.9670
1295.5000,-147.8077,-245.1816
1296.0000,-148.2638,-245.3931
1296.5000,-148.7212,-245.6010
1297.0000,-149.1794,-245.8052
1297.5000,-149.6381,-246.0052
1298.0000,-150.0969,-246.2009
1298.5000,-150.5649,-246.3959
1299.0000,-151.0481,-246.5921
1299.5000,-151.5300,-246.7826
1300.0000,-152.0104,-246.9670
1300.5000,-152.4889,-247.1451
1301.0000,-152.9650,-247.3165
1301.5000,-153.4384,-247.4811
1302.0000,-153.9086,-247.6386
1302.5000,-154.3755,-247.7888
1303.0000,-154.8386,-247.9315
1303.5000,-155.2976,-248.0665
1304.0000,-155.7559,-248.1945
1304.5000,-156.2790,-248.3322
1305.0000,-156.7955,-248.4589
1305.5000,-157.3051,-248.5743
1306.0000,-157.8074,-248.6785
1306.5000,-158.3023,-248.7713
1307.0000,-158.7895,-248.8528
1307.5000,-159.2691,-248.9229
1308.0000,-159.7410,-248.9820
1308.5000,-160.2052,-249.0300
1309.0000,-160.6869,-249.0690
1309.5000,-161.2138,-249.0987
1310.0000,-161.7309,-249.1146
1310.5000,-162.2389,-249.1175
1311.0000,-162.7385,-249.1081
1311.5000,-163.2306,-249.0875
1312.0000,-163.7165,-249.0569
1312.5000,-164.1973,-249.0176
1313.0000,-164.6753,-248.9711
1313.5000,-165.1704,-248.9168
1314.0000,-165.6646,-248.8568
1314.5000,-166.1583,-248.7895
1315.0000,-166.6514,-248.7132
1315.5000,-167.1439,-248.6264
1316.0000,-167.6359,-248.5281
1316.5000,-168.1272,-248.4170
1317.0000,-168.6162,-248.2928
1317.5000,-169.0854,-248.1600
1318.0000,-169.5538,-248.0136
1318.5000,-170.0213,-247.8531
1319.0000,-170.4876,-247.6782
1319.5000,-170.9526,-247.4888
1320.0000,-171.4162,-247.2848
1320.5000,-171.8781,-247.0663
1321.0000,-172.3382,-246.8333
1321.5000,-172.7718,-246.5997
1322.0000,-173.1964,-246.3578
1322.5000,-173.6189,-246.1040
1323.0000,-174.0390,-245.8388
1323.5000,-174.4567,-245.5626
1324.0000,-174.8716,-245.2759
1324.5000,-175.2835,-244.9791
1325.0000,-175.6924,-244.6727
1325.5000,-176.0979,-244.3574
1326.0000,-176.4869,-244.0443
1326.5000,-176.8704,-243.7258
1327.0000,-177.2503,-243.4006
1327.5000,-177.6264,-243.0693
1328.0000,-177.9985,-242.7327
1328.5000,-178.3665,-242.3913
1329.0000,-178.7303,-242.0457
1329.5000,-179.0896,-241.6966
1330.0000,-179.4443,-241.3446
1330.5000,-179.8018,-240.9827
1331.0000,-180.1592,-240.6138
1331.5000,-180.5113,-240.2438
1332.0000,-180.8579,-239.8734
1332.5000,-181.1989,-239.5033
1333.0000,-181.5342,-239.1339
1333.5000,-181.8638,-238.7660
1334.0000,-182.1875,-238.4001
1334.5000,-182.5053,-238.0368
1335.0000,-182.8416,-237.6482
1335.5000,-183.1836,-237.2488
1336.0000,-183.5181,-236.8543
1336.5000,-183.8452,-236.4654
1337.0000,-184.1649,-236.0823
1337.5000,-184.4772,-235.7053
1338.0000,-184.7824,-235.3348
1338.5000,-185.0807,-234.9707
1339.0000,-185.4030,-234.5752
1339.5000,-185.7318,-234.1693
1340.0000,-186.0523,-233.7716
1340.5000,-186.3652,-233.3811
1341.0000,-186.6709,-232.9971
1341.5000,-186.9702,-232.6182
1342.0000,-187.2639,-232.2429
1342.5000,-187.5705,-231.8467
1343.0000,-187.8775,-231.4439
1343.5000,-188.1807,-231.0400
1344.0000,-188.4793,-230.6364
1344.5000,-188.7728,-230.2348
1345.0000,-189.0607,-229.8366
1345.5000,-189.3541,-229.4269
1346.0000,-189.6573,-228.9997
1346.5000,-189.9525,-228.5807
1347.0000,-190.2398,-228.1706
1347.5000,-190.5190,-227.7703
1348.0000,-190.7905,-227.3801
1348.5000,-191.0808,-226.9622
1349.0000,-191.3786,-226.5337
1349.5000,-191.6675,-226.1194
1350.0000,-191.9482,-225.7188
1350.5000,-192.2218,-225.3313
1351.0000,-192.5138,-224.9220
1351.5000,-192.8131,-224.5080
1352.0000,-193.1083,-224.1065
1352.5000,-193.4011,-223.7157
1353.0000,-193.6975,-223.3283
1353.5000,-194.0049,-222.9356
1354.0000,-194.3162,-222.5473
1354.5000,-194.6334,-222.1611
1355.0000,-194.9559,-221.7777
1355.5000,-195.2721,-221.4101
1356.0000,-195.5979,-221.0392
1356.5000,-195.9341,-220.6640
1357.0000,-196.2813,-220.2837
1357.5000,-196.6167,-219.9229
1358.0000,-196.9537,-219.5660
1358.5000,-197.2997,-219.2054
1359.0000,-197.6541,-218.8418
1359.5000,-198.0158,-218.4769
1360.0000,-198.3719,-218.1238
1360.5000,-198.7313,-217.7739
1361.0000,-199.0931,-217.4283
1361.5000,-199.4567,-217.0861
1362.0000,-199.8217,-216.7466
1362.5000,-200.1890,-216.4082
1363.0000,-200.5575,-216.0712
1363.5000,-200.9275,-215.7355
1364.0000,-201.2992,-215.4006
1364.5000,-201.6730,-215.0666
1365.0000,-202.0439,-214.7384
1365.5000,-202.4180,-214.4110
1366.0000,-202.7962,-214.0846
1366.5000,-203.1792,-213.7594
1367.0000,-203.5677,-213.4358
1367.5000,-203.9484,-213.1256
1368.0000,-204.3357,-212.8178
1368.5000,-204.7305,-212.5125
1369.0000,-205.1335,-212.2102
1369.5000,-205.5457,-211.9114
1370.0000,-205.9492,-211.6291
1370.5000,-206.3564,-211.3547
1371.0000,-206.7733,-211.0845
1371.5000,-207.2003,-210.8190
1372.0000,-207.6380,-210.5586
1372.5000,-208.0794,-210.3074
1373.0000,-208.5067,-210.0749
1373.5000,-208.9437,-209.8477
1374.0000,-209.3903,-209.6259
1374.5000,-209.8465,-209.4096
1375.0000,-210.3122,-209.1991
1375.5000,-210.7788,-208.9980
1376.0000,-211.2317,-208.8114
1376.5000,-211.6920,-208.6301
1377.0000,-212.1592,-208.4540
1377.5000,-212.6326,-208.2831
1378.0000,-213.1116,-208.1172
1378.5000,-213.5954,-207.9562
1379.0000,-214.0687,-207.8045
1379.5000,-214.5436,-207.6573
1380.0000,-215.0202,-207.5140
1380.5000,-215.4977,-207.3745
1381.0000,-215.9788,-207.2396
1381.5000,-216.4673,-207.1107
1382.0000,-216.9452,-206.9940
1382.5000,-217.4006,-206.8923
1383.0000,-217.8682,-206.7977
1383.5000,-218.3491,-206.7109
1384.0000,-218.8442,-206.6323
1384.5000,-219.3543,-206.5623
1385.0000,-219.8796,-206.5014
1385.5000,-220.4172,-206.4498
1386.0000,-220.8810,-206.4137
1386.5000,-221.3553,-206.3842
1387.0000,-221.8396,-206.3613
1387.5000,-222.3336,-206.3452
1388.0000,-222.8366,-206.3357
1388.5000,-223.3481,-206.3329
1389.0000,-223.8674,-206.3366
1389.5000,-224.3937,-206.3467
1390.0000,-224.9148,-206.3628
1390.5000,-225.4061,-206.3832
1391.0000,-225.9011,-206.4087
1391.5000,-226.3991,-206.4392
1392.0000,-226.8993,-206.4744
1392.5000,-227.4008,-206.5143
1393.0000,-227.9029,-206.5588
1393.5000,-228.4046,-206.6075
1394.0000,-228.9052,-206.6604
1394.5000,-229.4038,-206.7173
1395.0000,-229.9169,-206.7803
1395.5000,-230.4359,-206.8484
1396.0000,-230.9496,-206.9203
1396.5000,-231.4571,-206.9957
1397.0000,-231.9573,-207.0745
1397.5000,-232.4493,-207.1564
1398.0000,-232.9322,-207.2411
1398.5000,-233.4050,-207.3285
1399.0000,-233.8668,-207.4182
1399.5000,-234.3764,-207.5227
1400.0000,-234.9203,-207.6409
1400.5000,-235.4431,-207.7618
1401.0000,-235.9436,-207.8850
1401.5000,-236.4206,-208.0100
1402.0000,-236.8734,-208.1367
1402.5000,-237.3014,-208.2646
1403.0000,-237.7544,-208.4104
1403.5000,-238.3037,-208.6048
1404.0000,-238.7970,-208.8005
1404.5000,-239.2363,-208.9974
1405.0000,-239.6254,-209.1954
1405.5000,-240.0266,-209.4308
1406.0000,-240.4525,-209.7250
1406.5000,-240.8330,-210.0283
1407.0000,-241.1925,-210.3425
1407.5000,-241.5758,-210.7050
1408.0000,-241.9261,-211.0608
1408.5000,-242.2514,-211.4130
1409.0000,-242.5977,-211.8135
1409.5000,-242.8963,-212.1841
1410.0000,-243.2020,-212.5948
1410.5000,-243.4708,-212.9914
1411.0000,-243.7314,-213.4192
1411.5000,-243.9658,-213.8483
1412.0000,-244.1872,-214.2936
1412.5000,-244.3927,-214.7410
1413.0000,-244.5906,-215.2073
1413.5000,-244.7718,-215.6767
1414.0000,-244.9328,-216.1537
1414.5000,-245.0658,-216.6348
1415.0000,-245.1729,-217.1194
1415.5000,-245.2606,-217.6190
1416.0000,-245.3277,-218.1045
1416.5000,-245.3816,-218.6080
1417.0000,-245.4212,-219.1064
1417.5000,-245.4483,-219.6042
1418.0000,-245.4637,-220.1113
1418.5000,-245.4672,-220.6103
1419.0000,-245.4587,-221.1111
1419.5000,-245.4379,-221.6126
1420.0000,-245.4041,-222.1148
1420.5000,-245.3573,-222.6118
1421.0000,-245.2965,-223.1083
1421.5000,-245.2214,-223.6057
1422.0000,-245.1339,-224.0938
1422.5000,-245.0335,-224.5836
1423.0000,-244.9236,-225.0707
1423.5000,-244.8073,-225.5591
1424.0000,-244.6859,-226.0576
1424.5000,-244.5676,-226.5352
1425.0000,-244.4427,-227.0338
1425.5000,-244.3214,-227.5125
1426.0000,-244.1985,-227.9943
1426.5000,-244.0763,-228.4707
1427.0000,-243.9546,-228.9449
1427.5000,-243.8305,-229.4314
1428.0000,-243.7135,-229.8957
1428.5000,-243.5886,-230.3989
1429.0000,-243.4763,-230.8602
1429.5000,-243.3562,-231.3640
1430.0000,-243.2432,-231.8504
1430.5000,-243.1335,-232.3376
1431.0000,-243.0251,-232.8387
1431.5000,-242.9259,-233.3257
1432.0000,-242.8376,-233.8156
1432.5000,-242.7641,-234.3169
1433.0000,-242.7117,-234.8008
1433.5000,-242.6771,-235.2981
1434.0000,-242.6613,-235.8103
1434.5000,-242.6643,-236.3050
1435.0000,-242.6841,-236.8025
1435.5000,-242.7204,-237.3072
1436.0000,-242.7722,-237.8109
1436.5000,-242.8381,-238.3087
1437.0000,-242.9176,-238.8035
1437.5000,-243.0100,-239.2919
1438.0000,-243.1198,-239.7949
1438.5000,-243.2417,-240.2837
1439.0000,-243.3743,-240.7541
1439.5000,-243.5299,-241.2426
1440.0000,-243.7022,-241.7195
1440.5000,-243.8850,-242.1649
1441.0000,-244.1017,-242.6262
1441.5000,-244.3386,-243.0639
1442.0000,-244.5944,-243.4762
1442.5000,-244.8788,-243.8818
1443.0000,-245.1911,-244.2777
1443.5000,-245.5141,-244.6439
1444.0000,-245.8636,-245.0016
1444.5000,-246.2377,-245.3490
1445.0000,-246.6104,-245.6653
1445.5000,-247.0086,-245.9751
1446.0000,-247.4224,-246.2700
1446.5000,-247.8367,-246.5402
1447.0000,-248.2688,-246.7974
1447.5000,-248.7144,-247.0378
1448.0000,-249.1631,-247.2553
1448.5000,-249.6232,-247.4538
1449.0000,-250.0929,-247.6316
1449.5000,-250.5689,-247.7868
1450.0000,-251.0515,-247.9196
1450.5000,-251.5393,-248.0297
1451.0000,-252.0304,-248.1179
1451.5000,-252.5251,-248.1858
1452.0000,-253.0237,-248.2363
1452.5000,-253.5195,-248.2724
1453.0000,-254.0151,-248.2993
1453.5000,-254.5170,-248.3189
1454.0000,-255.0200,-248.3306
1454.5000,-255.5140,-248.3343
1455.0000,-256.0144,-248.3302
1455.5000,-256.5210,-248.3183
1456.0000,-257.0178,-248.2996
1456.5000,-257.5158,-248.2744
1457.0000,-258.0172,-248.2430
1457.5000,-258.5193,-248.2061
1458.0000,-259.0175,-248.1647
1458.5000,-259.5160,-248.1191
1459.0000,-260.0137,-248.0699
1459.5000,-260.5139,-248.0173
1460.0000,-261.0138,-247.9621
1460.5000,-261.5096,-247.9053
1461.0000,-262.0015,-247.8472
1461.5000,-262.5059,-247.7864
1462.0000,-263.0036,-247.7253
1462.5000,-263.4940,-247.6644
1463.0000,-263.9919,-247.6019
1463.5000,-264.4914,-247.5385
1464.0000,-264.9836,-247.4749
1464.5000,-265.4747,-247.4098
1465.0000,-265.9707,-247.3415
1465.5000,-266.4642,-247.2694
1466.0000,-266.9562,-247.1899
1466.5000,-267.4439,-247.1007
1467.0000,-267.9336,-246.9987
1467.5000,-268.4252,-246.8826
1468.0000,-268.9046,-246.7559
1468.5000,-269.3842,-246.6157
1469.0000,-269.8637,-246.4626
1469.5000,-270.3387,-246.2990
1470.0000,-270.8090,-246.1258
1470.5000,-271.2751,-245.9443
1471.0000,-271.7394,-245.7545
1471.5000,-272.2060,-245.5560
1472.0000,-272.6632,-245.3549
1472.5000,-273.1111,-245.1529
1473.0000,-273.5791,-244.9375
1473.5000,-274.0321,-244.7264
1474.0000,-274.4711,-244.5204
1474.5000,-274.9382,-244.3011
1475.0000,-275.3874,-244.0911
1475.5000,-275.8324,-243.8844
1476.0000,-276.2883,-243.6737
1476.5000,-276.7381,-243.4657
1477.0000,-277.1932,-243.2567
1477.5000,-277.6489,-243.0516
1478.0000,-278.1071,-242.8518
1478.5000,-278.5702,-242.6580
1479.0000,-279.0319,-242.4744
1479.5000,-279.5053,-242.2973
1480.0000,-279.9755,-242.1334
1480.5000,-280.4546,-241.9797
1481.0000,-280.9352,-241.8399
1481.5000,-281.4179,-241.7148
1482.0000,-281.9086,-241.6044
1482.5000,-282.3958,-241.5123
1483.0000,-282.8923,-241.4369
1483.5000,-283.3843,-241.3801
1484.0000,-283.8818,-241.3391
1484.5000,-284.3799,-241.3121
1485.0000,-284.8798,-241.3000
1485.5000,-285.3786,-241.3042
1486.0000,-285.8792,-241.3253
1486.5000,-286.3748,-241.3626
1487.0000,-286.8755,-241.4162
1487.5000,-287.3655,-241.4829
1488.0000,-287.8642,-241.5638
1488.5000,-288.3493,-241.6533
1489.0000,-288.8458,-241.7543
1489.5000,-289.3270,-241.8596
1490.0000,-289.8190,-241.9733
1490.5000,-290.3012,-242.0895
1491.0000,-290.7879,-242.2105
1491.5000,-291.2769,-242.3356
1492.0000,-291.7598,-242.4655
1492.5000,-292.2402,-242.6034
1493.0000,-292.7115,-242.7474
1493.5000,-293.1904,-242.9008
1494.0000,-293.6520,-243.0522
1494.5000,-294.1186,-243.2049
1495.0000,-294.6182,-243.3646
1495.5000,-295.0623,-243.5010
1496.0000,-295.5310,-243.6384
1496.5000,-296.0374,-243.7787
1497.0000,-296.5188,-243.9046
1497.5000,-296.9732,-244.0170
1498.0000,-297.4560,-244.1302
1498.5000,-297.9679,-244.2436
1499.0000,-298.4876,-244.3525
1499.5000,-298.9447,-244.4435
1500.0000,-299.4203,-244.5340
1500.5000,-299.9137,-244.6235
1501.0000,-300.4240,-244.7119
1501.5000,-300.9497,-244.7989
1502.0000,-301.4366,-244.8760
1502.5000,-301.9226,-244.9499
1503.0000,-302.4164,-245.0220
1503.5000,-302.9160,-245.0921
1504.0000,-303.4193,-245.1601
1504.5000,-303.9241,-245.2256
1505.0000,-304.4338,-245.2886
1505.5000,-304.9427,-245.3450
1506.0000,-305.4474,-245.3904
1506.5000,-305.9467,-245.4213
1507.0000,-306.4393,-245.4346
1507.5000,-306.9240,-245.4280
1508.0000,-307.4366,-245.3963
1508.5000,-307.9473,-245.3358
1509.0000,-308.4442,-245.2456
1509.5000,-308.9262,-245.1250
1510.0000,-309.3918,-244.9738
1510.5000,-309.8499,-244.7881
1511.0000,-310.3059,-244.5622
1511.5000,-310.7398,-244.3046
1512.0000,-311.1505,-244.0173
1512.5000,-311.5371,-243.7026
1513.0000,-311.9018,-243.3604
1513.5000,-312.2489,-242.9863
1514.0000,-312.5679,-242.5927
1514.5000,-312.8583,-242.1835
1515.0000,-313.1197,-241.7625
1515.5000,-313.3586,-241.3205
1516.0000,-313.5792,-240.8450
1516.5000,-313.7649,-240.3699
1517.0000,-313.9161,-239.8999
1517.5000,-314.0337,-239.4393
1518.0000,-314.1300,-238.9166
1518.5000,-314.1846,-238.4012
1519.0000,-314.1964,-237.9144
1519.5000,-314.1679,-237.4473
1520.0000,-314.0861,-236.9301
1520.5000,-313.9611,-236.4515
1521.0000,-313.8033,-235.9989
1521.5000,-313.6236,-235.5540
1522.0000,-313.4193,-235.1003
1522.5000,-313.1851,-234.6321
1523.0000,-312.9636,-234.2238
1523.5000,-312.7182,-233.7974
1524.0000,-312.4503,-233.3520
1524.5000,-312.1788,-232.9136
1525.0000,-311.9210,-232.5044
1525.5000,-311.6542,-232.0833
1526.0000,-311.3813,-231.6518
1526.5000,-311.1067,-231.2130
1527.0000,-310.8438,-230.7851
1527.5000,-310.5853,-230.3528
1528.0000,-310.3345,-229.9183
1528.5000,-310.0947,-229.4834
1529.0000,-309.8579,-229.0276
1529.5000,-309.6332,-228.5603
1530.0000,-309.4332,-228.1001
1530.5000,-309.2611,-227.6493
1531.0000,-309.1080,-227.1688
1531.5000,-308.9856,-226.6594
1532.0000,-308.9133,-226.1718
1532.5000,-308.8918,-225.7033
1533.0000,-308.9294,-225.1862
1533.5000,-309.0281,-224.6985
1534.0000,-309.1768,-224.2330
1534.5000,-309.3632,-223.7724
1535.0000,-309.5827,-223.3235
1535.5000,-309.8449,-222.9024
1536.0000,-310.1421,-222.5251
1536.5000,-310.4954,-222.1620
1537.0000,-310.8931,-221.8224
1537.5000,-311.2754,-221.5406
1538.0000,-311.6913,-221.2676
1538.5000,-312.1361,-221.0026
1539.0000,-312.5864,-220.7539
1539.5000,-313.0264,-220.5239
1540.0000,-313.4751,-220.2976
1540.5000,-313.9268,-220.0742
1541.0000,-314.3827,-219.8493
1541.5000,-314.8467,-219.6169
1542.0000,-315.2955,-219.3841
1542.5000,-315.7234,-219.1498
1543.0000,-316.1543,-218.8953
1543.5000,-316.5965,-218.6042
1544.0000,-316.9886,-218.3069
1544.5000,-317.3367,-217.9937
1545.0000,-317.6860,-217.6017
1545.5000,-317.9617,-217.1993
1546.0000,-318.1917,-216.7720
1546.5000,-318.4033,-216.3244
1547.0000,-318.5877,-215.8598
1547.5000,-318.7133,-215.4088
1548.0000,-318.7953,-214.9059
1548.5000,-318.8285,-214.3909
1549.0000,-318.8242,-213.9186
1549.5000,-318.7917,-213.4155
1550.0000,-318.7333,-212.8860
1550.5000,-318.6617,-212.3929
1551.0000,-318.5779,-211.9035
1551.5000,-318.4831,-211.4074
1552.0000,-318.3804,-210.9094
1552.5000,-318.2708,-210.4034
1553.0000,-318.1593,-209.9012
1553.5000,-318.0507,-209.4133
1554.0000,-317.9486,-208.9445
1554.5000,-317.8409,-208.4207
1555.0000,-317.7474,-207.9098
1555.5000,-317.6791,-207.4469
1556.0000,-317.6330,-206.9358
1556.5000,-317.6360,-206.4370
1557.0000,-317.6991,-205.9781
1557.5000,-317.8117,-205.4955
1558.0000,-317.9480,-205.0171
1558.5000,-318.1269,-204.5470
1559.0000,-318.3491,-204.1092
1559.5000,-318.6269,-203.6800
1560.0000,-318.9225,-203.2998
1560.5000,-319.2634,-202.9143
1561.0000,-319.5987,-202.5654
1561.5000,-319.9563,-202.2101
1562.0000,-320.3182,-201.8571
1562.5000,-320.6679,-201.5152
1563.0000,-321.0303,-201.1548
1563.5000,-321.3794,-200.7975
1564.0000,-321.7178,-200.4388
1564.5000,-322.0588,-200.0622
1565.0000,-322.3889,-199.6810
1565.5000,-322.7031,-199.3013
1566.0000,-323.0137,-198.9083
1566.5000,-323.3111,-198.4943
1567.0000,-323.5295,-198.1230
1567.5000,-323.7231,-197.6985
1568.0000,-323.8863,-197.2094
1568.5000,-324.0151,-196.6475
1569.0000,-324.0855,-196.1907
1569.5000,-324.1305,-195.7577
1570.0000,-324.1599,-195.2926
1570.5000,-324.1739,-194.7958
1571.0000,-324.1725,-194.2678
1571.5000,-324.1562,-193.7097
1572.0000,-324.1254,-193.1228
1572.5000,-324.0937,-192.6715
1573.0000,-324.0551,-192.2094
1573.5000,-324.0096,-191.7343
1574.0000,-323.9577,-191.2469
1574.5000,-323.8997,-190.7482
1575.0000,-323.8360,-190.2392
1575.5000,-323.7670,-189.7208
1576.0000,-323.6932,-189.1942
1576.5000,-323.6150,-188.6604
1577.0000,-323.5395,-188.1624
1577.5000,-323.4631,-187.6735
1578.0000,-323.3843,-187.1814
1578.5000,-323.3035,-186.6868
1579.0000,-323.2209,-186.1908
1579.5000,-323.1371,-185.6939
1580.0000,-323.0522,-185.1972
1580.5000,-322.9668,-184.7013
1581.0000,-322.8811,-184.2072
1581.5000,-322.7954,-183.7156
1582.0000,-322.7070,-183.2089
1582.5000,-322.6162,-182.6880
1583.0000,-322.5266,-182.1725
1583.5000,-322.4387,-181.6635
1584.0000,-322.3529,-181.1617
1584.5000,-322.2693,-180.6678
1585.0000,-322.1885,-180.1826
1585.5000,-322.1106,-179.7066
1586.0000,-322.0359,-179.2405
1586.5000,-321.9647,-178.7846
1587.0000,-321.8816,-178.2353
1587.5000,-321.8036,-177.6979
1588.0000,-321.7319,-177.1781
1588.5000,-321.6664,-176.6762
1589.0000,-321.6072,-176.1920
1589.5000,-321.5542,-175.7251
1590.0000,-321.5071,-175.2748
1590.5000,-321.4624,-174.8042
1591.0000,-321.4176,-174.2765
1591.5000,-321.3795,-173.7681
1592.0000,-321.3463,-173.2746
1592.5000,-321.3158,-172.7909
1593.0000,-321.2855,-172.3106
1593.5000,-321.2542,-171.8223
1594.0000,-321.2222,-171.3132
1594.5000,-321.1923,-170.8077
1595.0000,-321.1655,-170.3069
1595.5000,-321.1427,-169.8118
1596.0000,-321.1245,-169.3230
1596.5000,-321.1108,-168.8156
1597.0000,-321.1030,-168.3014
1597.5000,-321.1018,-167.7965
1598.0000,-321.1072,-167.3014
1598.5000,-321.1191,-166.8160
1599.0000,-321.1379,-166.3196
1599.5000,-321.1646,-165.8050
1600.0000,-321.1973,-165.3019
1600.5000,-321.2351,-164.8096
1601.0000,-321.2768,-164.3275
1601.5000,-321.3242,-163.8249
1602.0000,-321.3745,-163.3197
1602.5000,-321.4247,-162.8234
1603.0000,-321.4731,-162.3348
1603.5000,-321.5191,-161.8424
1604.0000,-321.5610,-161.3397
1604.5000,-321.5956,-160.8411
1605.0000,-321.6213,-160.3453
1605.5000,-321.6370,-159.8494
1606.0000,-321.6417,-159.3502
1606.5000,-321.6347,-158.8508
1607.0000,-321.6159,-158.3505
1607.5000,-321.5858,-157.8502
1608.0000,-321.5458,-157.3520
1608.5000,-321.4973,-156.8535
1609.0000,-321.4428,-156.3558
1609.5000,-321.3851,-155.8603
1610.0000,-321.3242,-155.3668
1610.5000,-321.2564,-154.8736
1611.0000,-321.1788,-154.3789
1611.5000,-321.0894,-153.8832
1612.0000,-320.9913,-153.4046
1612.5000,-320.8801,-152.9217
1613.0000,-320.7556,-152.4340
1613.5000,-320.6182,-151.9413
1614.0000,-320.4765,-151.4695
1614.5000,-320.3265,-150.9991
1615.0000,-320.1675,-150.5243
1615.5000,-320.0007,-150.0454
1616.0000,-319.8294,-149.5677
1616.5000,-319.6592,-149.1027
1617.0000,-319.4860,-148.6349
1617.5000,-319.3110,-148.1647
1618.0000,-319.1358,-147.6925
1618.5000,-318.9622,-147.2200
1619.0000,-318.7917,-146.7479
1619.5000,-318.6249,-146.2752
1620.0000,-318.4631,-145.8024
1620.5000,-318.3073,-145.3297
1621.0000,-318.1558,-144.8496
1621.5000,-318.0109,-144.3664
1622.0000,-317.8745,-143.8845
1622.5000,-317.7468,-143.4040
1623.0000,-317.6276,-142.9253
1623.5000,-317.5133,-142.4335
1624.0000,-317.4068,-141.9431
1624.5000,-317.3069,-141.4543
1625.0000,-317.2116,-140.9667
1625.5000,-317.1182,-140.4776
1626.0000,-317.0250,-139.9859
1626.5000,-316.9338,-139.4941
1627.0000,-316.8461,-139.0021
1627.5000,-316.7630,-138.5096
1628.0000,-316.6852,-138.0152
1628.5000,-316.6135,-137.5201
1629.0000,-316.5483,-137.0244
1629.5000,-316.4898,-136.5281
1630.0000,-316.4378,-136.0310
1630.5000,-316.3922,-135.5331
1631.0000,-316.3525,-135.0347
1631.5000,-316.3182,-134.5358
1632.0000,-316.2886,-134.0366
1632.5000,-316.2631,-133.5370
1633.0000,-316.2407,-133.0374
1633.5000,-316.2206,-132.5377
1634.0000,-316.2019,-132.0382
1634.5000,-316.1837,-131.5382
1635.0000,-316.1649,-131.0378
1635.5000,-316.1448,-130.5379
1636.0000,-316.1226,-130.0389
1636.5000,-316.0974,-129.5405
1637.0000,-316.0685,-129.0396
1637.5000,-316.0355,-128.5400
1638.0000,-315.9979,-128.0417
1638.5000,-315.9556,-127.5448
1639.0000,-315.9082,-127.0462
1639.5000,-315.8560,-126.5474
1640.0000,-315.7997,-126.0504
1640.5000,-315.7399,-125.5553
1641.0000,-315.6776,-125.0610
1641.5000,-315.6138,-124.5656
1642.0000,-315.5492,-124.0712
1642.5000,-315.4822,-123.5763
1643.0000,-315.4115,-123.0793
1643.5000,-315.3380,-122.5917
1644.0000,-315.2595,-122.1018
1644.5000,-315.1754,-121.6082
1645.0000,-315.0853,-121.1108
1645.5000,-314.9907,-120.6178
1646.0000,-314.8925,-120.1317
1646.5000,-314.7889,-119.6430
1647.0000,-314.6802,-119.1525
1647.5000,-314.5670,-118.6610
1648.0000,-314.4503,-118.1723
1648.5000,-314.3303,-117.6850
1649.0000,-314.2074,-117.1993
1649.5000,-314.0823,-116.7163
1650.0000,-313.9548,-116.2340
1650.5000,-313.8222,-115.7410
1651.0000,-313.6893,-115.2540
1651.5000,-313.5570,-114.7740
1652.0000,-313.4258,-114.3019
1652.5000,-313.2891,-113.8123
1653.0000,-313.1515,-113.3201
1653.5000,-313.0172,-112.8394
1654.0000,-312.8867,-112.3704
1654.5000,-312.7531,-111.8878
1655.0000,-312.6179,-111.3956
1655.5000,-312.4873,-110.9161
1656.0000,-312.3604,-110.4474
1656.5000,-312.2294,-109.9628
1657.0000,-312.0976,-109.4774
1657.5000,-311.9666,-108.9976
1658.0000,-311.8351,-108.5165
1658.5000,-311.7006,-108.0233
1659.0000,-311.5701,-107.5423
1659.5000,-311.4441,-107.0737
1660.0000,-311.3116,-106.5762
1660.5000,-311.1844,-106.0933
1661.0000,-311.0619,-105.6232
1661.5000,-310.9348,-105.1305
1662.0000,-310.8113,-104.6481
1662.5000,-310.6892,-104.1701
1663.0000,-310.5653,-103.6861
1663.5000,-310.4406,-103.2026
1664.0000,-310.3153,-102.7226
1664.5000,-310.1880,-102.2428
1665.0000,-310.0563,-101.7551
1665.5000,-309.9249,-101.2778
1666.0000,-309.7904,-100.7984
1666.5000,-309.6512,-100.3103
1667.0000,-309.5122,-99.8300
1667.5000,-309.3714,-99.3486
1668.0000,-309.2297,-98.8676
1668.5000,-309.0845,-98.3773
1669.0000,-308.9409,-97.8943
1669.5000,-308.8015,-97.4267
1670.0000,-308.6558,-96.9395
1670.5000,-308.5123,-96.4617
1671.0000,-308.3711,-95.9935
1671.5000,-308.2263,-95.5171
1672.0000,-308.0800,-95.0394
1672.5000,-307.9358,-94.5728
1673.0000,-307.7893,-94.1034
1673.5000,-307.6342,-93.6103
1674.0000,-307.4902,-93.1554
1674.5000,-307.3413,-92.6874
1675.0000,-307.1831,-92.1919
1675.5000,-307.0318,-91.7190
1676.0000,-306.8848,-91.2592
1676.5000,-306.7314,-90.7793
1677.0000,-306.5723,-90.2804
1677.5000,-306.4215,-89.8056
1678.0000,-306.2729,-89.3358
1678.5000,-306.1224,-88.8571
1679.0000,-305.9711,-88.3719
1679.5000,-305.8226,-87.8917
1680.0000,-305.6803,-87.4269
1680.5000,-305.5369,-86.9533
1681.0000,-305.3922,-86.4703
1681.5000,-305.2464,-85.9773
1682.0000,-305.1076,-85.5026
1682.5000,-304.9724,-85.0343
1683.0000,-304.8363,-84.5571
1683.5000,-304.6993,-84.0709
1684.0000,-304.5617,-83.5759
1684.5000,-304.4288,-83.0918
1685.0000,-304.3011,-82.6204
1685.5000,-304.1732,-82.1421
1686.0000,-304.0451,-81.6571
1686.5000,-303.9170,-81.1656
1687.0000,-303.7890,-80.6682
1687.5000,-303.6678,-80.1907
1688.0000,-303.5477,-79.7113
1688.5000,-303.4280,-79.2276
1689.0000,-303.3089,-78.7398
1689.5000,-303.1906,-78.2483
1690.0000,-303.0730,-77.7534
1690.5000,-302.9598,-77.2706
1691.0000,-302.8477,-76.7858
1691.5000,-302.7366,-76.2988
1692.0000,-302.6265,-75.8100
1692.5000,-302.5176,-75.3196
1693.0000,-302.4098,-74.8279
1693.5000,-302.3041,-74.3393
1694.0000,-302.1998,-73.8505
1694.5000,-302.0968,-73.3612
1695.0000,-301.9949,-72.8714
1695.5000,-301.8943,-72.3814
1696.0000,-301.7948,-71.8911
1696.5000,-301.6965,-71.4010
1697.0000,-301.5992,-70.9109
1697.5000,-301.5029,-70.4207
1698.0000,-301.4074,-69.9304
1698.5000,-301.3127,-69.4398
1699.0000,-301.2184,-68.9483
1699.5000,-301.1265,-68.4663
1700.0000,-301.0367,-67.9924
1700.5000,-300.9461,-67.5122
1701.0000,-300.8544,-67.0245
1701.5000,-300.7615,-66.5284
1702.0000,-300.6671,-66.0230
1702.5000,-300.5711,-65.5079
1703.0000,-300.4840,-65.0395
1703.5000,-300.3957,-64.5641
1704.0000,-300.3060,-64.0808
1704.5000,-300.2150,-63.5897
1705.0000,-300.1227,-63.0913
1705.5000,-300.0292,-62.5859
1706.0000,-299.9345,-62.0740
1706.5000,-299.8435,-61.5821
1707.0000,-299.7540,-61.0983
1707.5000,-299.6637,-60.6104
1708.0000,-299.5729,-60.1192
1708.5000,-299.4815,-59.6253
1709.0000,-299.3897,-59.1294
1709.5000,-299.2977,-58.6321
1710.0000,-299.2055,-58.1342
1710.5000,-299.1130,-57.6341
1711.0000,-299.0204,-57.1343
1711.5000,-298.9282,-56.6361
1712.0000,-298.8363,-56.1405
1712.5000,-298.7451,-55.6482
1713.0000,-298.6546,-55.1599
1713.5000,-298.5650,-54.6764
1714.0000,-298.4763,-54.1984
1714.5000,-298.3802,-53.6801
1715.0000,-298.2849,-53.1663
1715.5000,-298.1913,-52.6619
1716.0000,-298.0996,-52.1676
1716.5000,-298.0099,-51.6842
1717.0000,-297.9223,-51.2122
1717.5000,-297.8368,-50.7521
1718.0000,-297.7396,-50.2282
1718.5000,-297.6429,-49.7073
1719.0000,-297.5496,-49.2050
1719.5000,-297.4598,-48.7211
1720.0000,-297.3733,-48.2554
1720.5000,-297.2900,-47.8070
1721.0000,-297.1931,-47.2855
1721.5000,-297.0995,-46.7817
1722.0000,-297.0091,-46.2953
1722.5000,-296.9209,-45.8215
1723.0000,-296.8323,-45.3456
1723.5000,-296.7352,-44.8249
1724.0000,-296.6413,-44.3211
1724.5000,-296.5514,-43.8386
1725.0000,-296.4662,-43.3810
1725.5000,-296.3659,-42.8418
1726.0000,-296.2727,-42.3397
1726.5000,-296.1884,-41.8850
1727.0000,-296.0945,-41.3779
1727.5000,-296.0033,-40.8866
1728.0000,-295.9168,-40.4230
1728.5000,-295.8236,-39.9314
1729.0000,-295.7326,-39.4626
1729.5000,-295.6349,-38.9702
1730.0000,-295.5408,-38.5006
1730.5000,-295.4403,-37.9993
1731.0000,-295.3426,-37.5076
1731.5000,-295.2465,-37.0165
1732.0000,-295.1498,-36.5097
1732.5000,-295.0583,-36.0170
1733.0000,-294.9681,-35.5260
1733.5000,-294.8779,-35.0364
1734.0000,-294.7870,-34.5464
1734.5000,-294.6950,-34.0528
1735.0000,-294.6049,-33.5658
1735.5000,-294.5160,-33.0749
1736.0000,-294.4292,-32.5761
1736.5000,-294.3500,-32.0918
1737.0000,-294.2754,-31.5967
1737.5000,-294.2078,-31.0944
1738.0000,-294.1508,-30.6078
1738.5000,-294.1019,-30.1090
1739.0000,-294.0623,-29.6001
1739.5000,-294.0343,-29.1123
1740.0000,-294.0156,-28.6135
1740.5000,-294.0066,-28.1039
1741.0000,-294.0073,-27.6084
1741.5000,-294.0167,-27.1122
1742.0000,-294.0344,-26.6083
1742.5000,-294.0596,-26.1030
1743.0000,-294.0904,-25.6112
1743.5000,-294.1285,-25.1141
1744.0000,-294.1761,-24.6108
1744.5000,-294.2328,-24.1180
1745.0000,-294.2997,-23.6341
1745.5000,-294.3801,-23.1413
1746.0000,-294.4758,-22.6381
1746.5000,-294.5813,-22.1547
1747.0000,-294.6960,-21.6871
1747.5000,-294.8264,-21.2084
1748.0000,-294.9734,-20.7178
1748.5000,-295.1363,-20.2195
1749.0000,-295.2921,-19.7768
1749.5000,-295.4618,-19.3238
1750.0000,-295.6458,-18.8600
1750.5000,-295.8446,-18.3851
1751.0000,-296.0582,-17.8988
1751.5000,-296.2571,-17.4643
1752.0000,-296.4625,-17.0315
1752.5000,-296.6788,-16.5902
1753.0000,-296.9061,-16.1403
1753.5000,-297.1440,-15.6821
1754.0000,-297.3926,-15.2155
1754.5000,-297.6266,-14.7858
1755.0000,-297.8604,-14.3646
1755.5000,-298.1018,-13.9376
1756.0000,-298.3502,-13.5049
1756.5000,-298.6055,-13.0669
1757.0000,-298.8671,-12.6239
1757.5000,-299.1348,-12.1763
1758.0000,-299.3914,-11.7519
1758.5000,-299.6475,-11.3321
1759.0000,-299.9075,-10.9096
1759.5000,-300.1709,-10.4846
1760.0000,-300.4371,-10.0577
1760.5000,-300.7057,-9.6294
1761.0000,-300.9759,-9.2003
1761.5000,-301.2475,-8.7706
1762.0000,-301.5201,-8.3404
1762.5000,-301.7923,-7.9112
1763.0000,-302.0633,-7.4837
1763.5000,-302.3315,-7.0584
1764.0000,-302.5953,-6.6355
1764.5000,-302.8532,-6.2154
1765.0000,-303.1039,-5.7985
1765.5000,-303.3650,-5.3524
1766.0000,-303.6242,-4.8940
1766.5000,-303.8701,-4.4409
1767.0000,-304.1015,-3.9932
1767.5000,-304.3175,-3.5515
1768.0000,-304.5173,-3.1161
1768.5000,-304.7001,-2.6873
1769.0000,-304.8950,-2.1861
1769.5000,-305.0666,-1.6887
1770.0000,-305.2118,-1.2026
1770.5000,-305.3305,-0.7281
1771.0000,-305.4228,-0.2656
1771.5000,-305.4928,0.2167
1772.0000,-305.5366,0.7456
1772.5000,-305.5440,1.2550
1773.0000,-305.5165,1.7444
1773.5000,-305.4559,2.2136
1774.0000,-305.3517,2.7139
1774.5000,-305.2063,3.2050
1775.0000,-305.0265,3.6683
1775.5000,-304.8161,4.1038
1776.0000,-304.5592,4.5429
1776.5000,-304.2696,4.9587
1777.0000,-303.9568,5.3431
1777.5000,-303.6206,5.7013
1778.0000,-303.2486,6.0470
1778.5000,-302.8610,6.3625
1779.0000,-302.4593,6.6506
1779.5000,-302.0459,6.9126
1780.0000,-301.6166,7.1537
1780.5000,-301.1609,7.3718
1781.0000,-300.7010,7.5451
1781.5000,-300.2581,7.6694
1782.0000,-299.7752,7.7635
1782.5000,-299.2495,7.8249
1783.0000,-298.7134,7.8515
1783.5000,-298.2611,7.8504
1784.0000,-297.7851,7.8294
1784.5000,-297.2866,7.7887
1785.0000,-296.7669,7.7285
1785.5000,-296.2276,7.6492
1786.0000,-295.7345,7.5633
1786.5000,-295.2650,7.4709
1787.0000,-294.7862,7.3667
1787.5000,-294.2992,7.2514
1788.0000,-293.8055,7.1254
1788.5000,-293.3065,6.9893
1789.0000,-292.8037,6.8437
1789.5000,-292.3241,6.6972
1790.0000,-291.8475,6.5446
1790.5000,-291.3712,6.3853
1791.0000,-290.8965,6.2198
1791.5000,-290.4245,6.0486
1792.0000,-289.9564,5.8725
1792.5000,-289.4932,5.6918
1793.0000,-289.0169,5.4994
1793.5000,-288.5394,5.2997
1794.0000,-288.0707,5.0967
1794.5000,-287.6114,4.8911
1795.0000,-287.1624,4.6833
1795.5000,-286.7242,4.4740
1796.0000,-286.2971,4.2634
1796.5000,-285.8294,4.0251
1797.0000,-285.3713,3.7835
1797.5000,-284.9274,3.5417
1798.0000,-284.4970,3.2998
1798.5000,-284.0789,3.0578
1799.0000,-283.6713,2.8157
1799.5000,-283.2431,2.5553
1800.0000,-282.8204,2.2933
1800.5000,-282.4001,2.0294
1801.0000,-281.9780,1.7629
1801.5000,-281.5533,1.4942
1802.0000,-281.1294,1.2262
1802.5000,-280.7073,0.9601
1803.0000,-280.2837,0.6942
1803.5000,-279.8589,0.4291
1804.0000,-279.4332,0.1652
1804.5000,-279.0070,-0.0969
1805.0000,-278.5773,-0.3592
1805.5000,-278.1471,-0.6196
1806.0000,-277.7173,-0.8775
1806.5000,-277.2883,-1.1329
1807.0000,-276.8604,-1.3856
1807.5000,-276.4304,-1.6377
1808.0000,-275.9929,-1.8925
1808.5000,-275.5576,-2.1447
1809.0000,-275.1245,-2.3944
1809.5000,-274.6940,-2.6418
1810.0000,-274.2663,-2.8872
1810.5000,-273.8274,-3.1388
1811.0000,-273.3898,-3.3900
1811.5000,-272.9558,-3.6398
1812.0000,-272.5255,-3.8887
1812.5000,-272.0990,-4.1368
1813.0000,-271.6660,-4.3907
1813.5000,-271.2322,-4.6474
1814.0000,-270.8024,-4.9044
1814.5000,-270.3765,-5.1620
1815.0000,-269.9544,-5.4206
1815.5000,-269.5295,-5.6842
1816.0000,-269.1046,-5.9512
1816.5000,-268.6827,-6.2196
1817.0000,-268.2633,-6.4895
1817.5000,-267.8460,-6.7607
1818.0000,-267.4285,-7.0343
1818.5000,-267.0112,-7.3091
1819.0000,-266.5938,-7.5845
1819.5000,-266.1754,-7.8599
1820.0000,-265.7572,-8.1339
1820.5000,-265.3204,-8.4187
1821.0000,-264.8883,-8.6990
1821.5000,-264.4672,-8.9705
1822.0000,-264.0592,-9.2318
1822.5000,-263.6450,-9.4946
1823.0000,-263.1967,-9.7756
1823.5000,-262.7687,-10.0394
1824.0000,-262.3593,-10.2866
1824.5000,-261.9387,-10.5337
1825.0000,-261.4955,-10.7850
1825.5000,-261.0622,-11.0202
1826.0000,-260.6314,-11.2429
1826.5000,-260.1966,-11.4563
1827.0000,-259.7477,-11.6660
1827.5000,-259.2767,-11.8762
1828.0000,-258.8438,-12.0624
1828.5000,-258.4029,-12.2469
1829.0000,-257.9339,-12.4392
1829.5000,-257.4340,-12.6410
1830.0000,-256.9940,-12.8169
1830.5000,-256.5542,-12.9916
1831.0000,-256.0934,-13.1740
1831.5000,-255.6119,-13.3641
1832.0000,-255.1107,-13.5618
1832.5000,-254.6522,-13.7425
1833.0000,-254.2009,-13.9205
1833.5000,-253.7392,-14.1026
1834.0000,-253.2691,-14.2881
1834.5000,-252.7926,-14.4761
1835.0000,-252.3120,-14.6656
1835.5000,-251.8600,-14.8426
1836.0000,-251.4102,-15.0164
1836.5000,-250.9523,-15.1901
1837.0000,-250.4849,-15.3635
1837.5000,-250.0068,-15.5362
1838.0000,-249.5172,-15.7081
1838.5000,-249.0322,-15.8735
1839.0000,-248.5839,-16.0220
1839.5000,-248.1256,-16.1697
1840.0000,-247.6572,-16.3166
1840.5000,-247.1787,-16.4627
1841.0000,-246.6901,-16.6080
1841.5000,-246.1916,-16.7525
1842.0000,-245.6835,-16.8964
1842.5000,-245.2119,-17.0270
1843.0000,-244.7459,-17.1537
1843.5000,-244.2731,-17.2800
1844.0000,-243.7939,-17.4060
1844.5000,-243.3085,-17.5319
1845.0000,-242.8175,-17.6576
1845.5000,-242.3211,-17.7834
1846.0000,-241.8199,-17.9093
1846.5000,-241.3254,-18.0327
1847.0000,-240.8478,-18.1512
1847.5000,-240.3672,-18.2701
1848.0000,-239.8839,-18.3895
1848.5000,-239.3985,-18.5095
1849.0000,-238.9113,-18.6301
1849.5000,-238.4228,-18.7515
1850.0000,-237.9334,-18.8738
1850.5000,-237.4434,-18.9970
1851.0000,-236.9539,-19.1212
1851.5000,-236.4658,-19.2462
1852.0000,-235.9784,-19.3724
1852.5000,-235.4920,-19.5000
1853.0000,-235.0071,-19.6290
1853.5000,-234.5239,-19.7594
1854.0000,-234.0428,-19.8915
1854.5000,-233.5640,-20.0251
1855.0000,-233.0879,-20.1605
1855.5000,-232.6082,-20.2996
1856.0000,-232.1188,-20.4444
1856.5000,-231.6329,-20.5912
1857.0000,-231.1507,-20.7402
1857.5000,-230.6724,-20.8913
1858.0000,-230.1979,-21.0445
1858.5000,-229.7274,-21.1999
1859.0000,-229.2608,-21.3575
1859.5000,-228.7979,-21.5173
1860.0000,-228.3258,-21.6839
1860.5000,-227.8510,-21.8551
1861.0000,-227.3795,-22.0286
1861.5000,-226.9112,-22.2044
1862.0000,-226.4454,-22.3823
1862.5000,-225.9816,-22.5623
1863.0000,-225.5193,-22.7442
1863.5000,-225.0575,-22.9279
1864.0000,-224.5975,-23.1127
1864.5000,-224.1400,-23.2979
1865.0000,-223.6817,-23.4851
1865.5000,-223.2225,-23.6745
1866.0000,-222.7621,-23.8665
1866.5000,-222.3005,-24.0610
1867.0000,-221.8375,-24.2584
1867.5000,-221.3732,-24.4588
1868.0000,-220.9075,-24.6623
1868.5000,-220.4580,-24.8613
1869.0000,-220.0080,-25.0629
1869.5000,-219.5569,-25.2676
1870.0000,-219.1045,-25.4756
1870.5000,-218.6509,-25.6869
1871.0000,-218.1963,-25.9015
1871.5000,-217.7407,-26.1195
1872.0000,-217.2843,-26.3409
1872.5000,-216.8302,-26.5640
1873.0000,-216.3878,-26.7844
1873.5000,-215.9450,-27.0078
1874.0000,-215.5019,-27.2344
1874.5000,-215.0586,-27.4641
1875.0000,-214.6152,-27.6969
1875.5000,-214.1720,-27.9327
1876.0000,-213.7290,-28.1715
1876.5000,-213.2864,-28.4132
1877.0000,-212.8453,-28.6574
1877.5000,-212.4097,-28.9016
1878.0000,-211.9751,-29.1485
1878.5000,-211.5415,-29.3981
1879.0000,-211.1091,-29.6502
1879.5000,-210.6781,-29.9048
1880.0000,-210.2486,-30.1618
1880.5000,-209.8208,-30.4211
1881.0000,-209.3948,-30.6827
1881.5000,-208.9707,-30.9464
1882.0000,-208.5439,-31.2153
1882.5000,-208.1192,-31.4864
1883.0000,-207.6969,-31.7595
1883.5000,-207.2772,-32.0345
1884.0000,-206.8602,-32.3112
1884.5000,-206.4459,-32.5897
1885.0000,-206.0345,-32.8699
1885.5000,-205.6260,-33.1516
1886.0000,-205.2206,-33.4347
1886.5000,-204.8072,-33.7272
1887.0000,-204.3960,-34.0218
1887.5000,-203.9882,-34.3178
1888.0000,-203.5837,-34.6151
1888.5000,-203.1825,-34.9136
1889.0000,-202.7847,-35.2133
1889.5000,-202.3901,-35.5141
1890.0000,-201.9988,-35.8160
1890.5000,-201.6094,-36.1198
1891.0000,-201.2130,-36.4326
1891.5000,-200.8197,-36.7465
1892.0000,-200.4292,-37.0613
1892.5000,-200.0414,-37.3773
1893.0000,-199.6560,-37.6942
1893.5000,-199.2727,-38.0122
1894.0000,-198.8914,-38.3313
1894.5000,-198.5115,-38.6516
1895.0000,-198.1300,-38.9754
1895.5000,-197.7470,-39.3024
1896.0000,-197.3649,-39.6304
1896.5000,-196.9841,-39.9587
1897.0000,-196.6049,-40.2871
1897.5000,-196.2277,-40.6151
1898.0000,-195.8526,-40.9424
1898.5000,-195.4799,-41.2687
1899.0000,-195.1077,-41.5954
1899.5000,-194.7228,-41.9343
1900.0000,-194.3410,-42.2714
1900.5000,-193.9624,-42.6065
1901.0000,-193.5872,-42.9395
1901.5000,-193.2153,-43.2704
1902.0000,-192.8467,-43.5991
1902.5000,-192.4814,-43.9257
1903.0000,-192.1179,-44.2515
1903.5000,-191.7378,-44.5932
1904.0000,-191.3610,-44.9329
1904.5000,-190.9876,-45.2706
1905.0000,-190.6173,-45.6066
1905.5000,-190.2500,-45.9412
1906.0000,-189.8853,-46.2745
1906.5000,-189.5231,-46.6069
1907.0000,-189.1586,-46.9430
1907.5000,-188.7909,-47.2835
1908.0000,-188.4250,-47.6241
1908.5000,-188.0606,-47.9652
1909.0000,-187.6973,-48.3071
1909.5000,-187.3348,-48.6502
1910.0000,-186.9729,-48.9950
1910.5000,-186.6118,-49.3411
1911.0000,-186.2585,-49.6819
1911.5000,-185.9048,-50.0253
1912.0000,-185.5504,-50.3717
1912.5000,-185.1952,-50.7213
1913.0000,-184.8387,-51.0744
1913.5000,-184.4809,-51.4314
1914.0000,-184.1214,-51.7924
1914.5000,-183.7711,-52.1466
1915.0000,-183.4299,-52.4937
1915.5000,-183.0869,-52.8449
1916.0000,-182.7419,-53.2002
1916.5000,-182.3949,-53.5598
1917.0000,-182.0458,-53.9236
1917.5000,-181.6945,-54.2917
1918.0000,-181.3412,-54.6640
1918.5000,-180.9954,-55.0303
1919.0000,-180.6599,-55.3872
1919.5000,-180.3229,-55.7475
1920.0000,-179.9842,-56.1110
1920.5000,-179.6442,-56.4775
1921.0000,-179.3029,-56.8467
1921.5000,-178.9605,-57.2183
1922.0000,-178.6174,-57.5920
1922.5000,-178.2737,-57.9673
1923.0000,-177.9382,-58.3348
1923.5000,-177.6042,-58.7013
1924.0000,-177.2706,-59.0682
1924.5000,-176.9372,-59.4359
1925.0000,-176.6036,-59.8051
1925.5000,-176.2693,-60.1765
1926.0000,-175.9340,-60.5509
1926.5000,-175.5974,-60.9287
1927.0000,-175.2594,-61.3102
1927.5000,-174.9415,-61.6709
1928.0000,-174.6219,-62.0356
1928.5000,-174.3004,-62.4044
1929.0000,-173.9768,-62.7776
1929.5000,-173.6510,-63.1552
1930.0000,-173.3230,-63.5372
1930.5000,-172.9928,-63.9237
1931.0000,-172.6602,-64.3146
1931.5000,-172.3253,-64.7098
1932.0000,-172.0024,-65.0923
1932.5000,-171.6889,-65.4648
1933.0000,-171.3734,-65.8406
1933.5000,-171.0561,-66.2195
1934.0000,-170.7370,-66.6012
1934.5000,-170.4161,-66.9857
1935.0000,-170.0935,-67.3726
1935.5000,-169.7692,-67.7618
1936.0000,-169.4435,-68.1528
1936.5000,-169.1163,-68.5454
1937.0000,-168.7910,-68.9355
1937.5000,-168.4714,-69.3184
1938.0000,-168.1507,-69.7020
1938.5000,-167.8291,-70.0859
1939.0000,-167.5067,-70.4698
1939.5000,-167.1837,-70.8534
1940.0000,-166.8600,-71.2363
1940.5000,-166.5359,-71.6183
1941.0000,-166.2115,-71.9990
1941.5000,-165.8870,-72.3781
1942.0000,-165.5623,-72.7552
1942.5000,-165.2279,-73.1414
1943.0000,-164.8907,-73.5282
1943.5000,-164.5538,-73.9119
1944.0000,-164.2174,-74.2921
1944.5000,-163.8816,-74.6683
1945.0000,-163.5466,-75.0404
1945.5000,-163.2125,-75.4079
1946.0000,-162.8793,-75.7707
1946.5000,-162.5473,-76.1282
1947.0000,-162.2165,-76.4804
1947.5000,-161.8647,-76.8503
1948.0000,-161.5003,-77.2281
1948.5000,-161.1378,-77.5982
1949.0000,-160.7772,-77.9604
1949.5000,-160.4188,-78.3146
1950.0000,-160.0626,-78.6605
1950.5000,-159.7085,-78.9980
1951.0000,-159.3567,-79.3269
1951.5000,-159.0072,-79.6473
1952.0000,-158.6357,-79.9806
1952.5000,-158.2403,-80.3271
1953.0000,-157.8478,-80.6627
1953.5000,-157.4580,-80.9874
1954.0000,-157.0708,-81.3019
1954.5000,-156.6860,-81.6065
1955.0000,-156.3033,-81.9019
1955.5000,-155.9224,-82.1888
1956.0000,-155.5256,-82.4807
1956.5000,-155.1133,-82.7772
1957.0000,-154.7016,-83.0674
1957.5000,-154.2898,-83.3529
1958.0000,-153.8778,-83.6341
1958.5000,-153.4658,-83.9109
1959.0000,-153.0540,-84.1832
1959.5000,-152.6389,-84.4533
1960.0000,-152.2098,-84.7277
1960.5000,-151.7813,-84.9970
1961.0000,-151.3534,-85.2609
1961.5000,-150.9261,-85.5196
1962.0000,-150.4994,-85.7727
1962.5000,-150.0734,-86.0202
1963.0000,-149.6439,-86.2644
1963.5000,-149.1986,-86.5115
1964.0000,-148.7540,-86.7522
1964.5000,-148.3097,-86.9862
1965.0000,-147.8659,-87.2136
1965.5000,-147.4222,-87.4340
1966.0000,-146.9787,-87.6476
1966.5000,-146.5260,-87.8582
1967.0000,-146.0647,-88.0650
1967.5000,-145.6030,-88.2640
1968.0000,-145.1407,-88.4551
1968.5000,-144.6776,-88.6381
1969.0000,-144.2135,-88.8129
1969.5000,-143.7475,-88.9798
1970.0000,-143.2719,-89.1411
1970.5000,-142.7948,-89.2936
1971.0000,-142.3158,-89.4374
1971.5000,-141.8349,-89.5725
1972.0000,-141.3517,-89.6986
1972.5000,-140.8663,-89.8160
1973.0000,-140.3803,-89.9241
1973.5000,-139.8923,-90.0233
1974.0000,-139.4017,-90.1137
1974.5000,-138.9083,-90.1954
1975.0000,-138.4122,-90.2685
1975.5000,-137.9134,-90.3330
1976.0000,-137.4164,-90.3884
1976.5000,-136.9224,-90.4351
1977.0000,-136.4260,-90.4739
1977.5000,-135.9272,-90.5047
1978.0000,-135.4262,-90.5279
1978.5000,-134.9232,-90.5435
1979.0000,-134.4184,-90.5518
1979.5000,-133.9236,-90.5529
1980.0000,-133.4280,-90.5474
1980.5000,-132.9317,-90.5355
1981.0000,-132.4349,-90.5173
1981.5000,-131.9354,-90.4919
1982.0000,-131.4295,-90.4574
1982.5000,-130.9376,-90.4147
1983.0000,-130.4810,-90.3666
1983.5000,-130.0137,-90.3090
1984.0000,-129.5343,-90.2413
1984.5000,-129.0421,-90.1631
1985.0000,-128.5361,-90.0741
1985.5000,-128.0159,-89.9740
1986.0000,-127.4812,-89.8628
1986.5000,-127.0074,-89.7578
1987.0000,-126.5551,-89.6522
1987.5000,-126.0935,-89.5396
1988.0000,-125.6227,-89.4199
1988.5000,-125.1430,-89.2935
1989.0000,-124.6547,-89.1604
1989.5000,-124.1582,-89.0208
1990.0000,-123.6539,-88.8751
1990.5000,-123.1424,-88.7235
1991.0000,-122.6391,-88.5708
1991.5000,-122.1783,-88.4282
1992.0000,-121.7131,-88.2818
1992.5000,-121.2441,-88.1316
1993.0000,-120.7716,-87.9781
1993.5000,-120.2962,-87.8215
1994.0000,-119.8183,-87.6620
1994.5000,-119.3385,-87.4999
1995.0000,-118.8573,-87.3355
1995.5000,-118.3752,-87.1690
1996.0000,-117.8928,-87.0008
1996.5000,-117.4104,-86.8310
1997.0000,-116.9285,-86.6600
1997.5000,-116.4480,-86.4881
1998.0000,-115.9693,-86.3156
1998.5000,-115.4929,-86.1427
1999.0000,-115.0194,-85.9699
1999.5000,-114.5494,-85.7973
2000.0000,-114.0833,-85.6252
2000.5000,-113.6217,-85.4538
2001.0000,-113.1650,-85.2836
2001.5000,-112.7137,-85.1146
2002.0000,-112.2214,-84.9296
2002.5000,-111.7194,-84.7402
2003.0000,-111.2263,-84.5534
2003.5000,-110.7427,-84.3697
2004.0000,-110.2690,-84.1893
2004.5000,-109.8058,-84.0124
2005.0000,-109.3534,-83.8394
2005.5000,-108.9122,-83.6703
2006.0000,-108.4825,-83.5054
2006.5000,-108.0239,-83.3293
2007.0000,-107.5045,-83.1296
2007.5000,-107.0046,-82.9373
2008.0000,-106.5242,-82.7525
2008.5000,-106.0626,-82.5749
2009.0000,-105.6193,-82.4043
2009.5000,-105.1933,-82.2404
2010.0000,-104.7776,-82.0804
2010.5000,-104.2811,-81.8891
2011.0000,-103.8035,-81.7046
2011.5000,-103.3402,-81.5248
2012.0000,-102.8853,-81.3471
2012.5000,-102.4355,-81.1698
2013.0000,-101.9792,-80.9879
2013.5000,-101.4988,-80.7938
2014.0000,-101.0277,-80.6005
2014.5000,-100.5669,-80.4080
2015.0000,-100.1173,-80.2164
2015.5000,-99.6782,-80.0250
2016.0000,-99.1964,-79.8095
2016.5000,-98.7311,-79.5949
2017.0000,-98.2826,-79.3811
2017.5000,-97.8511,-79.1678
2018.0000,-97.4112,-78.9414
2018.5000,-96.9529,-78.6944
2019.0000,-96.5169,-78.4469
2019.5000,-96.1025,-78.1984
2020.0000,-95.6864,-77.9336
2020.5000,-95.2613,-77.6444
2021.0000,-94.8603,-77.3517
2021.5000,-94.4820,-77.0545
2022.0000,-94.0932,-76.7248
2022.5000,-93.7243,-76.3858
2023.0000,-93.3760,-76.0390
2023.5000,-93.0353,-75.6716
2024.0000,-92.7094,-75.2908
2024.5000,-92.4015,-74.9010
2025.0000,-92.1055,-74.4949
2025.5000,-91.8263,-74.0777
2026.0000,-91.5678,-73.6541
2026.5000,-91.3307,-73.2235
2027.0000,-91.1112,-72.7785
2027.5000,-90.9056,-72.3139
2028.0000,-90.7238,-71.8608
2028.5000,-90.5525,-71.3966
2029.0000,-90.3859,-70.9137
2029.5000,-90.2300,-70.4375
2030.0000,-90.0812,-69.9673
2030.5000,-89.9320,-69.4862
2031.0000,-89.7811,-68.9970
2031.5000,-89.6334,-68.5225
2032.0000,-89.4820,-68.0454
2032.5000,-89.3258,-67.5685
2033.0000,-89.1629,-67.0920
2033.5000,-88.9913,-66.6156
2034.0000,-88.8119,-66.1477
2034.5000,-88.6240,-65.6908
2035.0000,-88.4178,-65.2280
2035.5000,-88.1960,-64.7727
2036.0000,-87.9618,-64.3365
2036.5000,-87.7099,-63.9130
2037.0000,-87.4297,-63.4906
2037.5000,-87.1329,-63.0907
2038.0000,-86.8183,-62.7110
2038.5000,-86.4810,-62.3447
2039.0000,-86.1244,-61.9949
2039.5000,-85.7483,-61.6600
2040.0000,-85.3660,-61.3477
2040.5000,-84.9683,-61.0467
2041.0000,-84.5557,-60.7545
2041.5000,-84.1413,-60.4767
2042.0000,-83.7222,-60.2077
2042.5000,-83.2954,-59.9423
2043.0000,-82.8652,-59.6803
2043.5000,-82.4368,-59.4220
2044.0000,-82.0082,-59.1632
2044.5000,-81.5821,-58.9026
2045.0000,-81.1540,-58.6347
2045.5000,-80.7325,-58.3616
2046.0000,-80.3212,-58.0829
2046.5000,-79.9137,-57.7908
2047.0000,-79.5129,-57.4834
2047.5000,-79.1303,-57.1658
2048.0000,-78.7632,-56.8328
2048.5000,-78.4070,-56.4758
2049.0000,-78.0748,-56.1039
2049.5000,-77.7665,-55.7157
2050.0000,-77.4805,-55.3085
2050.5000,-77.2175,-54.8830
2051.0000,-76.9774,-54.4409
2051.5000,-76.7647,-53.9969
2052.0000,-76.5689,-53.5364
2052.5000,-76.3882,-53.0607
2053.0000,-76.2279,-52.5938
2053.5000,-76.0781,-52.1179
2054.0000,-75.9362,-51.6332
2054.5000,-75.8021,-51.1494
2055.0000,-75.6731,-50.6669
2055.5000,-75.5455,-50.1823
2056.0000,-75.4172,-49.6973
2056.5000,-75.2853,-49.2108
2057.0000,-75.1486,-48.7288
2057.5000,-75.0051,-48.2535
2058.0000,-74.8484,-47.7739
2058.5000,-74.6784,-47.3000
2059.0000,-74.4947,-46.8390
2059.5000,-74.2918,-46.3843
2060.0000,-74.0651,-45.9347
2060.5000,-73.8179,-45.5022
2061.0000,-73.5483,-45.0865
2061.5000,-73.2546,-44.6865
2062.0000,-72.9349,-44.3019
2062.5000,-72.5898,-43.9336
2063.0000,-72.2375,-43.5965
2063.5000,-71.8605,-43.2690
2064.0000,-71.4603,-42.9498
2064.5000,-71.0629,-42.6548
2065.0000,-70.6567,-42.3700
2065.5000,-70.2375,-42.0891
2066.0000,-69.8104,-41.8125
2066.5000,-69.3894,-41.5456
2067.0000,-68.9651,-41.2793
2067.5000,-68.5408,-41.0126
2068.0000,-68.1154,-40.7420
2068.5000,-67.6909,-40.4653
2069.0000,-67.2763,-40.1851
2069.5000,-66.8746,-39.9006
2070.0000,-66.4675,-39.5942
2070.5000,-66.0747,-39.2753
2071.0000,-65.7056,-38.9479
2071.5000,-65.3527,-38.6012
2072.0000,-65.0128,-38.2253
2072.5000,-64.7041,-37.8357
2073.0000,-64.4250,-37.4305
2073.5000,-64.1718,-37.0063
2074.0000,-63.9429,-36.5629
2074.5000,-63.7371,-36.0984
2075.0000,-63.5658,-35.6506
2075.5000,-63.4081,-35.1790
2076.0000,-63.2618,-34.6842
2076.5000,-63.1332,-34.2013
2077.0000,-63.0159,-33.7229
2077.5000,-62.9029,-33.2322
2078.0000,-62.7927,-32.7325
2078.5000,-62.6862,-32.2392
2079.0000,-62.5804,-31.7476
2079.5000,-62.4732,-31.2580
2080.0000,-62.3635,-30.7741
2080.5000,-62.2434,-30.2717
2081.0000,-62.1166,-29.7777
2081.5000,-61.9835,-29.3023
2082.0000,-61.8402,-28.8396
2082.5000,-61.6655,-28.3394
2083.0000,-61.4794,-27.8764
2083.5000,-61.2820,-27.4520
2084.0000,-61.0298,-26.9909
2084.5000,-60.7623,-26.5771
2085.0000,-60.4747,-26.1897
2085.5000,-60.1650,-25.8037
2086.0000,-59.8387,-25.4190
2086.5000,-59.5163,-25.0813
2087.0000,-59.1456,-24.7427
2087.5000,-58.7371,-24.4155
2088.0000,-58.3554,-24.1404
2088.5000,-57.9383,-23.8634
2089.0000,-57.4892,-23.5846
2089.5000,-57.0611,-23.3320
2090.0000,-56.6319,-23.0874
2090.5000,-56.1906,-22.8418
2091.0000,-55.7420,-22.5953
2091.5000,-55.2949,-22.3502
2092.0000,-54.8515,-22.1051
2092.5000,-54.4154,-21.8594
2093.0000,-53.9909,-21.6134
2093.5000,-53.5460,-21.3446
2094.0000,-53.1129,-21.0678
2094.5000,-52.7085,-20.7907
2095.0000,-52.3235,-20.5040
2095.5000,-51.9181,-20.1691
2096.0000,-51.5571,-19.8329
2096.5000,-51.2284,-19.4882
2097.0000,-50.9024,-19.1114
2097.5000,-50.5853,-18.7285
2098.0000,-50.2861,-18.3434
2098.5000,-50.0133,-17.9436
2099.0000,-49.7567,-17.4985
2099.5000,-49.5410,-17.0494
2100.0000,-49.3630,-16.6088
2100.5000,-49.1994,-16.1311
2101.0000,-49.0499,-15.6173
2101.5000,-48.9320,-15.1480
2102.0000,-48.8271,-14.6742
2102.5000,-48.7295,-14.1807
2103.0000,-48.6382,-13.6697
2103.5000,-48.5550,-13.1627
2104.0000,-48.4804,-12.6776
2104.5000,-48.4080,-12.1845
2105.0000,-48.3367,-11.6857
2105.5000,-48.2655,-11.1832
2106.0000,-48.1937,-10.6809
2106.5000,-48.1204,-10.1812
2107.0000,-48.0443,-9.6839
2107.5000,-47.9646,-9.1905
2108.0000,-47.8806,-8.7028
2108.5000,-47.7888,-8.2079
2109.0000,-47.6879,-7.7063
2109.5000,-47.5801,-7.2146
2110.0000,-47.4653,-6.7334
2110.5000,-47.3432,-6.2627
2111.0000,-47.2069,-5.7772
2111.5000,-47.0614,-5.2957
2112.0000,-46.9093,-4.8222
2112.5000,-46.7512,-4.3538
2113.0000,-46.5850,-3.9019
2113.5000,-46.4031,-3.4686
2114.0000,-46.1899,-3.0308
2114.5000,-45.9387,-2.5869
2115.0000,-45.6448,-2.1361
2115.5000,-45.3608,-1.7498
2116.0000,-45.0717,-1.3927
2116.5000,-44.7538,-1.0314
2117.0000,-44.4072,-0.6666
2117.5000,-44.0322,-0.2987
2118.0000,-43.6298,0.0716
2118.5000,-43.2450,0.4065
2119.0000,-42.8817,0.7080
2119.5000,-42.5031,1.0096
2120.0000,-42.1100,1.3108
2120.5000,-41.7036,1.6108
2121.0000,-41.2851,1.9092
2121.5000,-40.8558,2.2053
2122.0000,-40.4170,2.4986
2122.5000,-39.9967,2.7714
2123.0000,-39.5728,3.0390
2123.5000,-39.1443,3.3025
2124.0000,-38.7122,3.5614
2124.5000,-38.2777,3.8152
2125.0000,-37.8422,4.0633
2125.5000,-37.4067,4.3054
2126.0000,-36.9724,4.5410
2126.5000,-36.5083,4.7865
2127.0000,-36.0394,5.0278
2127.5000,-35.5761,5.2599
2128.0000,-35.1197,5.4821
2128.5000,-34.6715,5.6941
2129.0000,-34.2324,5.8955
2129.5000,-33.8036,6.0862
2130.0000,-33.3464,6.2825
2130.5000,-32.8358,6.4926
2131.0000,-32.3452,6.6849
2131.5000,-31.8750,6.8594
2132.0000,-31.4253,7.0168
2132.5000,-30.9956,7.1576
2133.0000,-30.5245,7.3005
2133.5000,-30.0179,7.4400
2134.0000,-29.5343,7.5595
2134.5000,-29.0657,7.6637
2135.0000,-28.6028,7.7583
2135.5000,-28.0917,7.8555
2136.0000,-27.5899,7.9446
2136.5000,-27.1018,8.0261
2137.0000,-26.6308,8.1005
2137.5000,-26.1030,8.1795
2138.0000,-25.6002,8.2510
2138.5000,-25.1270,8.3157
2139.0000,-24.6296,8.3817
2139.5000,-24.1225,8.4478
2140.0000,-23.6500,8.5096
2140.5000,-23.1522,8.5765
2141.0000,-22.6608,8.6456
2141.5000,-22.1781,8.7172
2142.0000,-21.6894,8.7935
2142.5000,-21.1874,8.8744
2143.0000,-20.7107,8.9520
2143.5000,-20.2125,9.0319
2144.0000,-19.7097,9.1093
2144.5000,-19.2153,9.1801
2145.0000,-18.7152,9.2443
