distance_m,x_m,y_m
0.0000,0.0000,-0.0363
0.5000,0.4917,0.0508
1.0000,0.9834,0.1384
1.5000,1.4757,0.2268
2.0000,1.9685,0.3160
2.5000,2.4585,0.4055
3.0000,2.9496,0.4960
3.5000,3.4420,0.5877
4.0000,3.9350,0.6804
4.5000,4.4251,0.7735
5.0000,4.9160,0.8676
5.5000,5.4075,0.9626
6.0000,5.8992,1.0585
6.5000,6.3904,1.1551
7.0000,6.8812,1.2524
7.5000,7.3714,1.3502
8.0000,7.8612,1.4486
8.5000,8.3535,1.5482
9.0000,8.8442,1.6481
9.5000,9.3330,1.7482
10.0000,9.8212,1.8488
10.5000,10.3138,1.9509
11.0000,10.8039,2.0531
11.5000,11.2914,2.1554
12.0000,11.7789,2.2585
12.5000,12.2698,2.3631
13.0000,12.7585,2.4682
13.5000,13.2456,2.5741
14.0000,13.7330,2.6812
14.5000,14.2215,2.7900
15.0000,14.7093,2.9002
15.5000,15.1962,3.0117
16.0000,15.6837,3.1251
16.5000,16.1709,3.2401
17.0000,16.6569,3.3566
17.5000,17.1417,3.4747
18.0000,17.6272,3.5949
18.5000,18.1121,3.7170
19.0000,18.5963,3.8410
19.5000,19.0799,3.9670
20.0000,19.5623,4.0947
20.5000,20.0447,4.2247
21.0000,20.5274,4.3569
21.5000,21.0092,4.4910
22.0000,21.4886,4.6266
22.5000,21.9689,4.7646
23.0000,22.4504,4.9049
23.5000,22.9297,5.0467
24.0000,23.4070,5.1898
24.5000,23.8856,5.3352
25.0000,24.3655,5.4828
25.5000,24.8428,5.6314
26.0000,25.3192,5.7813
26.5000,25.7962,5.9329
27.0000,26.2732,6.0860
27.5000,26.7473,6.2395
28.0000,27.2199,6.3937
28.5000,27.6943,6.5484
29.0000,28.1742,6.7033
29.5000,28.6408,6.8513
30.0000,29.1116,6.9970
30.5000,29.5922,7.1418
31.0000,30.0830,7.2852
31.5000,30.5623,7.4208
32.0000,31.0388,7.5513
32.5000,31.5226,7.6797
33.0000,32.0126,7.8055
33.5000,32.5051,7.9278
34.0000,32.9919,8.0450
34.5000,33.4803,8.1589
35.0000,33.9688,8.2694
35.5000,34.4557,8.3761
36.0000,34.9530,8.4818
36.5000,35.4519,8.5846
37.0000,35.9436,8.6826
37.5000,36.4265,8.7759
38.0000,36.9147,8.8671
38.5000,37.4260,8.9593
39.0000,37.9217,9.0452
39.5000,38.4011,9.1249
40.0000,38.8889,9.2023
40.5000,39.3984,9.2787
41.0000,39.8890,9.3477
41.5000,40.3644,9.4097
42.0000,40.8670,9.4696
42.5000,41.3672,9.5233
43.0000,41.8580,9.5713
43.5000,42.3844,9.6186
44.0000,42.8871,9.6605
44.5000,43.3538,9.6971
45.0000,43.8849,9.7365
45.5000,44.3474,9.7690
46.0000,44.8559,9.8029
46.5000,45.3341,9.8329
47.0000,45.8261,9.8614
47.5000,46.3098,9.8869
48.0000,46.8021,9.9106
48.5000,47.3257,9.9334
49.0000,47.7952,9.9518
49.5000,48.3063,9.9697
50.0000,48.8359,9.9858
50.5000,49.3239,9.9982
51.0000,49.8243,10.0081
51.5000,50.3335,10.0153
52.0000,50.8211,10.0200
52.5000,51.3026,10.0234
53.0000,51.8031,10.0261
53.5000,52.3245,10.0285
54.0000,52.8214,10.0307
54.5000,53.3005,10.0329
55.0000,53.7960,10.0354
55.5000,54.3074,10.0382
56.0000,54.8341,10.0415
56.5000,55.3236,10.0450
57.0000,55.8123,10.0487
57.5000,56.3103,10.0529
58.0000,56.8166,10.0575
58.5000,57.3302,10.0626
59.0000,57.8373,10.0679
59.5000,58.3331,10.0735
60.0000,58.8324,10.0794
60.5000,59.3339,10.0856
61.0000,59.8366,10.0921
61.5000,60.3396,10.0990
62.0000,60.8453,10.1061
62.5000,61.3503,10.1136
63.0000,61.8529,10.1213
63.5000,62.3521,10.1292
64.0000,62.8475,10.1374
64.5000,63.3419,10.1459
65.0000,63.8533,10.1550
65.5000,64.3590,10.1644
66.0000,64.8590,10.1742
66.5000,65.3532,10.1843
67.0000,65.8423,10.1948
67.5000,66.3428,10.2061
68.0000,66.8437,10.2182
68.5000,67.3421,10.2311
69.0000,67.8397,10.2448
69.5000,68.3384,10.2595
70.0000,68.8321,10.2747
70.5000,69.3252,10.2904
71.0000,69.8224,10.3066
71.5000,70.3242,10.3232
72.0000,70.8309,10.3401
72.5000,71.3326,10.3569
73.0000,71.8249,10.3733
73.5000,72.3217,10.3898
74.0000,72.8225,10.4063
74.5000,73.3270,10.4227
75.0000,73.8348,10.4391
75.5000,74.3330,10.4550
76.0000,74.8321,10.4708
76.5000,75.3324,10.4864
77.0000,75.8333,10.5018
77.5000,76.3341,10.5170
78.0000,76.8362,10.5320
78.5000,77.3427,10.5470
79.0000,77.8467,10.5618
79.5000,78.3475,10.5763
80.0000,78.8444,10.5904
80.5000,79.3365,10.6043
81.0000,79.8450,10.6185
81.5000,80.3562,10.6325
82.0000,80.8599,10.6460
82.5000,81.3556,10.6591
83.0000,81.8426,10.6717
83.5000,82.3430,10.6843
84.0000,82.8580,10.6967
84.5000,83.3620,10.7083
85.0000,83.8552,10.7190
85.5000,84.3381,10.7286
86.0000,84.8415,10.7375
86.5000,85.3471,10.7450
87.0000,85.8451,10.7507
87.5000,86.3380,10.7543
88.0000,86.8398,10.7557
88.5000,87.3568,10.7544
89.0000,87.8612,10.7502
89.5000,88.3499,10.7431
90.0000,88.8433,10.7324
90.5000,89.3671,10.7165
91.0000,89.8649,10.6963
91.5000,90.3377,10.6717
92.0000,90.8498,10.6381
92.5000,91.3500,10.5975
93.0000,91.8293,10.5505
93.5000,92.3238,10.4937
94.0000,92.8170,10.4290
94.5000,93.3104,10.3574
95.0000,93.7873,10.2831
95.5000,94.2815,10.2024
96.0000,94.7879,10.1172
96.5000,95.2586,10.0364
97.0000,95.7506,9.9508
97.5000,96.2636,9.8606
98.0000,96.7515,9.7736
98.5000,97.2399,9.6851
99.0000,97.7372,9.5930
99.5000,98.2379,9.4972
100.0000,98.7184,9.4015
100.5000,99.2028,9.3012
101.0000,99.6945,9.1956
101.5000,100.1933,9.0847
102.0000,100.6630,8.9773
102.5000,101.1432,8.8648
103.0000,101.6343,8.7476
103.5000,102.1361,8.6259
104.0000,102.6163,8.5079
104.5000,103.0951,8.3894
105.0000,103.5809,8.2684
105.5000,104.0725,8.1455
106.0000,104.5673,8.0217
106.5000,105.0517,7.9007
107.0000,105.5379,7.7798
107.5000,106.0245,7.6594
108.0000,106.5102,7.5402
108.5000,106.9985,7.4217
109.0000,107.4951,7.3028
109.5000,107.9865,7.1870
110.0000,108.4713,7.0749
110.5000,108.9485,6.9671
111.0000,109.4449,6.8578
111.5000,109.9465,6.7510
112.0000,110.4363,6.6504
112.5000,110.9141,6.5563
113.0000,111.3994,6.4652
113.5000,111.9025,6.3758
114.0000,112.3943,6.2936
114.5000,112.8776,6.2176
115.0000,113.3699,6.1446
115.5000,113.8707,6.0742
116.0000,114.3661,6.0076
116.5000,114.8534,5.9447
117.0000,115.3636,5.8814
117.5000,115.8643,5.8219
118.0000,116.3513,5.7668
118.5000,116.8482,5.7136
119.0000,117.3524,5.6635
119.5000,117.8434,5.6192
120.0000,118.3361,5.5803
120.5000,118.8370,5.5473
121.0000,119.3332,5.5222
121.5000,119.8275,5.5054
122.0000,120.3239,5.4972
122.5000,120.8269,5.4979
123.0000,121.3223,5.5073
123.5000,121.8163,5.5248
124.0000,122.3220,5.5505
124.5000,122.8231,5.5831
125.0000,123.3169,5.6217
125.5000,123.8184,5.6667
126.0000,124.3222,5.7177
126.5000,124.8152,5.7727
127.0000,125.3093,5.8319
127.5000,125.8099,5.8941
128.0000,126.2955,5.9551
128.5000,126.7846,6.0161
129.0000,127.2861,6.0772
129.5000,127.7958,6.1374
130.0000,128.2817,6.1929
130.5000,128.7768,6.2473
131.0000,129.2796,6.3003
131.5000,129.7859,6.3515
132.0000,130.2836,6.3999
132.5000,130.7829,6.4464
133.0000,131.2816,6.4912
133.5000,131.7795,6.5341
134.0000,132.2903,6.5767
134.5000,132.7932,6.6171
135.0000,133.2861,6.6555
135.5000,133.7777,6.6926
136.0000,134.2960,6.7307
136.5000,134.7961,6.7664
137.0000,135.2770,6.8000
137.5000,135.7834,6.8344
138.0000,136.2875,6.8677
138.5000,136.7732,6.8985
139.0000,137.2686,6.9284
139.5000,137.7734,6.9565
140.0000,138.2671,6.9819
140.5000,138.7981,7.0074
141.0000,139.2953,7.0298
141.5000,139.7866,7.0509
142.0000,140.2834,7.0715
142.5000,140.7667,7.0916
143.0000,141.2428,7.1121
143.5000,141.7387,7.1339
144.0000,142.2081,7.1539
144.5000,142.7134,7.1745
145.0000,143.2295,7.1941
145.5000,143.6992,7.2109
146.0000,144.2140,7.2278
146.5000,144.7522,7.2439
147.0000,145.2360,7.2567
147.5000,145.7341,7.2680
148.0000,146.2418,7.2774
148.5000,146.7489,7.2849
149.0000,147.2249,7.2902
149.5000,147.7160,7.2942
150.0000,148.2237,7.2970
150.5000,148.7491,7.2986
151.0000,149.2326,7.2989
151.5000,149.7154,7.2984
152.0000,150.2120,7.2969
152.5000,150.7222,7.2944
153.0000,151.2458,7.2911
153.5000,151.7412,7.2871
154.0000,152.2267,7.2824
154.5000,152.7213,7.2770
155.0000,153.2244,7.2707
155.5000,153.7355,7.2635
156.0000,154.2538,7.2555
156.5000,154.7459,7.2472
157.0000,155.2394,7.2381
157.5000,155.7374,7.2282
158.0000,156.2393,7.2174
158.5000,156.7445,7.2058
159.0000,157.2525,7.1933
159.5000,157.7537,7.1801
160.0000,158.2525,7.1662
160.5000,158.7523,7.1514
161.0000,159.2528,7.1358
161.5000,159.7534,7.1192
162.0000,160.2538,7.1018
162.5000,160.7547,7.0834
163.0000,161.2570,7.0641
163.5000,161.7583,7.0439
164.0000,162.2583,7.0228
164.5000,162.7571,7.0009
165.0000,163.2546,6.9781
165.5000,163.7509,6.9545
166.0000,164.2498,6.9299
166.5000,164.7480,6.9045
167.0000,165.2457,6.8784
167.5000,165.7436,6.8516
168.0000,166.2425,6.8242
168.5000,166.7449,6.7958
169.0000,167.2279,6.7677
169.5000,167.7076,6.7391
170.0000,168.1952,6.7091
170.5000,168.6915,6.6777
171.0000,169.1972,6.6449
171.5000,169.7130,6.6105
172.0000,170.2390,6.5745
172.5000,170.7141,6.5413
173.0000,171.1958,6.5069
173.5000,171.6853,6.4712
174.0000,172.1825,6.4343
174.5000,172.6868,6.3962
175.0000,173.1978,6.3569
175.5000,173.7150,6.3165
176.0000,174.2249,6.2761
176.5000,174.7157,6.2366
177.0000,175.2101,6.1963
177.5000,175.7075,6.1552
178.0000,176.2072,6.1133
178.5000,176.7086,6.0709
179.0000,177.2108,6.0278
179.5000,177.7132,5.9842
180.0000,178.2166,5.9401
180.5000,178.7272,5.8948
181.0000,179.2356,5.8491
181.5000,179.7409,5.8033
182.0000,180.2424,5.7573
182.5000,180.7393,5.7112
183.0000,181.2308,5.6650
183.5000,181.7161,5.6190
184.0000,182.2028,5.5723
184.5000,182.7345,5.5206
185.0000,183.2557,5.4694
185.5000,183.7655,5.4186
186.0000,184.2633,5.3683
186.5000,184.7484,5.3186
187.0000,185.2202,5.2696
187.5000,185.6816,5.2211
188.0000,186.2271,5.1627
188.5000,186.7514,5.1056
189.0000,187.2547,5.0499
189.5000,187.7374,4.9954
190.0000,188.2007,4.9422
190.5000,188.6711,4.8872
191.0000,189.1903,4.8255
191.5000,189.6904,4.7651
192.0000,190.1773,4.7057
192.5000,190.6573,4.6468
193.0000,191.1723,4.5835
193.5000,191.7046,4.5179
194.0000,192.2043,4.4562
194.5000,192.6647,4.3993
195.0000,193.1846,4.3349
195.5000,193.7115,4.2696
196.0000,194.1371,4.2169
196.5000,194.6675,4.1514
197.0000,195.1107,4.0978
197.5000,195.5692,4.0447
198.0000,196.0807,3.9866
198.5000,196.5366,3.9351
199.0000,197.0309,3.8796
199.5000,197.5920,3.8169
200.0000,198.0591,3.7652
200.5000,198.5568,3.7106
201.0000,199.0732,3.6547
201.5000,199.5710,3.6020
202.0000,200.0380,3.5541
202.5000,200.5243,3.5062
203.0000,201.0379,3.4578
203.5000,201.5684,3.4102
204.0000,202.0176,3.3713
204.5000,202.4901,3.3316
205.0000,202.9862,3.2911
205.5000,203.5058,3.2497
206.0000,204.0481,3.2072
206.5000,204.5438,3.1689
207.0000,205.0191,3.1326
207.5000,205.5069,3.0955
208.0000,206.0061,3.0577
208.5000,206.5152,3.0192
209.0000,207.0329,2.9801
209.5000,207.5576,2.9402
210.0000,208.0537,2.9023
210.5000,208.5528,2.8640
211.0000,209.0537,2.8251
211.5000,209.5552,2.7857
212.0000,210.0557,2.7458
212.5000,210.5538,2.7056
213.0000,211.0481,2.6650
213.5000,211.5699,2.6213
214.0000,212.0897,2.5767
214.5000,212.6004,2.5319
215.0000,213.1002,2.4868
215.5000,213.5880,2.4415
216.0000,214.0625,2.3960
216.5000,214.5478,2.3480
217.0000,215.0931,2.2917
217.5000,215.6139,2.2355
218.0000,216.1094,2.1793
218.5000,216.5796,2.1234
219.0000,217.0249,2.0676
219.5000,217.5547,1.9975
220.0000,218.0648,1.9258
220.5000,218.5456,1.8548
221.0000,219.0065,1.7844
221.5000,219.4983,1.7086
222.0000,219.9973,1.6318
222.5000,220.4893,1.5563
223.0000,220.9754,1.4823
223.5000,221.4851,1.4055
224.0000,221.9820,1.3318
224.5000,222.4652,1.2618
225.0000,222.9671,1.1913
225.5000,223.4699,1.1240
226.0000,223.9550,1.0631
226.5000,224.4538,1.0058
227.0000,224.9573,0.9549
227.5000,225.4417,0.9141
228.0000,225.9486,0.8817
228.5000,226.4464,0.8619
229.0000,226.9401,0.8555
229.5000,227.4441,0.8639
230.0000,227.9354,0.8871
230.5000,228.4395,0.9262
231.0000,228.9328,0.9784
231.5000,229.4184,1.0416
232.0000,229.9122,1.1205
232.5000,230.3847,1.2126
233.0000,230.8648,1.3204
233.5000,231.3831,1.4484
234.0000,231.8410,1.5685
234.5000,232.3239,1.6996
235.0000,232.8278,1.8391
235.5000,233.3083,1.9733
236.0000,233.7907,2.1076
236.5000,234.2765,2.2412
237.0000,234.7682,2.3736
237.5000,235.2657,2.5031
238.0000,235.7501,2.6233
238.5000,236.2179,2.7322
239.0000,236.7428,2.8430
239.5000,237.2308,2.9319
240.0000,237.7048,3.0010
240.5000,238.2219,3.0516
241.0000,238.6901,3.0721
241.5000,239.1819,3.0746
242.0000,239.6880,3.0603
242.5000,240.1546,3.0260
243.0000,240.6690,2.9669
243.5000,241.1570,2.8950
244.0000,241.6431,2.8121
244.5000,242.1561,2.7161
245.0000,242.6466,2.6188
245.5000,243.1359,2.5184
246.0000,243.6312,2.4154
246.5000,244.1316,2.3115
247.0000,244.6308,2.2100
247.5000,245.1176,2.1148
248.0000,245.6101,2.0246
248.5000,246.1245,1.9400
249.0000,246.6039,1.8738
249.5000,247.1066,1.8224
250.0000,247.6052,1.7956
250.5000,248.0820,1.7953
251.0000,248.5762,1.8144
251.5000,249.0660,1.8522
252.0000,249.5515,1.9155
252.5000,250.0619,2.0088
253.0000,250.5280,2.1141
253.5000,251.0221,2.2421
254.0000,251.5109,2.3812
254.5000,251.9813,2.5236
255.0000,252.4653,2.6762
255.5000,252.9500,2.8328
256.0000,253.4240,2.9875
256.5000,253.9012,3.1429
257.0000,254.3794,3.2968
257.5000,254.8631,3.4487
258.0000,255.3425,3.5940
258.5000,255.8160,3.7310
259.0000,256.3047,3.8644
259.5000,256.7898,3.9879
260.0000,257.2698,4.1013
260.5000,257.7512,4.2071
261.0000,258.2367,4.3082
261.5000,258.7333,4.4063
262.0000,259.2082,4.4890
262.5000,259.6939,4.5582
263.0000,260.2042,4.6129
263.5000,260.7063,4.6493
264.0000,261.1862,4.6694
264.5000,261.6860,4.6768
265.0000,262.2054,4.6720
265.5000,262.7087,4.6571
266.0000,263.1943,4.6348
266.5000,263.6920,4.6055
267.0000,264.2006,4.5700
267.5000,264.7165,4.5298
268.0000,265.2062,4.4889
268.5000,265.7015,4.4459
269.0000,266.2014,4.4017
269.5000,266.7046,4.3574
270.0000,267.2081,4.3143
270.5000,267.7079,4.2735
271.0000,268.2077,4.2354
271.5000,268.7068,4.2008
272.0000,269.2046,4.1704
272.5000,269.7044,4.1447
273.0000,270.2076,4.1240
273.5000,270.7084,4.1090
274.0000,271.2068,4.0999
274.5000,271.7032,4.0964
275.0000,272.1994,4.0982
275.5000,272.6959,4.1049
276.0000,273.1937,4.1154
276.5000,273.6944,4.1285
277.0000,274.2002,4.1449
277.5000,274.6826,4.1662
278.0000,275.1697,4.1959
278.5000,275.6656,4.2362
279.0000,276.1713,4.2887
279.5000,276.6876,4.3547
280.0000,277.1654,4.4268
280.5000,277.6419,4.5091
281.0000,278.1273,4.6030
281.5000,278.6215,4.7083
282.0000,279.1243,4.8248
282.5000,279.6299,4.9505
283.0000,280.0953,5.0730
283.5000,280.5669,5.2030
284.0000,281.0444,5.3399
284.5000,281.5275,5.4830
285.0000,282.0157,5.6316
285.5000,282.5087,5.7848
286.0000,282.9842,5.9349
286.5000,283.4552,6.0852
287.0000,283.9292,6.2374
287.5000,284.4058,6.3908
288.0000,284.8847,6.5447
288.5000,285.3654,6.6983
289.0000,285.8476,6.8510
289.5000,286.3271,7.0009
290.0000,286.8070,7.1485
290.5000,287.2874,7.2932
291.0000,287.7678,7.4346
291.5000,288.2479,7.5721
292.0000,288.7276,7.7054
292.5000,289.2079,7.8343
293.0000,289.6987,7.9611
293.5000,290.1884,8.0825
294.0000,290.6768,8.1983
294.5000,291.1638,8.3085
295.0000,291.6494,8.4132
295.5000,292.1337,8.5125
296.0000,292.6218,8.6078
296.5000,293.1151,8.6996
297.0000,293.6076,8.7875
297.5000,294.0995,8.8721
298.0000,294.5913,8.9545
298.5000,295.0835,9.0360
299.0000,295.5767,9.1176
299.5000,296.0657,9.1979
300.0000,296.5561,9.2767
300.5000,297.0484,9.3534
301.0000,297.5431,9.4272
301.5000,298.0401,9.4977
302.0000,298.5396,9.5644
302.5000,299.0372,9.6264
303.0000,299.5289,9.6831
303.5000,300.0231,9.7356
304.0000,300.5199,9.7838
304.5000,301.0190,9.8277
305.0000,301.5205,9.8674
305.5000,302.0243,9.9032
306.0000,302.5233,9.9347
306.5000,303.0196,9.9627
307.0000,303.5175,9.9876
307.5000,304.0169,10.0098
308.0000,304.5176,10.0297
308.5000,305.0194,10.0478
309.0000,305.5220,10.0644
309.5000,306.0229,10.0800
310.0000,306.5231,10.0950
310.5000,307.0234,10.1100
311.0000,307.5237,10.1255
311.5000,308.0236,10.1419
312.0000,308.5231,10.1597
312.5000,309.0217,10.1795
313.0000,309.5238,10.2018
313.5000,310.0265,10.2271
314.0000,310.5278,10.2556
314.5000,311.0274,10.2880
315.0000,311.5252,10.3244
315.5000,312.0210,10.3652
316.0000,312.5145,10.4108
316.5000,313.0157,10.4625
317.0000,313.5164,10.5198
317.5000,314.0145,10.5828
318.0000,314.5099,10.6514
318.5000,315.0025,10.7256
319.0000,315.4925,10.8055
319.5000,315.9809,10.8911
320.0000,316.4760,10.9836
320.5000,316.9686,11.0813
321.0000,317.4588,11.1834
321.5000,317.9468,11.2896
322.0000,318.4329,11.3990
322.5000,318.9173,11.5107
323.0000,319.4022,11.6243
323.5000,319.8874,11.7407
324.0000,320.3715,11.8613
324.5000,320.8545,11.9878
325.0000,321.3363,12.1217
325.5000,321.8170,12.2643
326.0000,322.2963,12.4163
326.5000,322.7631,12.5747
327.0000,323.2287,12.7436
327.5000,323.6929,12.9231
328.0000,324.1557,13.1137
328.5000,324.6171,13.3152
329.0000,325.0770,13.5276
329.5000,325.5298,13.7480
330.0000,325.9692,13.9723
330.5000,326.4071,14.2058
331.0000,326.8433,14.4480
331.5000,327.2779,14.6984
332.0000,327.7108,14.9563
332.5000,328.1418,15.2209
333.0000,328.5684,15.4900
333.5000,328.9884,15.7612
334.0000,329.4066,16.0368
334.5000,329.8228,16.3159
335.0000,330.2370,16.5976
335.5000,330.6491,16.8812
336.0000,331.0592,17.1657
336.5000,331.4705,17.4528
337.0000,331.8881,17.7451
337.5000,332.3033,18.0357
338.0000,332.7160,18.3238
338.5000,333.1264,18.6086
339.0000,333.5342,18.8894
339.5000,333.9395,19.1653
340.0000,334.3551,19.4443
340.5000,334.7855,19.7284
341.0000,335.2130,20.0049
341.5000,335.6374,20.2733
342.0000,336.0589,20.5332
342.5000,336.4772,20.7846
343.0000,336.8939,21.0280
343.5000,337.3437,21.2831
344.0000,337.7899,21.5284
344.5000,338.2326,21.7648
345.0000,338.6719,21.9933
345.5000,339.1079,22.2151
346.0000,339.5442,22.4340
346.5000,339.9940,22.6582
347.0000,340.4410,22.8814
347.5000,340.8866,23.1047
348.0000,341.3317,23.3291
348.5000,341.7773,23.5552
349.0000,342.2196,23.7812
349.5000,342.6605,24.0078
350.0000,343.1033,24.2363
350.5000,343.5481,24.4665
351.0000,343.9949,24.6977
351.5000,344.4438,24.9294
352.0000,344.8898,25.1583
352.5000,345.3368,25.3857
353.0000,345.7849,25.6107
353.5000,346.2339,25.8323
354.0000,346.6830,26.0493
354.5000,347.1353,26.2621
355.0000,347.6032,26.4750
355.5000,348.0693,26.6786
356.0000,348.5329,26.8715
356.5000,348.9932,27.0521
357.0000,349.4494,27.2191
357.5000,349.9364,27.3825
358.0000,350.4338,27.5315
358.5000,350.9230,27.6584
359.0000,351.4029,27.7616
359.5000,351.8726,27.8400
360.0000,352.3851,27.8970
360.5000,352.8999,27.9211
361.0000,353.3980,27.9094
361.5000,353.8791,27.8622
362.0000,354.3668,27.7753
362.5000,354.8583,27.6459
363.0000,355.3299,27.4812
363.5000,355.7833,27.2868
364.0000,356.2335,27.0635
364.5000,356.6767,26.8218
365.0000,357.1062,26.5686
365.5000,357.5207,26.3034
366.0000,357.9393,26.0116
366.5000,358.3391,25.7068
367.0000,358.7188,25.3900
367.5000,359.0884,25.0522
368.0000,359.4463,24.6929
368.5000,359.7804,24.3247
369.0000,360.0949,23.9440
369.5000,360.4018,23.5353
370.0000,360.6823,23.1234
370.5000,360.9406,22.7057
371.0000,361.1909,22.2581
371.5000,361.4143,21.8148
372.0000,361.6185,21.3637
372.5000,361.8085,20.8926
373.0000,361.9729,20.4307
373.5000,362.1212,19.9514
374.0000,362.2477,19.4697
374.5000,362.3517,18.9865
375.0000,362.4349,18.4926
375.5000,362.4999,17.9952
376.0000,362.5549,17.4735
376.5000,362.5969,16.9921
377.0000,362.6333,16.4752
377.5000,362.6565,15.9995
378.0000,362.6632,15.4970
378.5000,362.6454,15.0176
379.0000,362.6020,14.5105
379.5000,362.5473,14.0432
380.0000,362.4770,13.5198
380.5000,362.4101,13.0547
381.0000,362.3342,12.5432
381.5000,362.2580,12.0391
382.0000,362.1834,11.5498
382.5000,362.1064,11.0481
383.0000,362.0292,10.5586
383.5000,361.9505,10.0778
384.0000,361.8659,9.5792
384.5000,361.7767,9.0711
385.0000,361.6916,8.5979
385.5000,361.6024,8.1095
386.0000,361.5099,7.6063
386.5000,361.4180,7.1054
387.0000,361.3306,6.6244
387.5000,361.2430,6.1336
388.0000,361.1560,5.6341
388.5000,361.0712,5.1306
389.0000,360.9923,4.6420
389.5000,360.9164,4.1487
390.0000,360.8443,3.6518
390.5000,360.7767,3.1524
391.0000,360.7145,2.6540
391.5000,360.6577,2.1558
392.0000,360.6067,1.6579
392.5000,360.5616,1.1609
393.0000,360.5222,0.6628
393.5000,360.4882,0.1607
394.0000,360.4598,-0.3393
394.5000,360.4362,-0.8372
395.0000,360.4166,-1.3333
395.5000,360.3996,-1.8317
396.0000,360.3839,-2.3300
396.5000,360.3676,-2.8292
397.0000,360.3484,-3.3305
397.5000,360.3245,-3.8275
398.0000,360.2940,-4.3228
398.5000,360.2553,-4.8209
399.0000,360.2072,-5.3217
399.5000,360.1491,-5.8223
400.0000,360.0821,-6.3121
400.5000,360.0044,-6.8040
401.0000,359.9158,-7.2978
401.5000,359.8163,-7.7931
402.0000,359.7080,-8.2809
402.5000,359.5911,-8.7640
403.0000,359.4646,-9.2475
403.5000,359.3291,-9.7311
404.0000,359.1851,-10.2145
404.5000,359.0354,-10.6906
405.0000,358.8789,-11.1651
405.5000,358.7160,-11.6383
406.0000,358.5475,-12.1100
406.5000,358.3741,-12.5801
407.0000,358.1959,-13.0494
407.5000,358.0141,-13.5165
408.0000,357.8294,-13.9811
408.5000,357.6424,-14.4432
409.0000,357.4525,-14.9053
409.5000,357.2593,-15.3697
410.0000,357.0652,-15.8314
410.5000,356.8704,-16.2907
411.0000,356.6751,-16.7478
411.5000,356.4779,-17.2063
412.0000,356.2795,-17.6649
412.5000,356.0800,-18.1227
413.0000,355.8791,-18.5803
413.5000,355.6761,-19.0381
414.0000,355.4701,-19.4955
414.5000,355.2608,-19.9510
415.0000,355.0479,-20.4036
415.5000,354.8312,-20.8528
416.0000,354.6093,-21.3009
416.5000,354.3815,-21.7494
417.0000,354.1503,-22.1936
417.5000,353.9159,-22.6339
418.0000,353.6790,-23.0704
418.5000,353.4371,-23.5093
419.0000,353.1930,-23.9467
419.5000,352.9484,-24.3823
420.0000,352.7038,-24.8170
420.5000,352.4600,-25.2517
421.0000,352.2177,-25.6878
421.5000,351.9780,-26.1258
422.0000,351.7416,-26.5666
422.5000,351.5092,-27.0112
423.0000,351.2851,-27.4536
423.5000,351.0668,-27.9000
424.0000,350.8541,-28.3524
424.5000,350.6476,-28.8114
425.0000,350.4493,-29.2730
425.5000,350.2624,-29.7296
426.0000,350.0816,-30.1931
426.5000,349.9068,-30.6635
427.0000,349.7379,-31.1405
427.5000,349.5772,-31.6152
428.0000,349.4237,-32.0876
428.5000,349.2740,-32.5643
429.0000,349.1273,-33.0445
429.5000,348.9826,-33.5266
430.0000,348.8412,-34.0036
430.5000,348.7045,-34.4793
431.0000,348.5737,-34.9596
431.5000,348.4509,-35.4460
432.0000,348.3376,-35.9396
432.5000,348.2381,-36.4249
433.0000,348.1508,-36.9080
433.5000,348.0741,-37.3989
434.0000,348.0078,-37.8977
434.5000,347.9519,-38.4040
435.0000,347.9066,-38.9077
435.5000,347.8714,-39.3984
436.0000,347.8438,-39.8944
436.5000,347.8228,-40.3951
437.0000,347.8077,-40.8996
437.5000,347.7974,-41.4071
438.0000,347.7908,-41.9096
438.5000,347.7867,-42.4108
439.0000,347.7841,-42.9123
439.5000,347.7817,-43.4131
440.0000,347.7783,-43.9124
440.5000,347.7730,-44.4099
441.0000,347.7642,-44.9216
441.5000,347.7508,-45.4287
442.0000,347.7318,-45.9304
442.5000,347.7062,-46.4259
443.0000,347.6730,-46.9145
443.5000,347.6296,-47.4159
444.0000,347.5744,-47.9254
444.5000,347.5083,-48.4252
445.0000,347.4308,-48.9152
445.5000,347.3421,-49.3954
446.0000,347.2391,-49.8804
446.5000,347.1205,-50.3737
447.0000,346.9914,-50.8580
447.5000,346.8534,-51.3348
448.0000,346.7088,-51.8063
448.5000,346.5580,-52.2829
449.0000,346.4038,-52.7616
449.5000,346.2467,-53.2374
450.0000,346.0858,-53.7091
450.5000,345.9201,-54.1760
451.0000,345.7438,-54.6512
451.5000,345.5614,-55.1198
452.0000,345.3723,-55.5815
452.5000,345.1762,-56.0363
453.0000,344.9699,-56.4905
453.5000,344.7533,-56.9439
454.0000,344.5290,-57.3907
454.5000,344.2970,-57.8316
455.0000,344.0575,-58.2676
455.5000,343.8100,-58.7005
456.0000,343.5556,-59.1299
456.5000,343.2948,-59.5566
457.0000,343.0281,-59.9817
457.5000,342.7601,-60.3996
458.0000,342.4887,-60.8157
458.5000,342.2134,-61.2329
459.0000,341.9346,-61.6519
459.5000,341.6557,-62.0694
460.0000,341.3808,-62.4808
460.5000,341.1045,-62.8955
461.0000,340.8274,-63.3139
461.5000,340.5500,-63.7361
462.0000,340.2776,-64.1549
462.5000,340.0080,-64.5741
463.0000,339.7396,-64.9964
463.5000,339.4729,-65.4214
464.0000,339.2083,-65.8482
464.5000,338.9479,-66.2730
465.0000,338.6899,-66.6982
465.5000,338.4334,-67.1255
466.0000,338.1774,-67.5569
466.5000,337.9243,-67.9891
467.0000,337.6802,-68.4120
467.5000,337.4357,-68.8421
468.0000,337.1911,-69.2800
468.5000,336.9468,-69.7258
469.0000,336.7067,-70.1731
469.5000,336.4783,-70.6083
470.0000,336.2518,-71.0504
470.5000,336.0279,-71.4990
471.0000,335.8075,-71.9536
471.5000,335.5914,-72.4137
472.0000,335.3846,-72.8692
472.5000,335.1839,-73.3283
473.0000,334.9900,-73.7906
473.5000,334.8037,-74.2553
474.0000,334.6260,-74.7215
474.5000,334.4546,-75.1970
475.0000,334.2918,-75.6787
475.5000,334.1407,-76.1595
476.0000,334.0019,-76.6383
476.5000,333.8763,-77.1145
477.0000,333.7617,-77.5993
477.5000,333.6575,-78.1027
478.0000,333.5698,-78.6007
478.5000,333.4990,-79.0925
479.0000,333.4449,-79.5779
479.5000,333.4061,-80.0745
480.0000,333.3837,-80.5835
480.5000,333.3785,-81.0849
481.0000,333.3890,-81.5793
481.5000,333.4131,-82.0679
482.0000,333.4496,-82.5669
482.5000,333.4947,-83.0637
483.0000,333.5477,-83.5598
483.5000,333.6107,-84.0566
484.0000,333.6840,-84.5467
484.5000,333.7687,-85.0334
485.0000,333.8662,-85.5229
485.5000,333.9768,-86.0153
486.0000,334.0999,-86.5081
486.5000,334.2300,-86.9836
487.0000,334.3710,-87.4608
487.5000,334.5223,-87.9392
488.0000,334.6829,-88.4181
488.5000,334.8506,-88.8941
489.0000,335.0236,-89.3651
489.5000,335.2019,-89.8341
490.0000,335.3842,-90.3001
490.5000,335.5690,-90.7622
491.0000,335.7602,-91.2326
491.5000,335.9539,-91.7045
492.0000,336.1455,-92.1690
492.5000,336.3334,-92.6252
493.0000,336.5175,-93.0759
493.5000,336.7131,-93.5623
494.0000,336.8989,-94.0356
494.5000,337.0735,-94.4952
495.0000,337.2359,-94.9407
495.5000,337.4078,-95.4385
496.0000,337.5628,-95.9195
496.5000,337.7014,-96.3835
497.0000,337.8319,-96.8578
497.5000,337.9569,-97.3487
498.0000,338.0726,-97.8299
498.5000,338.1817,-98.3137
499.0000,338.2851,-98.8122
499.5000,338.3755,-99.2987
500.0000,338.4548,-99.7903
500.5000,338.5216,-100.2922
501.0000,338.5715,-100.7806
501.5000,338.6057,-101.2841
502.0000,338.6213,-101.7833
502.5000,338.6174,-102.2780
503.0000,338.5930,-102.7809
503.5000,338.5484,-103.2733
504.0000,338.4819,-103.7712
504.5000,338.3947,-104.2621
505.0000,338.2863,-104.7495
505.5000,338.1561,-105.2321
506.0000,338.0036,-105.7077
506.5000,337.8272,-106.1752
507.0000,337.6249,-106.6330
507.5000,337.3991,-107.0754
508.0000,337.1462,-107.5113
508.5000,336.8774,-107.9246
509.0000,336.5847,-108.3323
509.5000,336.2770,-108.7256
510.0000,335.9584,-109.1043
510.5000,335.6183,-109.4848
511.0000,335.2829,-109.8419
511.5000,334.9337,-110.1992
512.0000,334.5703,-110.5595
512.5000,334.2193,-110.8992
513.0000,333.8564,-111.2444
513.5000,333.4836,-111.5948
514.0000,333.1244,-111.9300
514.5000,332.7585,-112.2705
515.0000,332.3876,-112.6161
515.5000,332.0227,-112.9575
516.0000,331.6590,-113.3005
516.5000,331.2959,-113.6464
517.0000,330.9371,-113.9930
517.5000,330.5829,-114.3418
518.0000,330.2300,-114.6969
518.5000,329.8790,-115.0590
519.0000,329.5385,-115.4196
519.5000,329.2002,-115.7874
520.0000,328.8649,-116.1621
520.5000,328.5353,-116.5408
521.0000,328.2116,-116.9230
521.5000,327.8934,-117.3092
522.0000,327.5812,-117.6988
522.5000,327.2699,-118.0985
523.0000,326.9672,-118.4985
523.5000,326.6740,-118.8977
524.0000,326.3813,-119.3086
524.5000,326.0943,-119.7250
525.0000,325.8199,-120.1371
525.5000,325.5518,-120.5551
526.0000,325.2858,-120.9869
526.5000,325.0339,-121.4139
527.0000,324.7920,-121.8433
527.5000,324.5556,-122.2837
528.0000,324.3287,-122.7275
528.5000,324.1039,-123.1877
529.0000,323.8831,-123.6549
529.5000,323.6785,-124.0962
530.0000,323.4606,-124.5707
530.5000,323.2546,-125.0196
531.0000,323.0496,-125.4633
531.5000,322.8455,-125.9027
532.0000,322.6481,-126.3347
532.5000,322.4487,-126.7892
533.0000,322.2680,-127.2184
533.5000,322.0580,-127.7334
534.0000,321.8957,-128.1404
534.5000,321.7159,-128.5982
535.0000,321.5187,-129.1069
535.5000,321.3398,-129.5729
536.0000,321.1692,-130.0207
536.5000,320.9912,-130.4907
537.0000,320.8076,-130.9783
537.5000,320.6257,-131.4637
538.0000,320.4615,-131.9056
538.5000,320.2968,-132.3591
539.0000,320.1319,-132.8296
539.5000,319.9670,-133.3216
540.0000,319.8063,-133.8261
540.5000,319.6745,-134.2603
541.0000,319.5430,-134.7129
541.5000,319.4120,-135.1845
542.0000,319.2814,-135.6755
542.5000,319.1513,-136.1858
543.0000,319.0216,-136.7151
543.5000,318.9099,-137.1875
544.0000,318.8038,-137.6495
544.5000,318.6979,-138.1231
545.0000,318.5923,-138.6075
545.5000,318.4869,-139.1021
546.0000,318.3816,-139.6060
546.5000,318.2765,-140.1185
547.0000,318.1720,-140.6365
547.5000,318.0765,-141.1155
548.0000,317.9811,-141.5993
548.5000,317.8856,-142.0872
549.0000,317.7900,-142.5785
549.5000,317.6944,-143.0722
550.0000,317.5986,-143.5677
550.5000,317.5027,-144.0642
551.0000,317.4065,-144.5608
551.5000,317.3094,-145.0606
552.0000,317.2114,-145.5620
552.5000,317.1131,-146.0612
553.0000,317.0145,-146.5574
553.5000,316.9154,-147.0499
554.0000,316.8160,-147.5381
554.5000,316.7161,-148.0212
555.0000,316.6157,-148.4987
555.5000,316.5128,-148.9800
556.0000,316.4001,-149.4957
556.5000,316.2869,-150.0026
557.0000,316.1730,-150.5002
557.5000,316.0584,-150.9882
558.0000,315.9432,-151.4662
558.5000,315.8274,-151.9342
559.0000,315.7110,-152.3923
559.5000,315.5826,-152.8836
560.0000,315.4476,-153.3852
560.5000,315.3120,-153.8752
561.0000,315.1758,-154.3549
561.5000,315.0392,-154.8256
562.0000,314.9022,-155.2893
562.5000,314.7644,-155.7503
563.0000,314.6198,-156.2319
563.5000,314.4754,-156.7133
564.0000,314.3320,-157.1942
564.5000,314.1899,-157.6739
565.0000,314.0497,-158.1517
565.5000,313.9117,-158.6271
566.0000,313.7714,-159.1169
566.5000,313.6333,-159.6057
567.0000,313.4985,-160.0907
567.5000,313.3670,-160.5714
568.0000,313.2391,-161.0479
568.5000,313.1146,-161.5199
569.0000,312.9867,-162.0142
569.5000,312.8619,-162.5065
570.0000,312.7409,-162.9937
570.5000,312.6233,-163.4760
571.0000,312.5090,-163.9536
571.5000,312.3960,-164.4343
572.0000,312.2815,-164.9290
572.5000,312.1696,-165.4195
573.0000,312.0599,-165.9061
573.5000,311.9518,-166.3894
574.0000,311.8450,-166.8698
574.5000,311.7362,-167.3607
575.0000,311.6275,-167.8498
575.5000,311.5187,-168.3373
576.0000,311.4092,-168.8237
576.5000,311.2986,-169.3095
577.0000,311.1865,-169.7949
577.5000,311.0725,-170.2804
578.0000,310.9564,-170.7662
578.5000,310.8377,-171.2525
579.0000,310.7165,-171.7394
579.5000,310.5933,-172.2238
580.0000,310.4678,-172.7070
580.5000,310.3398,-173.1905
581.0000,310.2092,-173.6739
581.5000,310.0765,-174.1568
582.0000,309.9415,-174.6406
582.5000,309.8044,-175.1254
583.0000,309.6664,-175.6075
583.5000,309.5262,-176.0864
584.0000,309.3820,-176.5622
584.5000,309.2320,-177.0362
585.0000,309.0737,-177.5121
585.5000,308.9079,-177.9843
586.0000,308.7338,-178.4528
586.5000,308.5509,-178.9175
587.0000,308.3590,-179.3784
587.5000,308.1576,-179.8363
588.0000,307.9472,-180.2902
588.5000,307.7282,-180.7399
589.0000,307.5008,-181.1854
589.5000,307.2657,-181.6268
590.0000,307.0222,-182.0661
590.5000,306.7724,-182.5009
591.0000,306.5171,-182.9314
591.5000,306.2571,-183.3574
592.0000,305.9935,-183.7789
592.5000,305.7206,-184.2060
593.0000,305.4459,-184.6286
593.5000,305.1705,-185.0465
594.0000,304.8954,-185.4597
594.5000,304.6211,-185.8691
595.0000,304.3357,-186.2937
595.5000,304.0537,-186.7132
596.0000,303.7759,-187.1277
596.5000,303.5031,-187.5374
597.0000,303.2294,-187.9517
597.5000,302.9503,-188.3788
598.0000,302.6776,-188.8009
598.5000,302.4112,-189.2179
599.0000,302.1504,-189.6303
599.5000,301.8810,-190.0589
600.0000,301.6141,-190.4840
600.5000,301.3489,-190.9052
601.0000,301.0857,-191.3241
601.5000,300.8214,-191.7482
602.0000,300.5592,-192.1746
602.5000,300.3008,-192.6023
603.0000,300.0469,-193.0319
603.5000,299.7966,-193.4659
604.0000,299.5515,-193.9033
604.5000,299.3125,-194.3427
605.0000,299.0803,-194.7838
605.5000,298.8523,-195.2323
606.0000,298.6304,-195.6852
606.5000,298.4172,-196.1376
607.0000,298.2131,-196.5885
607.5000,298.0121,-197.0521
608.0000,297.8181,-197.5210
608.5000,297.6356,-197.9847
609.0000,297.4649,-198.4422
609.5000,297.2945,-198.9263
610.0000,297.1365,-199.4065
610.5000,296.9928,-199.8763
611.0000,296.8585,-200.3542
611.5000,296.7328,-200.8485
612.0000,296.6236,-201.3308
612.5000,296.5289,-201.8116
613.0000,296.4458,-202.3089
613.5000,296.3781,-202.8022
614.0000,296.3233,-203.2995
614.5000,296.2801,-203.8050
615.0000,296.2496,-204.2987
615.5000,296.2304,-204.7985
616.0000,296.2236,-205.3006
616.5000,296.2295,-205.7925
617.0000,296.2487,-206.2911
617.5000,296.2815,-206.7891
618.0000,296.3269,-207.2821
618.5000,296.3836,-207.7719
619.0000,296.4526,-208.2761
619.5000,296.5269,-208.7582
620.0000,296.6087,-209.2472
620.5000,296.6990,-209.7559
621.0000,296.7874,-210.2358
621.5000,296.8792,-210.7233
622.0000,296.9746,-211.2256
622.5000,297.0686,-211.7217
623.0000,297.1603,-212.2117
623.5000,297.2506,-212.7062
624.0000,297.3380,-213.2016
624.5000,297.4218,-213.6954
625.0000,297.5023,-214.1891
625.5000,297.5794,-214.6826
626.0000,297.6532,-215.1773
626.5000,297.7236,-215.6730
627.0000,297.7903,-216.1683
627.5000,297.8531,-216.6632
628.0000,297.9122,-217.1609
628.5000,297.9671,-217.6580
629.0000,298.0176,-218.1548
629.5000,298.0635,-218.6527
630.0000,298.1044,-219.1516
630.5000,298.1398,-219.6501
631.0000,298.1694,-220.1484
631.5000,298.1927,-220.6488
632.0000,298.2089,-221.1487
632.5000,298.2174,-221.6480
633.0000,298.2173,-222.1485
633.5000,298.2078,-222.6490
634.0000,298.1878,-223.1483
634.5000,298.1562,-223.6468
635.0000,298.1114,-224.1459
635.5000,298.0523,-224.6425
636.0000,297.9774,-225.1362
636.5000,297.8864,-225.6280
637.0000,297.7813,-226.1170
637.5000,297.6634,-226.6028
638.0000,297.5337,-227.0849
638.5000,297.3925,-227.5630
639.0000,297.2390,-228.0391
639.5000,297.0726,-228.5132
640.0000,296.8965,-228.9745
640.5000,296.7056,-229.4350
641.0000,296.4986,-229.8948
641.5000,296.2803,-230.3415
642.0000,296.0501,-230.7768
642.5000,295.8014,-231.2122
643.0000,295.5329,-231.6477
643.5000,295.2633,-232.0550
644.0000,294.9786,-232.4572
644.5000,294.6751,-232.8595
645.0000,294.3524,-233.2615
645.5000,294.0360,-233.6341
646.0000,293.7077,-234.0012
646.5000,293.3640,-234.3673
647.0000,293.0055,-234.7322
647.5000,292.6448,-235.0840
648.0000,292.2846,-235.4222
648.5000,291.9144,-235.7579
649.0000,291.5356,-236.0905
649.5000,291.1502,-236.4194
650.0000,290.7775,-236.7286
650.5000,290.3982,-237.0313
651.0000,290.0036,-237.3306
651.5000,289.5895,-237.6267
652.0000,289.1530,-237.9195
652.5000,288.7546,-238.1704
653.0000,288.3438,-238.4143
653.5000,287.9137,-238.6551
654.0000,287.4643,-238.8925
654.5000,286.9959,-239.1259
655.0000,286.5170,-239.3515
655.5000,286.0808,-239.5465
656.0000,285.6322,-239.7375
656.5000,285.1724,-239.9242
657.0000,284.7021,-240.1063
657.5000,284.2227,-240.2834
658.0000,283.7354,-240.4550
658.5000,283.2513,-240.6177
659.0000,282.7743,-240.7706
659.5000,282.2939,-240.9176
660.0000,281.8111,-241.0584
660.5000,281.3273,-241.1927
661.0000,280.8437,-241.3201
661.5000,280.3617,-241.4404
662.0000,279.8661,-241.5572
662.5000,279.3562,-241.6698
663.0000,278.8526,-241.7733
663.5000,278.3565,-241.8676
664.0000,277.8692,-241.9524
664.5000,277.3920,-242.0276
665.0000,276.9258,-242.0931
665.5000,276.3870,-242.1582
666.0000,275.8637,-242.2097
666.5000,275.3596,-242.2472
667.0000,274.8752,-242.2711
667.5000,274.4104,-242.2816
668.0000,273.9108,-242.2782
668.5000,273.3888,-242.2568
669.0000,272.8906,-242.2187
669.5000,272.4114,-242.1657
670.0000,271.9401,-242.0995
670.5000,271.4400,-242.0175
671.0000,270.9441,-241.9271
671.5000,270.4555,-241.8300
672.0000,269.9745,-241.7275
672.5000,269.4683,-241.6128
673.0000,268.9772,-241.4949
673.5000,268.5018,-241.3747
674.0000,268.0264,-241.2483
674.5000,267.5318,-241.1097
675.0000,267.0549,-240.9688
675.5000,266.5938,-240.8249
676.0000,266.1135,-240.6661
676.5000,265.6425,-240.5008
677.0000,265.1789,-240.3279
677.5000,264.7216,-240.1469
678.0000,264.2637,-239.9551
678.5000,263.8006,-239.7507
679.0000,263.3560,-239.5449
679.5000,262.9141,-239.3316
680.0000,262.4606,-239.1044
680.5000,262.0072,-238.8696
681.0000,261.5804,-238.6421
681.5000,261.1432,-238.4030
682.0000,260.6967,-238.1528
682.5000,260.2558,-237.9001
683.0000,259.8293,-237.6502
683.5000,259.3998,-237.3936
684.0000,258.9685,-237.1315
684.5000,258.5393,-236.8668
685.0000,258.1178,-236.6035
685.5000,257.6958,-236.3370
686.0000,257.2732,-236.0675
686.5000,256.8495,-235.7950
687.0000,256.4367,-235.5276
687.5000,256.0213,-235.2569
688.0000,255.6024,-234.9824
688.5000,255.1788,-234.7036
689.0000,254.7673,-234.4319
689.5000,254.3603,-234.1625
690.0000,253.9461,-233.8880
690.5000,253.5238,-233.6078
691.0000,253.0922,-233.3216
691.5000,252.6926,-233.0567
692.0000,252.2872,-232.7884
692.5000,251.8723,-232.5143
693.0000,251.4473,-232.2343
693.5000,251.0116,-231.9484
694.0000,250.6011,-231.6800
694.5000,250.1969,-231.4169
695.0000,249.7836,-231.1491
695.5000,249.3611,-230.8769
696.0000,248.9294,-230.6005
696.5000,248.4884,-230.3200
697.0000,248.0736,-230.0582
697.5000,247.6604,-229.7993
698.0000,247.2404,-229.5383
698.5000,246.8136,-229.2755
699.0000,246.3806,-229.0115
699.5000,245.9417,-228.7468
700.0000,245.5041,-228.4859
700.5000,245.0815,-228.2372
701.0000,244.6554,-227.9898
701.5000,244.2262,-227.7443
702.0000,243.7927,-227.5002
702.5000,243.3525,-227.2564
703.0000,242.9035,-227.0118
703.5000,242.4616,-226.7751
704.0000,242.0500,-226.5580
704.5000,241.6283,-226.3389
705.0000,241.1957,-226.1174
705.5000,240.7518,-225.8936
706.0000,240.2962,-225.6672
706.5000,239.8285,-225.4382
707.0000,239.3487,-225.2069
707.5000,238.8843,-224.9862
708.0000,238.4580,-224.7863
708.5000,238.0231,-224.5851
709.0000,237.5797,-224.3826
709.5000,237.1282,-224.1793
710.0000,236.6687,-223.9752
710.5000,236.2017,-223.7706
711.0000,235.7273,-223.5659
711.5000,235.2461,-223.3614
712.0000,234.7588,-223.1574
712.5000,234.3078,-222.9715
713.0000,233.8521,-222.7866
713.5000,233.3921,-222.6029
714.0000,232.9283,-222.4207
714.5000,232.4610,-222.2403
715.0000,231.9907,-222.0621
715.5000,231.5179,-221.8862
716.0000,231.0428,-221.7130
716.5000,230.5661,-221.5429
717.0000,230.0882,-221.3760
717.5000,229.6054,-221.2115
718.0000,229.1212,-221.0505
718.5000,228.6370,-220.8938
719.0000,228.1535,-220.7417
719.5000,227.6710,-220.5946
720.0000,227.1901,-220.4526
720.5000,226.7111,-220.3161
721.0000,226.2345,-220.1853
721.5000,225.7607,-220.0604
722.0000,225.2901,-219.9418
722.5000,224.7900,-219.8219
723.0000,224.2765,-219.7057
723.5000,223.7683,-219.5980
724.0000,223.2659,-219.4989
724.5000,222.7696,-219.4087
725.0000,222.2798,-219.3276
725.5000,221.7968,-219.2557
726.0000,221.3207,-219.1930
726.5000,220.8518,-219.1396
727.0000,220.3511,-219.0923
727.5000,219.8241,-219.0536
728.0000,219.3070,-219.0274
728.5000,218.7996,-219.0134
729.0000,218.3016,-219.0112
729.5000,217.8127,-219.0205
730.0000,217.3322,-219.0406
730.5000,216.8593,-219.0710
731.0000,216.3643,-219.1136
731.5000,215.8623,-219.1674
732.0000,215.3653,-219.2301
732.5000,214.8714,-219.3002
733.0000,214.3788,-219.3762
733.5000,213.8878,-219.4585
734.0000,213.3991,-219.5473
734.5000,212.9063,-219.6445
735.0000,212.4098,-219.7510
735.5000,211.9179,-219.8656
736.0000,211.4311,-219.9886
736.5000,210.9497,-220.1202
737.0000,210.4741,-220.2607
737.5000,210.0047,-220.4102
738.0000,209.5314,-220.5725
738.5000,209.0557,-220.7479
739.0000,208.5872,-220.9334
739.5000,208.1261,-221.1290
740.0000,207.6723,-221.3346
740.5000,207.2258,-221.5503
741.0000,206.7864,-221.7758
741.5000,206.3466,-222.0154
742.0000,205.9124,-222.2657
742.5000,205.4851,-222.5259
743.0000,205.0645,-222.7957
743.5000,204.6501,-223.0749
744.0000,204.2417,-223.3631
744.5000,203.8400,-223.6592
745.0000,203.4465,-223.9615
745.5000,203.0577,-224.2718
746.0000,202.6731,-224.5898
746.5000,202.2925,-224.9151
747.0000,201.9155,-225.2475
747.5000,201.5415,-225.5865
748.0000,201.1774,-225.9252
748.5000,200.8190,-226.2663
749.0000,200.4624,-226.6127
749.5000,200.1075,-226.9641
750.0000,199.7539,-227.3202
750.5000,199.4013,-227.6807
751.0000,199.0495,-228.0453
751.5000,198.7073,-228.4043
752.0000,198.3670,-228.7651
752.5000,198.0270,-229.1290
753.0000,197.6873,-229.4958
753.5000,197.3477,-229.8653
754.0000,197.0084,-230.2374
754.5000,196.6694,-230.6118
755.0000,196.3362,-230.9824
755.5000,196.0046,-231.3540
756.0000,195.6739,-231.7275
756.5000,195.3442,-232.1030
757.0000,195.0159,-232.4803
757.5000,194.6893,-232.8600
758.0000,194.3639,-233.2440
758.5000,194.0525,-233.6182
759.0000,193.7479,-233.9917
759.5000,193.4436,-234.3729
760.0000,193.1395,-234.7626
760.5000,192.8355,-235.1614
761.0000,192.5314,-235.5700
761.5000,192.2272,-235.9887
762.0000,191.9253,-236.4140
762.5000,191.6540,-236.8046
763.0000,191.3824,-237.2034
763.5000,191.1105,-237.6104
764.0000,190.8384,-238.0252
764.5000,190.5659,-238.4478
765.0000,190.2932,-238.8777
765.5000,190.0203,-239.3146
766.0000,189.7472,-239.7581
766.5000,189.4850,-240.1894
767.0000,189.2322,-240.6099
767.5000,188.9795,-241.0347
768.0000,188.7267,-241.4633
768.5000,188.4741,-241.8952
769.0000,188.2216,-242.3298
769.5000,187.9693,-242.7666
770.0000,187.7173,-243.2051
770.5000,187.4657,-243.6447
771.0000,187.2142,-244.0853
771.5000,186.9625,-244.5271
772.0000,186.7113,-244.9682
772.5000,186.4608,-245.4079
773.0000,186.2110,-245.8457
773.5000,185.9621,-246.2808
774.0000,185.7140,-246.7128
774.5000,185.4670,-247.1411
775.0000,185.2209,-247.5650
775.5000,184.9733,-247.9885
776.0000,184.7047,-248.4440
776.5000,184.4375,-248.8923
777.0000,184.1719,-249.3326
777.5000,183.9080,-249.7645
778.0000,183.6457,-250.1873
778.5000,183.3851,-250.6006
779.0000,183.1264,-251.0039
779.5000,182.8694,-251.3969
780.0000,182.5780,-251.8330
780.5000,182.2776,-252.2713
781.0000,181.9798,-252.6941
781.5000,181.6845,-253.1014
782.0000,181.3917,-253.4933
782.5000,181.1012,-253.8702
783.0000,180.8129,-254.2327
783.5000,180.4889,-254.6268
784.0000,180.1538,-255.0203
784.5000,179.8208,-255.3988
785.0000,179.4894,-255.7650
785.5000,179.1589,-256.1219
786.0000,178.8286,-256.4729
786.5000,178.4848,-256.8321
787.0000,178.1356,-257.1904
787.5000,177.7835,-257.5444
788.0000,177.4277,-257.8944
788.5000,177.0673,-258.2405
789.0000,176.7023,-258.5822
789.5000,176.3354,-258.9165
790.0000,175.9624,-259.2464
790.5000,175.5830,-259.5716
791.0000,175.1969,-259.8916
791.5000,174.8039,-260.2058
792.0000,174.4059,-260.5119
792.5000,174.0046,-260.8082
793.0000,173.5963,-261.0967
793.5000,173.1812,-261.3766
794.0000,172.7592,-261.6472
794.5000,172.3307,-261.9075
795.0000,171.8951,-262.1571
795.5000,171.4528,-262.3951
796.0000,171.0046,-262.6203
796.5000,170.5508,-262.8320
797.0000,170.0917,-263.0293
797.5000,169.6278,-263.2116
798.0000,169.1542,-263.3799
798.5000,168.6747,-263.5322
799.0000,168.1916,-263.6672
799.5000,167.7053,-263.7845
800.0000,167.2164,-263.8838
800.5000,166.7253,-263.9649
801.0000,166.2267,-264.0284
801.5000,165.7270,-264.0733
802.0000,165.2269,-264.0999
802.5000,164.7267,-264.1086
803.0000,164.2271,-264.1001
803.5000,163.7272,-264.0751
804.0000,163.2264,-264.0345
804.5000,162.7277,-263.9796
805.0000,162.2315,-263.9120
805.5000,161.7383,-263.8336
806.0000,161.2483,-263.7464
806.5000,160.7583,-263.6503
807.0000,160.2707,-263.5423
807.5000,159.7867,-263.4196
808.0000,159.3068,-263.2793
808.5000,158.8311,-263.1193
809.0000,158.3632,-262.9393
809.5000,157.9129,-262.7428
810.0000,157.4681,-262.5247
810.5000,157.0295,-262.2846
811.0000,156.5978,-262.0225
811.5000,156.1737,-261.7388
812.0000,155.7673,-261.4411
812.5000,155.3805,-261.1332
813.0000,155.0028,-260.8079
813.5000,154.6350,-260.4665
814.0000,154.2778,-260.1101
814.5000,153.9320,-259.7402
815.0000,153.5982,-259.3583
815.5000,153.2773,-258.9659
816.0000,152.9699,-258.5647
816.5000,152.6765,-258.1563
817.0000,152.3978,-257.7423
817.5000,152.1343,-257.3245
818.0000,151.8785,-256.8903
818.5000,151.6273,-256.4316
819.0000,151.3957,-255.9742
819.5000,151.1842,-255.5202
820.0000,150.9929,-255.0713
820.5000,150.8220,-254.6290
821.0000,150.6503,-254.1299
821.5000,150.5016,-253.6301
822.0000,150.3801,-253.1445
822.5000,150.2847,-252.6737
823.0000,150.2125,-252.2066
823.5000,150.1591,-251.6894
824.0000,150.1330,-251.1885
824.5000,150.1297,-250.6991
825.0000,150.1434,-250.2126
825.5000,150.1689,-249.7128
826.0000,150.2031,-249.2118
826.5000,150.2443,-248.7131
827.0000,150.2915,-248.2129
827.5000,150.3447,-247.7026
828.0000,150.4004,-247.2034
828.5000,150.4573,-246.7176
829.0000,150.5179,-246.2135
829.5000,150.5797,-245.7038
830.0000,150.6378,-245.2166
830.5000,150.6936,-244.7289
831.0000,150.7480,-244.2116
831.5000,150.7920,-243.7273
832.0000,150.8272,-243.2273
832.5000,150.8480,-242.7233
833.0000,150.8496,-242.2392
833.5000,150.8269,-241.7321
834.0000,150.7781,-241.2460
834.5000,150.7020,-240.7523
835.0000,150.6110,-240.2797
835.5000,150.4989,-239.7910
836.0000,150.3709,-239.3381
836.5000,150.2169,-238.8644
837.0000,150.0380,-238.3620
837.5000,149.8725,-237.9211
838.0000,149.6900,-237.4499
838.5000,149.4937,-236.9535
839.0000,149.3109,-236.4954
839.5000,149.1250,-236.0308
840.0000,148.9380,-235.5612
840.5000,148.7516,-235.0877
841.0000,148.5644,-234.6033
841.5000,148.3870,-234.1313
842.0000,148.2225,-233.6769
842.5000,148.0526,-233.1814
843.0000,147.8971,-232.6893
843.5000,147.7712,-232.2419
844.0000,147.6521,-231.7313
844.5000,147.5707,-231.2583
845.0000,147.5114,-230.7822
845.5000,147.4555,-230.2859
846.0000,147.4199,-229.8051
846.5000,147.4079,-229.2865
847.0000,147.4160,-228.8171
847.5000,147.4373,-228.3029
848.0000,147.4628,-227.8136
848.5000,147.4879,-227.3246
849.0000,147.5105,-226.7995
849.5000,147.5246,-226.3141
850.0000,147.5306,-225.8253
850.5000,147.5266,-225.3123
851.0000,147.5111,-224.7968
851.5000,147.4858,-224.3158
852.0000,147.4483,-223.8198
852.5000,147.3975,-223.3104
853.0000,147.3341,-222.8004
853.5000,147.2619,-222.3158
854.0000,147.1771,-221.8248
854.5000,147.0794,-221.3294
855.0000,146.9692,-220.8317
855.5000,146.8493,-220.3446
856.0000,146.7191,-219.8622
856.5000,146.5772,-219.3847
857.0000,146.4093,-218.9134
857.5000,146.2074,-218.4700
858.0000,145.9816,-218.0795
858.5000,145.7054,-217.6951
859.0000,145.3732,-217.3177
859.5000,144.9813,-216.9479
860.0000,144.5285,-216.5872
860.5000,144.1775,-216.3423
861.0000,143.7967,-216.1023
861.5000,143.3864,-215.8673
862.0000,142.9475,-215.6378
862.5000,142.4807,-215.4141
863.0000,141.9875,-215.1965
863.5000,141.4691,-214.9854
864.0000,140.9682,-214.7960
864.5000,140.5273,-214.6396
865.0000,140.0739,-214.4878
865.5000,139.6088,-214.3407
866.0000,139.1331,-214.1984
866.5000,138.6480,-214.0612
867.0000,138.1544,-213.9291
867.5000,137.6535,-213.8023
868.0000,137.1466,-213.6809
868.5000,136.6348,-213.5651
869.0000,136.1308,-213.4573
869.5000,135.6312,-213.3565
870.0000,135.1305,-213.2611
870.5000,134.6295,-213.1714
871.0000,134.1296,-213.0873
871.5000,133.6316,-213.0090
872.0000,133.1367,-212.9366
872.5000,132.6458,-212.8700
873.0000,132.1601,-212.8095
873.5000,131.6803,-212.7549
874.0000,131.1617,-212.7020
874.5000,130.6148,-212.6533
875.0000,130.0804,-212.6131
875.5000,129.5596,-212.5814
876.0000,129.0537,-212.5582
876.5000,128.5635,-212.5435
877.0000,128.0900,-212.5372
877.5000,127.6339,-212.5392
878.0000,127.1956,-212.5494
878.5000,126.6098,-212.5774
879.0000,126.0609,-212.6209
879.5000,125.5485,-212.6793
880.0000,125.0716,-212.7520
880.5000,124.6281,-212.8379
881.0000,124.2149,-212.9363
881.5000,123.7139,-213.0816
882.0000,123.2386,-213.2460
882.5000,122.7813,-213.4238
883.0000,122.3294,-213.6118
883.5000,121.8725,-213.8137
884.0000,121.4061,-214.0328
884.5000,120.9546,-214.2587
885.0000,120.5204,-214.4905
885.5000,120.0989,-214.7312
886.0000,119.6512,-215.0070
886.5000,119.2315,-215.2885
887.0000,118.8405,-215.5756
887.5000,118.4585,-215.8853
888.0000,118.0786,-216.2297
888.5000,117.7331,-216.5838
889.0000,117.4171,-216.9518
889.5000,117.1159,-217.3526
890.0000,116.8426,-217.7696
890.5000,116.5931,-218.2034
891.0000,116.3719,-218.6372
891.5000,116.1641,-219.0903
892.0000,115.9665,-219.5637
892.5000,115.7910,-220.0180
893.0000,115.6228,-220.4823
893.5000,115.4581,-220.9633
894.0000,115.3003,-221.4480
894.5000,115.1552,-221.9161
895.0000,115.0141,-222.3950
895.5000,114.8791,-222.8830
896.0000,114.7640,-223.3499
896.5000,114.6742,-223.7894
897.0000,114.5991,-224.2626
897.5000,114.5409,-224.7761
898.0000,114.5009,-225.3346
898.5000,114.4828,-225.8126
899.0000,114.4769,-226.2608
899.5000,114.4804,-226.7334
900.0000,114.4931,-227.2301
900.5000,114.5146,-227.7504
901.0000,114.5446,-228.2933
901.5000,114.5824,-228.8576
902.0000,114.6180,-229.3245
902.5000,114.6573,-229.7974
903.0000,114.7004,-230.2811
903.5000,114.7469,-230.7748
904.0000,114.7963,-231.2774
904.5000,114.8482,-231.7877
905.0000,114.9021,-232.3048
905.5000,114.9575,-232.8273
906.0000,115.0126,-233.3410
906.5000,115.0664,-233.8406
907.0000,115.1202,-234.3419
907.5000,115.1737,-234.8439
908.0000,115.2264,-235.3456
908.5000,115.2779,-235.8458
909.0000,115.3278,-236.3435
909.5000,115.3757,-236.8376
910.0000,115.4211,-237.3273
910.5000,115.4659,-237.8356
911.0000,115.5098,-238.3708
911.5000,115.5492,-238.8966
912.0000,115.5837,-239.4117
912.5000,115.6127,-239.9150
913.0000,115.6360,-240.4055
913.5000,115.6532,-240.8823
914.0000,115.6640,-241.3444
914.5000,115.6682,-241.8419
915.0000,115.6622,-242.4027
915.5000,115.6441,-242.9354
916.0000,115.6139,-243.4394
916.5000,115.5717,-243.9151
917.0000,115.5180,-244.3631
917.5000,115.4472,-244.8200
918.0000,115.3430,-245.3491
918.5000,115.2238,-245.8411
919.0000,115.0937,-246.3053
919.5000,114.9578,-246.7539
920.0000,114.8082,-247.2285
920.5000,114.6471,-247.7073
921.0000,114.4749,-248.1759
921.5000,114.2887,-248.6328
922.0000,114.0801,-249.0896
922.5000,113.8486,-249.5386
923.0000,113.5966,-249.9702
923.5000,113.3239,-250.3828
924.0000,113.0219,-250.7858
924.5000,112.6953,-251.1701
925.0000,112.3486,-251.5297
925.5000,111.9835,-251.8633
926.0000,111.5865,-252.1819
926.5000,111.1738,-252.4709
927.0000,110.7492,-252.7289
927.5000,110.3062,-252.9598
928.0000,109.8389,-253.1648
928.5000,109.3686,-253.3337
929.0000,108.8987,-253.4669
929.5000,108.3960,-253.5711
930.0000,107.8982,-253.6360
930.5000,107.4090,-253.6633
931.0000,106.9063,-253.6542
931.5000,106.4082,-253.6096
932.0000,105.9173,-253.5340
932.5000,105.4292,-253.4320
933.0000,104.9455,-253.3031
933.5000,104.4693,-253.1452
934.0000,104.0053,-252.9584
934.5000,103.5538,-252.7421
935.0000,103.1165,-252.4971
935.5000,102.6965,-252.2260
936.0000,102.2929,-251.9298
936.5000,101.9063,-251.6109
937.0000,101.5371,-251.2719
937.5000,101.1853,-250.9157
938.0000,100.8505,-250.5451
938.5000,100.5286,-250.1582
939.0000,100.2228,-249.7619
939.5000,99.9325,-249.3589
940.0000,99.6498,-248.9409
940.5000,99.3809,-248.5197
941.0000,99.1240,-248.0952
941.5000,98.8742,-247.6611
942.0000,98.6341,-247.2235
942.5000,98.4029,-246.7814
943.0000,98.1801,-246.3341
943.5000,97.9642,-245.8816
944.0000,97.7536,-245.4236
944.5000,97.5480,-244.9631
945.0000,97.3497,-244.5089
945.5000,97.1499,-244.0448
946.0000,96.9521,-243.5828
946.5000,96.7588,-243.1337
947.0000,96.5536,-242.6650
947.5000,96.3504,-242.2146
948.0000,96.1366,-241.7610
948.5000,95.9137,-241.3140
949.0000,95.6804,-240.8763
949.5000,95.4312,-240.4416
950.0000,95.1705,-240.0192
950.5000,94.8947,-239.6020
951.0000,94.6093,-239.1946
951.5000,94.3179,-238.7977
952.0000,94.0025,-238.4026
952.5000,93.6871,-238.0494
953.0000,93.3246,-237.6840
953.5000,92.9612,-237.3478
954.0000,92.5905,-237.0262
954.5000,92.1907,-236.6959
955.0000,91.7983,-236.3831
955.5000,91.4073,-236.0787
956.0000,91.0055,-235.7705
956.5000,90.5998,-235.4617
957.0000,90.1987,-235.1564
957.5000,89.8005,-234.8514
958.0000,89.4093,-234.5480
958.5000,89.0058,-234.2291
959.0000,88.6132,-233.9110
959.5000,88.2386,-233.5982
960.0000,87.8560,-233.2679
960.5000,87.4797,-232.9311
961.0000,87.1226,-232.6018
961.5000,86.7610,-232.2635
962.0000,86.3952,-231.9246
962.5000,86.0263,-231.5863
963.0000,85.6598,-231.2489
963.5000,85.2935,-230.9076
964.0000,84.9291,-230.5632
964.5000,84.5678,-230.2173
965.0000,84.2078,-229.8701
965.5000,83.8462,-229.5217
966.0000,83.4833,-229.1760
966.5000,83.1195,-228.8374
967.0000,82.7434,-228.5002
967.5000,82.3629,-228.1766
968.0000,81.9734,-227.8670
968.5000,81.5670,-227.5697
969.0000,81.1533,-227.2952
969.5000,80.7234,-227.0390
970.0000,80.2825,-226.8038
970.5000,79.8338,-226.5879
971.0000,79.3789,-226.3853
971.5000,78.9170,-226.1903
972.0000,78.4635,-226.0186
972.5000,77.9886,-225.8664
973.0000,77.4917,-225.7362
973.5000,77.0205,-225.6360
974.0000,76.5241,-225.5500
974.5000,76.0113,-225.4769
975.0000,75.5249,-225.4181
975.5000,75.0266,-225.3645
976.0000,74.5206,-225.3136
976.5000,74.0175,-225.2631
977.0000,73.5173,-225.2097
977.5000,73.0221,-225.1506
978.0000,72.5240,-225.0815
978.5000,72.0193,-224.9978
979.0000,71.5323,-224.9000
979.5000,71.0568,-224.7841
980.0000,70.5639,-224.6385
980.5000,70.0971,-224.4731
981.0000,69.6445,-224.2863
981.5000,69.1898,-224.0764
982.0000,68.7422,-223.8590
982.5000,68.2978,-223.6363
983.0000,67.8577,-223.4015
983.5000,67.4223,-223.1488
984.0000,67.0041,-222.8835
984.5000,66.5930,-222.5990
985.0000,66.1885,-222.2962
985.5000,65.8020,-221.9869
986.0000,65.4189,-221.6638
986.5000,65.0398,-221.3314
987.0000,64.6690,-220.9984
987.5000,64.2979,-220.6620
988.0000,63.9253,-220.3259
988.5000,63.5497,-219.9933
989.0000,63.1703,-219.6678
989.5000,62.7845,-219.3509
990.0000,62.3877,-219.0421
990.5000,61.9848,-218.7473
991.0000,61.5737,-218.4657
991.5000,61.1517,-218.1950
992.0000,60.7249,-217.9365
992.5000,60.3008,-217.6922
993.0000,59.8714,-217.4640
993.5000,59.4135,-217.2463
994.0000,58.9499,-217.0524
994.5000,58.5001,-216.8869
995.0000,58.0210,-216.7320
995.5000,57.5136,-216.5884
996.0000,57.0405,-216.4708
996.5000,56.5594,-216.3652
997.0000,56.0628,-216.2694
997.5000,55.5537,-216.1837
998.0000,55.0566,-216.1112
998.5000,54.5598,-216.0491
999.0000,54.0604,-215.9965
999.5000,53.5613,-215.9536
1000.0000,53.0548,-215.9196
1000.5000,52.5435,-215.8951
1001.0000,52.0414,-215.8809
1001.5000,51.5509,-215.8767
1002.0000,51.0520,-215.8826
1002.5000,50.5341,-215.9003
1003.0000,50.0360,-215.9290
1003.5000,49.5572,-215.9677
1004.0000,49.0583,-216.0199
1004.5000,48.5611,-216.0831
1005.0000,48.0735,-216.1540
1005.5000,47.5727,-216.2325
1006.0000,47.0613,-216.3155
1006.5000,46.5740,-216.3964
1007.0000,46.0765,-216.4802
1007.5000,45.5582,-216.5683
1008.0000,45.1173,-216.6439
1008.5000,44.5953,-216.7348
1009.0000,44.1385,-216.8180
1009.5000,43.6451,-216.9148
1010.0000,43.2067,-217.0054
1010.5000,42.6655,-217.1193
1011.0000,42.2404,-217.2091
1011.5000,41.7542,-217.3112
1012.0000,41.2025,-217.4259
1012.5000,40.7460,-217.5198
1013.0000,40.2698,-217.6165
1013.5000,39.7673,-217.7170
1014.0000,39.2447,-217.8196
1014.5000,38.7640,-217.9119
1015.0000,38.2927,-218.0003
1015.5000,37.8081,-218.0899
1016.0000,37.3050,-218.1818
1016.5000,36.7791,-218.2773
1017.0000,36.3298,-218.3584
1017.5000,35.8672,-218.4417
1018.0000,35.3855,-218.5281
1018.5000,34.8844,-218.6176
1019.0000,34.3635,-218.7103
1019.5000,33.8241,-218.8058
1020.0000,33.3669,-218.8863
1020.5000,32.8972,-218.9684
1021.0000,32.4156,-219.0520
1021.5000,31.9226,-219.1368
1022.0000,31.4189,-219.2227
1022.5000,30.9053,-219.3093
1023.0000,30.3825,-219.3963
1023.5000,29.8923,-219.4769
1024.0000,29.4089,-219.5552
1024.5000,28.9202,-219.6332
1025.0000,28.4270,-219.7106
1025.5000,27.9301,-219.7872
1026.0000,27.4301,-219.8627
1026.5000,26.9278,-219.9369
1027.0000,26.4241,-220.0096
1027.5000,25.9212,-220.0804
1028.0000,25.4190,-220.1490
1028.5000,24.9176,-220.2155
1029.0000,24.4178,-220.2795
1029.5000,23.9201,-220.3410
1030.0000,23.4254,-220.3997
1030.5000,22.9341,-220.4554
1031.0000,22.4470,-220.5081
1031.5000,21.9398,-220.5600
1032.0000,21.4221,-220.6096
1032.5000,20.9110,-220.6553
1033.0000,20.4071,-220.6967
1033.5000,19.9108,-220.7340
1034.0000,19.4222,-220.7671
1034.5000,18.9416,-220.7959
1035.0000,18.4605,-220.8211
1035.5000,17.9375,-220.8442
1036.0000,17.4243,-220.8624
1036.5000,16.9204,-220.8761
1037.0000,16.4250,-220.8857
1037.5000,15.9371,-220.8918
1038.0000,15.4553,-220.8948
1038.5000,14.9652,-220.8955
1039.0000,14.4666,-220.8947
1039.5000,13.9686,-220.8929
1040.0000,13.4701,-220.8899
1040.5000,12.9703,-220.8851
1041.0000,12.4686,-220.8781
1041.5000,11.9677,-220.8686
1042.0000,11.4750,-220.8565
1042.5000,10.9796,-220.8414
1043.0000,10.4812,-220.8230
1043.5000,9.9801,-220.8011
1044.0000,9.4764,-220.7757
1044.5000,8.9702,-220.7464
1045.0000,8.4715,-220.7140
1045.5000,7.9744,-220.6780
1046.0000,7.4760,-220.6383
1046.5000,6.9770,-220.5948
1047.0000,6.4778,-220.5476
1047.5000,5.9791,-220.4966
1048.0000,5.4804,-220.4418
1048.5000,4.9756,-220.3825
1049.0000,4.4734,-220.3195
1049.5000,3.9743,-220.2530
1050.0000,3.4792,-220.1830
1050.5000,2.9888,-220.1098
1051.0000,2.5038,-220.0335
1051.5000,2.0022,-219.9503
1052.0000,1.4921,-219.8611
1052.5000,0.9910,-219.7689
1053.0000,0.4996,-219.6738
1053.5000,0.0187,-219.5761
1054.0000,-0.4510,-219.4760
1054.5000,-0.9471,-219.3649
1055.0000,-1.4584,-219.2444
1055.5000,-1.9529,-219.1216
1056.0000,-2.4300,-218.9969
1056.5000,-2.8898,-218.8705
1057.0000,-3.3589,-218.7347
1057.5000,-3.8633,-218.5805
1058.0000,-4.3448,-218.4250
1058.5000,-4.8054,-218.2682
1059.0000,-5.2477,-218.1104
1059.5000,-5.7286,-217.9311
1060.0000,-6.2002,-217.7487
1060.5000,-6.6602,-217.5657
1061.0000,-7.1105,-217.3823
1061.5000,-7.5964,-217.1802
1062.0000,-8.0602,-216.9838
1062.5000,-8.5010,-216.7944
1063.0000,-8.9711,-216.5905
1063.5000,-9.4370,-216.3870
1064.0000,-9.8724,-216.1970
1064.5000,-10.3451,-215.9923
1065.0000,-10.7999,-215.7991
1065.5000,-11.2548,-215.6119
1066.0000,-11.7207,-215.4289
1066.5000,-12.1821,-215.2584
1067.0000,-12.6543,-215.0956
1067.5000,-13.1286,-214.9434
1068.0000,-13.6079,-214.7999
1068.5000,-14.0944,-214.6635
1069.0000,-14.5778,-214.5370
1069.5000,-15.0583,-214.4247
1070.0000,-15.5493,-214.3299
1070.5000,-16.0396,-214.2583
1071.0000,-16.5405,-214.2095
1071.5000,-17.0382,-214.1849
1072.0000,-17.5408,-214.1837
1072.5000,-18.0422,-214.2064
1073.0000,-18.5410,-214.2534
1073.5000,-19.0386,-214.3261
1074.0000,-19.5295,-214.4257
1074.5000,-20.0131,-214.5541
1075.0000,-20.4883,-214.7138
1075.5000,-20.9478,-214.9039
1076.0000,-21.3958,-215.1260
1076.5000,-21.8297,-215.3766
1077.0000,-22.2479,-215.6531
1077.5000,-22.6472,-215.9538
1078.0000,-23.0270,-216.2799
1078.5000,-23.3821,-216.6299
1079.0000,-23.7118,-217.0055
1079.5000,-24.0106,-217.4031
1080.0000,-24.2802,-217.8252
1080.5000,-24.5152,-218.2616
1081.0000,-24.7222,-218.7203
1081.5000,-24.8960,-219.1836
1082.0000,-25.0445,-219.6644
1082.5000,-25.1650,-220.1477
1083.0000,-25.2608,-220.6383
1083.5000,-25.3325,-221.1368
1084.0000,-25.3789,-221.6287
1084.5000,-25.4023,-222.1375
1085.0000,-25.4019,-222.6279
1085.5000,-25.3790,-223.1281
1086.0000,-25.3334,-223.6334
1086.5000,-25.2695,-224.1181
1087.0000,-25.1841,-224.6151
1087.5000,-25.0802,-225.1098
1088.0000,-24.9636,-225.5851
1088.5000,-24.8285,-226.0703
1089.0000,-24.6774,-226.5584
1089.5000,-24.5211,-227.0208
1090.0000,-24.3504,-227.4903
1090.5000,-24.1661,-227.9665
1091.0000,-23.9782,-228.4268
1091.5000,-23.7838,-228.8830
1092.0000,-23.5804,-229.3432
1092.5000,-23.3697,-229.8064
1093.0000,-23.1600,-230.2572
1093.5000,-22.9464,-230.7096
1094.0000,-22.7307,-231.1624
1094.5000,-22.5167,-231.6118
1095.0000,-22.3100,-232.0531
1095.5000,-22.1068,-232.5047
1096.0000,-21.9085,-232.9715
1096.5000,-21.7221,-233.4424
1097.0000,-21.5567,-233.8944
1097.5000,-21.3989,-234.3635
1098.0000,-21.2497,-234.8496
1098.5000,-21.1102,-235.3517
1099.0000,-20.9908,-235.8289
1099.5000,-20.8824,-236.3121
1100.0000,-20.7845,-236.8044
1100.5000,-20.6979,-237.3037
1101.0000,-20.6231,-237.8073
1101.5000,-20.5610,-238.3105
1102.0000,-20.5117,-238.8135
1102.5000,-20.4757,-239.3137
1103.0000,-20.4533,-239.8087
1103.5000,-20.4450,-240.3085
1104.0000,-20.4529,-240.8323
1104.5000,-20.4783,-241.3407
1105.0000,-20.5215,-241.8310
1105.5000,-20.5824,-242.3008
1106.0000,-20.6762,-242.8227
1106.5000,-20.7966,-243.3218
1107.0000,-20.9410,-243.7854
1107.5000,-21.1152,-244.2294
1108.0000,-21.3426,-244.6935
1108.5000,-21.5972,-245.1176
1109.0000,-21.8765,-245.5144
1109.5000,-22.1876,-245.9076
1110.0000,-22.5213,-246.2806
1110.5000,-22.8790,-246.6293
1111.0000,-23.2606,-246.9498
1111.5000,-23.6679,-247.2413
1112.0000,-24.0975,-247.5009
1112.5000,-24.5375,-247.7235
1113.0000,-24.9999,-247.9177
1113.5000,-25.4807,-248.0832
1114.0000,-25.9519,-248.2147
1114.5000,-26.4397,-248.3237
1115.0000,-26.9429,-248.4115
1115.5000,-27.4324,-248.4762
1116.0000,-27.9264,-248.5238
1116.5000,-28.4304,-248.5564
1117.0000,-28.9363,-248.5752
1117.5000,-29.4294,-248.5817
1118.0000,-29.9291,-248.5779
1118.5000,-30.4347,-248.5647
1119.0000,-30.9346,-248.5433
1119.5000,-31.4294,-248.5148
1120.0000,-31.9286,-248.4792
1120.5000,-32.4321,-248.4366
1121.0000,-32.9234,-248.3889
1121.5000,-33.4099,-248.3356
1122.0000,-33.9048,-248.2755
1122.5000,-34.4116,-248.2082
1123.0000,-34.9025,-248.1380
1123.5000,-35.3794,-248.0654
1124.0000,-35.8694,-247.9868
1124.5000,-36.3724,-247.9019
1125.0000,-36.8879,-247.8110
1125.5000,-37.3676,-247.7228
1126.0000,-37.8514,-247.6306
1126.5000,-38.3424,-247.5336
1127.0000,-38.8391,-247.4319
1127.5000,-39.3402,-247.3256
1128.0000,-39.8319,-247.2177
1128.5000,-40.3217,-247.1063
1129.0000,-40.8105,-246.9911
1129.5000,-41.2968,-246.8722
1130.0000,-41.7787,-246.7499
1130.5000,-42.2708,-246.6197
1131.0000,-42.7677,-246.4825
1131.5000,-43.2539,-246.3420
1132.0000,-43.7277,-246.1982
1132.5000,-44.1874,-246.0515
1133.0000,-44.6731,-245.8877
1133.5000,-45.1646,-245.7112
1134.0000,-45.6325,-245.5314
1134.5000,-46.0760,-245.3485
1135.0000,-46.5223,-245.1502
1135.5000,-46.9936,-244.9227
1136.0000,-47.4332,-244.6913
1136.5000,-47.8456,-244.4560
1137.0000,-48.2716,-244.1954
1137.5000,-48.6932,-243.9235
1138.0000,-49.1032,-243.6456
1138.5000,-49.5120,-243.3530
1139.0000,-49.9133,-243.0476
1139.5000,-50.2976,-242.7358
1140.0000,-50.6769,-242.4065
1140.5000,-51.0460,-242.0623
1141.0000,-51.3938,-241.7134
1141.5000,-51.7370,-241.3420
1142.0000,-52.0629,-240.9604
1142.5000,-52.3662,-240.5758
1143.0000,-52.6667,-240.1621
1143.5000,-52.9409,-239.7508
1144.0000,-53.2027,-239.3218
1144.5000,-53.4455,-238.8847
1145.0000,-53.6682,-238.4418
1145.5000,-53.8744,-237.9841
1146.0000,-54.0570,-237.5248
1146.5000,-54.2194,-237.0524
1147.0000,-54.3584,-236.5728
1147.5000,-54.4753,-236.0882
1148.0000,-54.5730,-235.5956
1148.5000,-54.6527,-235.1030
1149.0000,-54.7181,-234.6055
1149.5000,-54.7712,-234.1069
1150.0000,-54.8143,-233.6100
1150.5000,-54.8503,-233.1063
1151.0000,-54.8804,-232.6112
1151.5000,-54.9080,-232.1052
1152.0000,-54.9342,-231.6129
1152.5000,-54.9630,-231.1064
1153.0000,-54.9954,-230.6142
1153.5000,-55.0356,-230.1127
1154.0000,-55.0834,-229.6138
1154.5000,-55.1370,-229.1197
1155.0000,-55.1991,-228.6216
1155.5000,-55.2736,-228.1326
1156.0000,-55.3700,-227.6421
1156.5000,-55.4912,-227.1653
1157.0000,-55.6428,-226.6879
1157.5000,-55.8198,-226.2221
1158.0000,-56.0201,-225.7643
1158.5000,-56.2422,-225.3120
1159.0000,-56.4835,-224.8680
1159.5000,-56.7415,-224.4378
1160.0000,-57.0169,-224.0304
1160.5000,-57.3283,-223.6400
1161.0000,-57.6719,-223.2789
1161.5000,-58.0412,-222.9499
1162.0000,-58.4518,-222.6365
1162.5000,-58.8605,-222.3664
1163.0000,-59.2984,-222.1143
1163.5000,-59.7525,-221.8877
1164.0000,-60.2137,-221.6903
1164.5000,-60.6847,-221.5207
1165.0000,-61.1728,-221.3788
1165.5000,-61.6641,-221.2712
1166.0000,-62.1504,-221.2014
1166.5000,-62.6619,-221.1700
1167.0000,-63.1556,-221.1831
1167.5000,-63.6504,-221.2400
1168.0000,-64.1398,-221.3361
1168.5000,-64.6250,-221.4606
1169.0000,-65.1062,-221.6082
1169.5000,-65.5731,-221.7777
1170.0000,-66.0389,-221.9783
1170.5000,-66.4762,-222.2029
1171.0000,-66.9053,-222.4677
1171.5000,-67.3032,-222.7634
1172.0000,-67.6741,-223.0930
1172.5000,-68.0216,-223.4572
1173.0000,-68.3337,-223.8344
1173.5000,-68.6366,-224.2468
1174.0000,-68.9067,-224.6514
1174.5000,-69.1729,-225.0823
1175.0000,-69.4235,-225.5149
1175.5000,-69.6631,-225.9524
1176.0000,-69.8968,-226.4029
1176.5000,-70.1008,-226.8289
1177.0000,-70.2890,-227.2931
1177.5000,-70.4469,-227.7847
1178.0000,-70.5587,-228.2300
1178.5000,-70.6539,-228.7172
1179.0000,-70.7325,-229.2461
1179.5000,-70.7885,-229.7471
1180.0000,-70.8285,-230.2237
1180.5000,-70.8593,-230.7212
1181.0000,-70.8816,-231.2365
1181.5000,-70.8965,-231.7664
1182.0000,-70.9045,-232.2609
1182.5000,-70.9080,-232.7609
1183.0000,-70.9079,-233.2640
1183.5000,-70.9052,-233.7670
1184.0000,-70.9008,-234.2668
1184.5000,-70.8952,-234.7914
1185.0000,-70.8899,-235.3060
1185.5000,-70.8857,-235.8068
1186.0000,-70.8838,-236.2906
1186.5000,-70.8850,-236.7837
1187.0000,-70.8919,-237.3250
1187.5000,-70.9054,-237.8304
1188.0000,-70.9263,-238.2987
1188.5000,-70.9596,-238.7931
1189.0000,-71.0095,-239.3101
1189.5000,-71.0683,-239.7791
1190.0000,-71.1375,-240.2660
1190.5000,-71.2086,-240.7662
1191.0000,-71.2776,-241.2538
1191.5000,-71.3515,-241.7692
1192.0000,-71.4220,-242.2437
1192.5000,-71.5034,-242.7488
1193.0000,-71.5962,-243.2353
1193.5000,-71.7150,-243.7076
1194.0000,-71.8756,-244.1734
1194.5000,-72.0823,-244.6322
1195.0000,-72.3407,-245.0650
1195.5000,-72.6750,-245.4219
1196.0000,-73.0766,-245.7270
1196.5000,-73.4918,-245.9824
1197.0000,-73.9512,-246.2038
1197.5000,-74.4291,-246.3603
1198.0000,-74.9213,-246.4339
1198.5000,-75.4275,-246.4065
1199.0000,-75.8927,-246.2815
1199.5000,-76.3526,-246.0596
1200.0000,-76.7588,-245.7830
1200.5000,-77.1334,-245.4660
1201.0000,-77.5134,-245.0937
1201.5000,-77.8410,-244.7436
1202.0000,-78.1686,-244.3794
1202.5000,-78.5084,-243.9892
1203.0000,-78.8194,-243.6161
1203.5000,-79.1079,-243.2544
1204.0000,-79.4090,-242.8604
1204.5000,-79.7231,-242.4320
1205.0000,-80.0283,-241.9992
1205.5000,-80.2871,-241.6204
1206.0000,-80.5530,-241.2205
1206.5000,-80.8254,-240.8000
1207.0000,-81.1038,-240.3597
1207.5000,-81.3876,-239.9004
1208.0000,-81.6438,-239.4774
1208.5000,-81.8896,-239.0642
1209.0000,-82.1379,-238.6401
1209.5000,-82.3880,-238.2060
1210.0000,-82.6396,-237.7628
1210.5000,-82.8920,-237.3116
1211.0000,-83.1434,-236.8562
1211.5000,-83.3800,-236.4220
1212.0000,-83.6161,-235.9836
1212.5000,-83.8513,-235.5419
1213.0000,-84.0852,-235.0977
1213.5000,-84.3174,-234.6519
1214.0000,-84.5477,-234.2055
1214.5000,-84.7758,-233.7590
1215.0000,-85.0070,-233.3020
1215.5000,-85.2352,-232.8469
1216.0000,-85.4602,-232.3944
1216.5000,-85.6819,-231.9453
1217.0000,-85.9000,-231.5001
1217.5000,-86.1144,-231.0595
1218.0000,-86.3278,-230.6187
1218.5000,-86.5532,-230.1509
1219.0000,-86.7745,-229.6897
1219.5000,-86.9921,-229.2355
1220.0000,-87.2062,-228.7881
1220.5000,-87.4174,-228.3475
1221.0000,-87.6263,-227.9131
1221.5000,-87.8447,-227.4617
1222.0000,-88.0651,-227.0102
1222.5000,-88.2860,-226.5630
1223.0000,-88.5089,-226.1183
1223.5000,-88.7355,-225.6753
1224.0000,-88.9671,-225.2340
1224.5000,-89.2025,-224.7993
1225.0000,-89.4449,-224.3669
1225.5000,-89.6955,-223.9364
1226.0000,-89.9552,-223.5080
1226.5000,-90.2244,-223.0820
1227.0000,-90.5037,-222.6589
1227.5000,-90.7851,-222.2507
1228.0000,-91.0752,-221.8480
1228.5000,-91.3752,-221.4493
1229.0000,-91.6851,-221.0552
1229.5000,-92.0048,-220.6662
1230.0000,-92.3342,-220.2830
1230.5000,-92.6699,-219.9094
1231.0000,-93.0128,-219.5443
1231.5000,-93.3641,-219.1866
1232.0000,-93.7232,-218.8369
1232.5000,-94.0898,-218.4959
1233.0000,-94.4632,-218.1642
1233.5000,-94.8465,-217.8393
1234.0000,-95.2422,-217.5198
1234.5000,-95.6432,-217.2120
1235.0000,-96.0490,-216.9162
1235.5000,-96.4588,-216.6330
1236.0000,-96.8719,-216.3630
1236.5000,-97.2938,-216.1029
1237.0000,-97.7400,-215.8448
1237.5000,-98.1877,-215.6029
1238.0000,-98.6363,-215.3776
1238.5000,-99.0850,-215.1690
1239.0000,-99.5334,-214.9773
1239.5000,-99.9988,-214.7957
1240.0000,-100.4829,-214.6255
1240.5000,-100.9650,-214.4747
1241.0000,-101.4447,-214.3426
1241.5000,-101.9220,-214.2286
1242.0000,-102.4015,-214.1309
1242.5000,-102.8993,-214.0461
1243.0000,-103.3954,-213.9774
1243.5000,-103.8906,-213.9225
1244.0000,-104.3862,-213.8799
1244.5000,-104.8817,-213.8514
1245.0000,-105.3669,-213.8397
1245.5000,-105.8584,-213.8460
1246.0000,-106.3572,-213.8720
1246.5000,-106.8642,-213.9192
1247.0000,-107.3796,-213.9887
1247.5000,-107.8514,-214.0708
1248.0000,-108.3268,-214.1710
1248.5000,-108.8084,-214.2899
1249.0000,-109.2957,-214.4273
1249.5000,-109.7881,-214.5829
1250.0000,-110.2791,-214.7544
1250.5000,-110.7331,-214.9268
1251.0000,-111.1890,-215.1130
1251.5000,-111.6461,-215.3123
1252.0000,-112.1034,-215.5241
1252.5000,-112.5600,-215.7477
1253.0000,-113.0150,-215.9823
1253.5000,-113.4587,-216.2224
1254.0000,-113.8957,-216.4695
1254.5000,-114.3285,-216.7247
1255.0000,-114.7563,-216.9874
1255.5000,-115.1784,-217.2566
1256.0000,-115.5938,-217.5316
1256.5000,-116.0048,-217.8135
1257.0000,-116.4256,-218.1128
1257.5000,-116.8369,-218.4159
1258.0000,-117.2380,-218.7221
1258.5000,-117.6284,-219.0306
1259.0000,-118.0078,-219.3408
1259.5000,-118.3759,-219.6521
1260.0000,-118.7657,-219.9933
1260.5000,-119.1464,-220.3389
1261.0000,-119.5134,-220.6842
1261.5000,-119.8673,-221.0290
1262.0000,-120.2090,-221.3733
1262.5000,-120.5450,-221.7228
1263.0000,-120.8887,-222.0914
1263.5000,-121.2238,-222.4609
1264.0000,-121.5532,-222.8325
1264.5000,-121.8802,-223.2077
1265.0000,-122.2075,-223.5874
1265.5000,-122.5436,-223.9810
1266.0000,-122.8753,-224.3729
1266.5000,-123.1994,-224.7591
1267.0000,-123.5142,-225.1373
1267.5000,-123.8182,-225.5054
1268.0000,-124.1540,-225.9155
1268.5000,-124.4807,-226.3180
1269.0000,-124.7910,-226.7035
1269.5000,-125.0860,-227.0726
1270.0000,-125.3937,-227.4601
1270.5000,-125.7105,-227.8611
1271.0000,-126.0161,-228.2485
1271.5000,-126.3156,-228.6275
1272.0000,-126.6164,-229.0058
1272.5000,-126.9234,-229.3877
1273.0000,-127.2424,-229.7790
1273.5000,-127.5657,-230.1691
1274.0000,-127.8615,-230.5203
1274.5000,-128.1765,-230.8883
1275.0000,-128.5134,-231.2755
1275.5000,-128.8744,-231.6839
1276.0000,-129.1873,-232.0327
1276.5000,-129.5025,-232.3797
1277.0000,-129.8341,-232.7404
1277.5000,-130.1823,-233.1145
1278.0000,-130.5469,-233.5013
1278.5000,-130.9169,-233.8889
1279.0000,-131.2481,-234.2318
1279.5000,-131.5893,-234.5809
1280.0000,-131.9396,-234.9350
1280.5000,-132.2979,-235.2924
1281.0000,-132.6628,-235.6514
1281.5000,-133.0330,-236.0099
1282.0000,-133.3915,-236.3512
1282.5000,-133.7353,-236.6721
1283.0000,-134.0875,-236.9934
1283.5000,-134.4508,-237.3163
1284.0000,-134.8275,-237.6419
1284.5000,-135.2194,-237.9711
1285.0000,-135.6282,-238.3045
1285.5000,-136.0554,-238.6426
1286.0000,-136.4111,-238.9168
1286.5000,-136.7787,-239.1935
1287.0000,-137.1594,-239.4735
1287.5000,-137.5535,-239.7567
1288.0000,-137.9609,-240.0431
1288.5000,-138.3818,-240.3325
1289.0000,-138.8162,-240.6246
1289.5000,-139.2638,-240.9193
1290.0000,-139.7244,-241.2162
1290.5000,-140.1439,-241.4811
1291.0000,-140.5445,-241.7297
1291.5000,-140.9534,-241.9791
1292.0000,-141.3704,-242.2291
1292.5000,-141.7951,-242.4794
1293.0000,-142.2273,-242.7296
1293.5000,-142.6666,-242.9797
1294.0000,-143.1127,-243.2291
1294.5000,-143.5652,-243.4777
1295.0000,-144.0236,-243.7250
1295.5000,-144.4876,-243.9708
1296.0000,-144.9439,-244.2082
1296.5000,-145.3853,-244.4336
1297.0000,-145.8303,-244.6569
1297.5000,-146.2787,-244.8777
1298.0000,-146.7301,-245.0957
1298.5000,-147.1840,-245.3108
1299.0000,-147.6400,-245.5225
1299.5000,-148.0979,-245.7306
1300.0000,-148.5571,-245.9348
1300.5000,-149.0173,-246.1349
1301.0000,-149.4781,-246.3306
1301.5000,-149.9391,-246.5217
1302.0000,-150.4081,-246.7110
1302.5000,-150.8942,-246.9019
1303.0000,-151.3792,-247.0866
1303.5000,-151.8627,-247.2650
1304.0000,-152.3442,-247.4368
1304.5000,-152.8234,-247.6018
1305.0000,-153.2998,-247.7596
1305.5000,-153.7730,-247.9101
1306.0000,-154.2428,-248.0530
1306.5000,-154.7086,-248.1882
1307.0000,-155.1703,-248.3155
1307.5000,-155.6275,-248.4348
1308.0000,-156.1464,-248.5615
1308.5000,-156.6677,-248.6794
1309.0000,-157.1818,-248.7857
1309.5000,-157.6883,-248.8804
1310.0000,-158.1870,-248.9636
1310.5000,-158.6777,-249.0351
1311.0000,-159.1603,-249.0951
1311.5000,-159.6346,-249.1438
1312.0000,-160.1009,-249.1811
1312.5000,-160.5663,-249.2079
1313.0000,-161.0969,-249.2251
1313.5000,-161.6169,-249.2280
1314.0000,-162.1271,-249.2174
1314.5000,-162.6280,-249.1942
1315.0000,-163.1208,-249.1593
1315.5000,-163.6065,-249.1140
1316.0000,-164.0865,-249.0596
1316.5000,-164.5624,-248.9976
1317.0000,-165.0509,-248.9273
1317.5000,-165.5423,-248.8511
1318.0000,-166.0331,-248.7681
1318.5000,-166.5232,-248.6769
1319.0000,-167.0128,-248.5762
1319.5000,-167.5018,-248.4647
1320.0000,-167.9900,-248.3416
1320.5000,-168.4776,-248.2059
1321.0000,-168.9473,-248.0624
1321.5000,-169.4124,-247.9074
1322.0000,-169.8764,-247.7394
1322.5000,-170.3393,-247.5581
1323.0000,-170.8009,-247.3633
1323.5000,-171.2609,-247.1550
1324.0000,-171.7193,-246.9332
1324.5000,-172.1757,-246.6980
1325.0000,-172.6160,-246.4574
1325.5000,-173.0397,-246.2132
1326.0000,-173.4611,-245.9579
1326.5000,-173.8801,-245.6917
1327.0000,-174.2964,-245.4152
1327.5000,-174.7098,-245.1286
1328.0000,-175.1203,-244.8324
1328.5000,-175.5274,-244.5272
1329.0000,-175.9311,-244.2134
1329.5000,-176.3239,-243.8976
1330.0000,-176.7081,-243.5787
1330.5000,-177.0885,-243.2533
1331.0000,-177.4648,-242.9220
1331.5000,-177.8370,-242.5855
1332.0000,-178.2048,-242.2442
1332.5000,-178.5681,-241.8989
1333.0000,-178.9267,-241.5500
1333.5000,-179.2804,-241.1981
1334.0000,-179.6351,-240.8379
1334.5000,-179.9923,-240.4677
1335.0000,-180.3438,-240.0962
1335.5000,-180.6894,-239.7242
1336.0000,-181.0291,-239.3523
1336.5000,-181.3628,-238.9810
1337.0000,-181.6902,-238.6109
1337.5000,-182.0115,-238.2426
1338.0000,-182.3265,-237.8767
1338.5000,-182.6576,-237.4869
1339.0000,-182.9952,-237.0842
1339.5000,-183.3250,-236.6861
1340.0000,-183.6468,-236.2931
1340.5000,-183.9608,-235.9055
1341.0000,-184.2671,-235.5236
1341.5000,-184.5658,-235.1477
1342.0000,-184.8571,-234.7779
1342.5000,-185.1731,-234.3730
1343.0000,-185.4916,-233.9612
1343.5000,-185.8015,-233.5568
1344.0000,-186.1034,-233.1590
1344.5000,-186.3980,-232.7670
1345.0000,-186.6861,-232.3796
1345.5000,-186.9685,-231.9952
1346.0000,-187.2647,-231.5866
1346.5000,-187.5585,-231.1747
1347.0000,-187.8484,-230.7618
1347.5000,-188.1341,-230.3496
1348.0000,-188.4149,-229.9398
1348.5000,-188.6905,-229.5337
1349.0000,-188.9754,-229.1107
1349.5000,-189.2653,-228.6775
1350.0000,-189.5483,-228.2528
1350.5000,-189.8244,-227.8374
1351.0000,-190.0937,-227.4320
1351.5000,-190.3565,-227.0371
1352.0000,-190.6441,-226.6065
1352.5000,-190.9333,-226.1761
1353.0000,-191.2155,-225.7601
1353.5000,-191.4913,-225.3581
1354.0000,-191.7617,-224.9693
1354.5000,-192.0558,-224.5538
1355.0000,-192.3540,-224.1412
1355.5000,-192.6497,-223.7415
1356.0000,-192.9446,-223.3526
1356.5000,-193.2454,-222.9663
1357.0000,-193.5571,-222.5767
1357.5000,-193.8735,-222.1922
1358.0000,-194.1961,-221.8105
1358.5000,-194.5236,-221.4327
1359.0000,-194.8464,-221.0690
1359.5000,-195.1784,-220.7027
1360.0000,-195.5203,-220.3328
1360.5000,-195.8725,-219.9586
1361.0000,-196.2132,-219.6026
1361.5000,-196.5558,-219.2501
1362.0000,-196.9069,-218.8941
1362.5000,-197.2658,-218.5357
1363.0000,-197.6315,-218.1761
1363.5000,-197.9918,-217.8278
1364.0000,-198.3553,-217.4827
1364.5000,-198.7215,-217.1419
1365.0000,-199.0898,-216.8046
1365.5000,-199.4601,-216.4702
1366.0000,-199.8319,-216.1386
1366.5000,-200.2058,-215.8087
1367.0000,-200.5823,-215.4803
1367.5000,-200.9616,-215.1530
1368.0000,-201.3440,-214.8271
1368.5000,-201.7220,-214.5091
1369.0000,-202.1043,-214.1923
1369.5000,-202.4916,-213.8767
1370.0000,-202.8845,-213.5626
1370.5000,-203.2837,-213.2503
1371.0000,-203.6737,-212.9523
1371.5000,-204.0700,-212.6573
1372.0000,-204.4740,-212.3648
1372.5000,-204.8863,-212.0753
1373.0000,-205.3075,-211.7893
1373.5000,-205.7217,-211.5176
1374.0000,-206.1362,-211.2554
1374.5000,-206.5598,-210.9973
1375.0000,-206.9929,-210.7437
1375.5000,-207.4358,-210.4948
1376.0000,-207.8878,-210.2514
1376.5000,-208.3198,-210.0285
1377.0000,-208.7607,-209.8105
1377.5000,-209.2104,-209.5977
1378.0000,-209.6689,-209.3901
1378.5000,-210.1358,-209.1880
1379.0000,-210.6108,-208.9915
1379.5000,-211.0661,-208.8113
1380.0000,-211.5282,-208.6361
1380.5000,-211.9965,-208.4659
1381.0000,-212.4705,-208.3008
1381.5000,-212.9497,-208.1405
1382.0000,-213.4334,-207.9851
1382.5000,-213.9121,-207.8369
1383.0000,-214.3883,-207.6946
1383.5000,-214.8662,-207.5561
1384.0000,-215.3451,-207.4214
1384.5000,-215.8262,-207.2908
1385.0000,-216.3133,-207.1657
1385.5000,-216.8070,-207.0478
1386.0000,-217.2602,-206.9485
1386.5000,-217.7249,-206.8559
1387.0000,-218.2022,-206.7706
1387.5000,-218.6931,-206.6931
1388.0000,-219.1984,-206.6237
1388.5000,-219.7185,-206.5629
1389.0000,-220.2535,-206.5109
1389.5000,-220.7417,-206.4722
1390.0000,-221.2131,-206.4423
1390.5000,-221.6945,-206.4188
1391.0000,-222.1855,-206.4017
1391.5000,-222.6855,-206.3912
1392.0000,-223.1941,-206.3870
1392.5000,-223.7105,-206.3893
1393.0000,-224.2340,-206.3978
1393.5000,-224.7639,-206.4125
1394.0000,-225.2579,-206.4315
1394.5000,-225.7521,-206.4553
1395.0000,-226.2494,-206.4840
1395.5000,-226.7490,-206.5175
1396.0000,-227.2502,-206.5555
1396.5000,-227.7522,-206.5979
1397.0000,-228.2540,-206.6447
1397.5000,-228.7549,-206.6956
1398.0000,-229.2540,-206.7504
1398.5000,-229.7599,-206.8102
1399.0000,-230.2803,-206.8760
1399.5000,-230.7957,-206.9457
1400.0000,-231.3052,-207.0189
1400.5000,-231.8076,-207.0954
1401.0000,-232.3021,-207.1751
1401.5000,-232.7877,-207.2577
1402.0000,-233.2636,-207.3429
1402.5000,-233.7287,-207.4306
1403.0000,-234.2136,-207.5269
1403.5000,-234.7624,-207.6423
1404.0000,-235.2905,-207.7605
1404.5000,-235.7968,-207.8811
1405.0000,-236.2801,-208.0037
1405.5000,-236.7395,-208.1281
1406.0000,-237.1745,-208.2539
1406.5000,-237.5903,-208.3828
1407.0000,-238.1523,-208.5733
1407.5000,-238.6592,-208.7654
1408.0000,-239.1127,-208.9589
1408.5000,-239.5159,-209.1538
1409.0000,-239.8958,-209.3635
1409.5000,-240.3413,-209.6508
1410.0000,-240.7345,-209.9463
1410.5000,-241.1024,-210.2518
1411.0000,-241.4870,-210.5974
1411.5000,-241.8526,-210.9502
1412.0000,-242.1847,-211.2916
1412.5000,-242.5393,-211.6800
1413.0000,-242.8586,-212.0544
1413.5000,-243.1649,-212.4418
1414.0000,-243.4553,-212.8439
1414.5000,-243.7214,-213.2553
1415.0000,-243.9673,-213.6847
1415.5000,-244.1888,-214.1182
1416.0000,-244.4007,-214.5742
1416.5000,-244.5939,-215.0272
1417.0000,-244.7798,-215.5051
1417.5000,-244.9421,-215.9763
1418.0000,-245.0818,-216.4626
1418.5000,-245.1909,-216.9431
1419.0000,-245.2777,-217.4414
1419.5000,-245.3411,-217.9307
1420.0000,-245.3868,-218.4293
1420.5000,-245.4165,-218.9347
1421.0000,-245.4316,-219.4295
1421.5000,-245.4341,-219.9342
1422.0000,-245.4248,-220.4359
1422.5000,-245.4046,-220.9354
1423.0000,-245.3737,-221.4365
1423.5000,-245.3324,-221.9375
1424.0000,-245.2811,-222.4354
1424.5000,-245.2203,-222.9297
1425.0000,-245.1488,-223.4289
1425.5000,-245.0688,-223.9209
1426.0000,-244.9804,-224.4108
1426.5000,-244.8842,-224.9018
1427.0000,-244.7831,-225.3901
1427.5000,-244.6755,-225.8934
1428.0000,-244.5682,-226.3829
1428.5000,-244.4590,-226.8690
1429.0000,-244.3441,-227.3679
1429.5000,-244.2336,-227.8367
1430.0000,-244.1158,-228.3275
1430.5000,-244.0022,-228.7981
1431.0000,-243.8870,-229.2847
1431.5000,-243.7807,-229.7505
1432.0000,-243.6698,-230.2593
1432.5000,-243.5734,-230.7219
1433.0000,-243.4735,-231.2222
1433.5000,-243.3777,-231.7230
1434.0000,-243.2886,-232.2095
1434.5000,-243.2008,-232.7136
1435.0000,-243.1198,-233.2103
1435.5000,-243.0474,-233.7019
1436.0000,-242.9846,-234.2010
1436.5000,-242.9347,-234.6928
1437.0000,-242.8975,-235.1872
1437.5000,-242.8731,-235.6931
1438.0000,-242.8623,-236.1950
1438.5000,-242.8647,-236.6918
1439.0000,-242.8803,-237.1946
1439.5000,-242.9094,-237.6996
1440.0000,-242.9516,-238.2003
1440.5000,-243.0074,-238.6985
1441.0000,-243.0765,-239.1909
1441.5000,-243.1628,-239.6942
1442.0000,-243.2642,-240.1881
1442.5000,-243.3800,-240.6658
1443.0000,-243.5189,-241.1542
1443.5000,-243.6792,-241.6347
1444.0000,-243.8558,-242.0884
1444.5000,-244.0647,-242.5484
1445.0000,-244.2981,-242.9907
1445.5000,-244.5512,-243.4090
1446.0000,-244.8305,-243.8203
1446.5000,-245.1333,-244.2194
1447.0000,-245.4539,-244.5973
1447.5000,-245.7951,-244.9580
1448.0000,-246.1647,-245.3094
1448.5000,-246.5374,-245.6296
1449.0000,-246.9317,-245.9371
1449.5000,-247.3487,-246.2325
1450.0000,-247.7628,-246.4992
1450.5000,-248.1949,-246.7523
1451.0000,-248.6433,-246.9904
1451.5000,-249.0911,-247.2051
1452.0000,-249.5506,-247.4031
1452.5000,-250.0205,-247.5837
1453.0000,-250.4936,-247.7444
1453.5000,-250.9729,-247.8869
1454.0000,-251.4583,-248.0118
1454.5000,-251.9460,-248.1189
1455.0000,-252.4365,-248.2101
1455.5000,-252.9316,-248.2872
1456.0000,-253.4264,-248.3520
1456.5000,-253.9188,-248.4073
1457.0000,-254.4174,-248.4559
1457.5000,-254.9214,-248.4975
1458.0000,-255.4127,-248.5308
1458.5000,-255.9112,-248.5576
1459.0000,-256.4165,-248.5776
1459.5000,-256.9162,-248.5905
1460.0000,-257.4138,-248.5968
1460.5000,-257.9155,-248.5966
1461.0000,-258.4202,-248.5899
1461.5000,-258.9198,-248.5770
1462.0000,-259.4200,-248.5577
1462.5000,-259.9197,-248.5323
1463.0000,-260.4204,-248.5004
1463.5000,-260.9229,-248.4621
1464.0000,-261.4212,-248.4176
1464.5000,-261.9140,-248.3671
1465.0000,-262.4164,-248.3089
1465.5000,-262.9156,-248.2442
1466.0000,-263.4067,-248.1737
1466.5000,-263.8976,-248.0964
1467.0000,-264.3961,-248.0109
1467.5000,-264.8860,-247.9204
1468.0000,-265.3692,-247.8250
1468.5000,-265.8600,-247.7226
1469.0000,-266.3473,-247.6164
1469.5000,-266.8341,-247.5037
1470.0000,-267.3134,-247.3835
1470.5000,-267.7939,-247.2518
1471.0000,-268.2773,-247.1069
1471.5000,-268.7518,-246.9523
1472.0000,-269.2214,-246.7875
1472.5000,-269.6920,-246.6108
1473.0000,-270.1607,-246.4243
1473.5000,-270.6230,-246.2307
1474.0000,-271.0820,-246.0300
1474.5000,-271.5361,-245.8242
1475.0000,-271.9968,-245.6091
1475.5000,-272.4515,-245.3917
1476.0000,-272.8958,-245.1756
1476.5000,-273.3485,-244.9529
1477.0000,-273.8052,-244.7272
1477.5000,-274.2455,-244.5099
1478.0000,-274.6950,-244.2900
1478.5000,-275.1521,-244.0697
1479.0000,-275.5910,-243.8625
1479.5000,-276.0457,-243.6522
1480.0000,-276.4984,-243.4459
1480.5000,-276.9504,-243.2429
1481.0000,-277.4075,-243.0435
1481.5000,-277.8704,-242.8498
1482.0000,-278.3343,-242.6652
1482.5000,-278.8030,-242.4892
1483.0000,-279.2770,-242.3219
1483.5000,-279.7543,-242.1646
1484.0000,-280.2285,-242.0194
1484.5000,-280.7197,-241.8809
1485.0000,-281.1999,-241.7576
1485.5000,-281.6936,-241.6442
1486.0000,-282.1822,-241.5463
1486.5000,-282.6758,-241.4636
1487.0000,-283.1683,-241.3991
1487.5000,-283.6618,-241.3536
1488.0000,-284.1575,-241.3253
1488.5000,-284.6538,-241.3125
1489.0000,-285.1550,-241.3156
1489.5000,-285.6520,-241.3344
1490.0000,-286.1516,-241.3682
1490.5000,-286.6489,-241.4158
1491.0000,-287.1453,-241.4762
1491.5000,-287.6405,-241.5485
1492.0000,-288.1336,-241.6313
1492.5000,-288.6250,-241.7238
1493.0000,-289.1152,-241.8251
1493.5000,-289.6020,-241.9335
1494.0000,-290.0905,-242.0492
1494.5000,-290.5723,-242.1688
1495.0000,-291.0631,-242.2950
1495.5000,-291.5514,-242.4258
1496.0000,-292.0293,-242.5615
1496.5000,-292.5054,-242.7056
1497.0000,-292.9799,-242.8569
1497.5000,-293.4404,-243.0075
1498.0000,-293.9062,-243.1588
1498.5000,-294.4032,-243.3146
1499.0000,-294.8373,-243.4438
1499.5000,-295.3169,-243.5788
1500.0000,-295.8500,-243.7198
1500.5000,-296.2851,-243.8284
1501.0000,-296.7459,-243.9379
1501.5000,-297.2425,-244.0504
1502.0000,-297.7760,-244.1655
1502.5000,-298.2618,-244.2659
1503.0000,-298.7185,-244.3568
1503.5000,-299.1964,-244.4487
1504.0000,-299.6947,-244.5413
1504.5000,-300.2123,-244.6344
1505.0000,-300.7478,-244.7275
1505.5000,-301.2243,-244.8080
1506.0000,-301.7066,-244.8871
1506.5000,-302.1979,-244.9656
1507.0000,-302.6963,-245.0430
1507.5000,-303.1999,-245.1191
1508.0000,-303.7063,-245.1934
1508.5000,-304.2155,-245.2659
1509.0000,-304.7280,-245.3349
1509.5000,-305.2368,-245.3961
1510.0000,-305.7405,-245.4466
1510.5000,-306.2374,-245.4835
1511.0000,-306.7262,-245.5046
1511.5000,-307.2057,-245.5079
1512.0000,-307.7273,-245.4889
1512.5000,-308.2473,-245.4429
1513.0000,-308.7506,-245.3687
1513.5000,-309.2357,-245.2658
1514.0000,-309.7016,-245.1338
1514.5000,-310.1518,-244.9712
1515.0000,-310.6246,-244.7579
1515.5000,-311.0699,-244.5107
1516.0000,-311.4868,-244.2318
1516.5000,-311.8748,-243.9233
1517.0000,-312.2334,-243.5880
1517.5000,-312.5780,-243.2106
1518.0000,-312.8899,-242.8105
1518.5000,-313.1691,-242.3921
1519.0000,-313.4156,-241.9599
1519.5000,-313.6321,-241.5133
1520.0000,-313.8286,-241.0286
1520.5000,-313.9891,-240.5428
1521.0000,-314.1150,-240.0611
1521.5000,-314.2077,-239.5881
1522.0000,-314.2739,-239.0741
1522.5000,-314.3038,-238.5519
1523.0000,-314.2953,-238.0575
1523.5000,-314.2521,-237.5932
1524.0000,-314.1609,-237.0818
1524.5000,-314.0293,-236.5975
1525.0000,-313.8666,-236.1444
1525.5000,-313.6800,-235.7040
1526.0000,-313.4710,-235.2603
1526.5000,-313.2340,-234.8038
1527.0000,-312.9962,-234.3799
1527.5000,-312.7501,-233.9649
1528.0000,-312.4832,-233.5320
1528.5000,-312.1978,-233.0808
1529.0000,-311.9386,-232.6766
1529.5000,-311.6717,-232.2615
1530.0000,-311.3990,-231.8353
1530.5000,-311.1238,-231.3995
1531.0000,-310.8571,-230.9681
1531.5000,-310.5978,-230.5365
1532.0000,-310.3460,-230.1014
1532.5000,-310.1050,-229.6649
1533.0000,-309.8732,-229.2196
1533.5000,-309.6463,-228.7490
1534.0000,-309.4432,-228.2841
1534.5000,-309.2672,-227.8273
1535.0000,-309.1174,-227.3680
1535.5000,-308.9867,-226.8521
1536.0000,-308.9044,-226.3562
1536.5000,-308.8716,-225.8818
1537.0000,-308.8924,-225.3777
1537.5000,-308.9746,-224.8807
1538.0000,-309.1098,-224.4096
1538.5000,-309.2887,-223.9485
1539.0000,-309.4996,-223.4977
1539.5000,-309.7555,-223.0613
1540.0000,-310.0396,-222.6777
1540.5000,-310.3737,-222.3129
1541.0000,-310.7618,-221.9624
1541.5000,-311.1501,-221.6628
1542.0000,-311.5534,-221.3879
1542.5000,-311.9863,-221.1214
1543.0000,-312.4434,-220.8622
1543.5000,-312.8814,-220.6287
1544.0000,-313.3271,-220.4008
1544.5000,-313.7777,-220.1761
1545.0000,-314.2275,-219.9536
1545.5000,-314.6920,-219.7218
1546.0000,-315.1477,-219.4877
1546.5000,-315.5842,-219.2526
1547.0000,-315.9962,-219.0152
1547.5000,-316.4507,-218.7269
1548.0000,-316.8615,-218.4294
1548.5000,-317.2195,-218.1249
1549.0000,-317.5732,-217.7560
1549.5000,-317.8719,-217.3547
1550.0000,-318.1104,-216.9394
1550.5000,-318.3248,-216.4926
1551.0000,-318.5206,-216.0313
1551.5000,-318.6633,-215.5804
1552.0000,-318.7596,-215.0972
1552.5000,-318.8097,-214.5587
1553.0000,-318.8154,-214.0953
1553.5000,-318.7924,-213.6033
1554.0000,-318.7430,-213.0831
1554.5000,-318.6747,-212.5697
1555.0000,-318.5962,-212.0838
1555.5000,-318.5057,-211.5895
1556.0000,-318.4063,-211.0916
1556.5000,-318.3002,-210.5896
1557.0000,-318.1896,-210.0833
1557.5000,-318.0806,-209.5892
1558.0000,-317.9768,-209.1126
1558.5000,-317.8737,-208.6178
1559.0000,-317.7734,-208.0901
1559.5000,-317.6967,-207.6091
1560.0000,-317.6439,-207.1413
1560.5000,-317.6265,-206.6071
1561.0000,-317.6658,-206.1599
1561.5000,-317.7688,-205.6712
1562.0000,-317.8960,-205.1896
1562.5000,-318.0583,-204.7176
1563.0000,-318.2658,-204.2674
1563.5000,-318.5228,-203.8368
1564.0000,-318.8135,-203.4393
1564.5000,-319.1378,-203.0564
1565.0000,-319.4789,-202.6913
1565.5000,-319.8259,-202.3410
1566.0000,-320.1973,-201.9766
1566.5000,-320.5413,-201.6407
1567.0000,-320.8991,-201.2872
1567.5000,-321.2592,-200.9224
1568.0000,-321.5960,-200.5699
1568.5000,-321.9362,-200.1998
1569.0000,-322.2755,-199.8142
1569.5000,-322.5905,-199.4396
1570.0000,-322.9025,-199.0512
1570.5000,-323.2078,-198.6459
1571.0000,-323.4527,-198.2621
1571.5000,-323.6555,-197.8581
1572.0000,-323.8296,-197.3928
1572.5000,-323.9705,-196.8570
1573.0000,-324.0623,-196.3384
1573.5000,-324.1124,-195.9168
1574.0000,-324.1471,-195.4630
1574.5000,-324.1662,-194.9773
1575.0000,-324.1700,-194.4601
1575.5000,-324.1586,-193.9123
1576.0000,-324.1327,-193.3353
1576.5000,-324.1004,-192.8337
1577.0000,-324.0641,-192.3765
1577.5000,-324.0210,-191.9059
1578.0000,-323.9712,-191.4227
1578.5000,-323.9153,-190.9279
1579.0000,-323.8535,-190.4224
1579.5000,-323.7863,-189.9072
1580.0000,-323.7142,-189.3833
1580.5000,-323.6376,-188.8519
1581.0000,-323.5603,-188.3363
1581.5000,-323.4849,-187.8487
1582.0000,-323.4070,-187.3576
1582.5000,-323.3270,-186.8639
1583.0000,-323.2451,-186.3682
1583.5000,-323.1617,-185.8715
1584.0000,-323.0773,-185.3746
1584.5000,-322.9921,-184.8784
1585.0000,-322.9066,-184.3835
1585.5000,-322.8210,-183.8909
1586.0000,-322.7349,-183.3963
1586.5000,-322.6438,-182.8734
1587.0000,-322.5539,-182.3559
1587.5000,-322.4656,-181.8444
1588.0000,-322.3791,-181.3399
1588.5000,-322.2948,-180.8430
1589.0000,-322.2132,-180.3546
1589.5000,-322.1344,-179.8752
1590.0000,-322.0587,-179.4055
1590.5000,-321.9864,-178.9459
1591.0000,-321.9078,-178.4313
1591.5000,-321.8279,-177.8875
1592.0000,-321.7541,-177.3613
1592.5000,-321.6866,-176.8529
1593.0000,-321.6254,-176.3624
1593.5000,-321.5704,-175.8893
1594.0000,-321.5215,-175.4332
1594.5000,-321.4783,-174.9932
1595.0000,-321.4315,-174.4621
1595.5000,-321.3915,-173.9472
1596.0000,-321.3571,-173.4489
1596.5000,-321.3262,-172.9624
1597.0000,-321.2964,-172.4815
1597.5000,-321.2660,-172.0018
1598.0000,-321.2341,-171.4942
1598.5000,-321.2037,-170.9874
1599.0000,-321.1760,-170.4848
1599.5000,-321.1520,-169.9875
1600.0000,-321.1323,-169.4963
1600.5000,-321.1173,-169.0008
1601.0000,-321.1074,-168.4835
1601.5000,-321.1041,-167.9753
1602.0000,-321.1073,-167.4767
1602.5000,-321.1169,-166.9877
1603.0000,-321.1329,-166.5055
1603.5000,-321.1572,-165.9869
1604.0000,-321.1877,-165.4798
1604.5000,-321.2236,-164.9836
1605.0000,-321.2639,-164.4979
1605.5000,-321.3087,-164.0070
1606.0000,-321.3582,-163.4983
1606.5000,-321.4083,-162.9989
1607.0000,-321.4573,-162.5076
1607.5000,-321.5035,-162.0225
1608.0000,-321.5474,-161.5177
1608.5000,-321.5845,-161.0176
1609.0000,-321.6134,-160.5210
1609.5000,-321.6327,-160.0265
1610.0000,-321.6414,-159.5274
1610.5000,-321.6386,-159.0280
1611.0000,-321.6239,-158.5282
1611.5000,-321.5978,-158.0275
1612.0000,-321.5612,-157.5290
1612.5000,-321.5155,-157.0305
1613.0000,-321.4627,-156.5324
1613.5000,-321.4058,-156.0361
1614.0000,-321.3464,-155.5422
1614.5000,-321.2813,-155.0492
1615.0000,-321.2074,-154.5552
1615.5000,-321.1221,-154.0586
1616.0000,-321.0273,-153.5755
1616.5000,-320.9208,-153.0943
1617.0000,-320.8011,-152.6082
1617.5000,-320.6683,-152.1171
1618.0000,-320.5275,-151.6357
1618.5000,-320.3812,-151.1669
1619.0000,-320.2257,-150.6935
1619.5000,-320.0619,-150.2158
1620.0000,-319.8912,-149.7340
1620.5000,-319.7222,-149.2677
1621.0000,-319.5503,-148.8007
1621.5000,-319.3763,-148.3311
1622.0000,-319.2014,-147.8593
1622.5000,-319.0273,-147.3862
1623.0000,-318.8561,-146.9142
1623.5000,-318.6881,-146.4416
1624.0000,-318.5246,-145.9687
1624.5000,-318.3666,-145.4959
1625.0000,-318.2139,-145.0199
1625.5000,-318.0660,-144.5362
1626.0000,-317.9263,-144.0538
1626.5000,-317.7951,-143.5729
1627.0000,-317.6725,-143.0938
1627.5000,-317.5560,-142.6068
1628.0000,-317.4462,-142.1160
1628.5000,-317.3433,-141.6268
1629.0000,-317.2458,-141.1391
1629.5000,-317.1515,-140.6518
1630.0000,-317.0572,-140.1603
1630.5000,-316.9644,-139.6687
1631.0000,-316.8746,-139.1769
1631.5000,-316.7891,-138.6847
1632.0000,-316.7087,-138.1911
1632.5000,-316.6343,-137.6964
1633.0000,-316.5664,-137.2010
1633.5000,-316.5051,-136.7049
1634.0000,-316.4505,-136.2081
1634.5000,-316.4025,-135.7105
1635.0000,-316.3606,-135.2123
1635.5000,-316.3244,-134.7135
1636.0000,-316.2933,-134.2143
1636.5000,-316.2665,-133.7149
1637.0000,-316.2432,-133.2153
1637.5000,-316.2226,-132.7156
1638.0000,-316.2037,-132.2160
1638.5000,-316.1856,-131.7164
1639.0000,-316.1674,-131.2157
1639.5000,-316.1482,-130.7156
1640.0000,-316.1272,-130.2163
1640.5000,-316.1035,-129.7178
1641.0000,-316.0763,-129.2176
1641.5000,-316.0451,-128.7174
1642.0000,-316.0095,-128.2186
1642.5000,-315.9693,-127.7212
1643.0000,-315.9241,-127.2239
1643.5000,-315.8739,-126.7244
1644.0000,-315.8193,-126.2267
1644.5000,-315.7609,-125.7309
1645.0000,-315.6997,-125.2370
1645.5000,-315.6365,-124.7413
1646.0000,-315.5726,-124.2468
1646.5000,-315.5069,-123.7521
1647.0000,-315.4378,-123.2560
1647.5000,-315.3656,-122.7647
1648.0000,-315.2892,-122.2761
1648.5000,-315.2073,-121.7838
1649.0000,-315.1195,-121.2877
1649.5000,-315.0259,-120.7895
1650.0000,-314.9298,-120.3044
1650.5000,-314.8281,-119.8165
1651.0000,-314.7213,-119.3266
1651.5000,-314.6097,-118.8353
1652.0000,-314.4942,-118.3452
1652.5000,-314.3754,-117.8575
1653.0000,-314.2535,-117.3712
1653.5000,-314.1291,-116.8871
1654.0000,-314.0028,-116.4063
1654.5000,-313.8714,-115.9151
1655.0000,-313.7385,-115.4259
1655.5000,-313.6059,-114.9433
1656.0000,-313.4741,-114.4683
1656.5000,-313.3405,-113.9895
1657.0000,-313.2017,-113.4933
1657.5000,-313.0660,-113.0085
1658.0000,-312.9339,-112.5354
1658.5000,-312.8035,-112.0658
1659.0000,-312.6664,-111.5688
1659.5000,-312.5339,-111.0850
1660.0000,-312.4056,-110.6128
1660.5000,-312.2766,-110.1366
1661.0000,-312.1444,-109.6495
1661.5000,-312.0127,-109.1675
1662.0000,-311.8827,-108.6925
1662.5000,-311.7474,-108.1975
1663.0000,-311.6155,-107.7120
1663.5000,-311.4882,-107.2392
1664.0000,-311.3581,-106.7513
1664.5000,-311.2297,-106.2632
1665.0000,-311.1063,-105.7889
1665.5000,-310.9816,-105.3038
1666.0000,-310.8578,-104.8179
1666.5000,-310.7367,-104.3404
1667.0000,-310.6139,-103.8568
1667.5000,-310.4902,-103.3734
1668.0000,-310.3651,-102.8902
1668.5000,-310.2392,-102.4127
1669.0000,-310.1089,-101.9281
1669.5000,-309.9761,-101.4449
1670.0000,-309.8425,-100.9690
1670.5000,-309.7039,-100.4842
1671.0000,-309.5630,-99.9999
1671.5000,-309.4218,-99.5202
1672.0000,-309.2787,-99.0387
1672.5000,-309.1338,-98.5533
1673.0000,-308.9878,-98.0657
1673.5000,-308.8459,-97.5927
1674.0000,-308.7025,-97.1150
1674.5000,-308.5572,-96.6318
1675.0000,-308.4158,-96.1627
1675.5000,-308.2722,-95.6880
1676.0000,-308.1271,-95.2117
1676.5000,-307.9813,-94.7369
1677.0000,-307.8378,-94.2741
1677.5000,-307.6865,-93.7901
1678.0000,-307.5373,-93.3167
1678.5000,-307.3917,-92.8580
1679.0000,-307.2369,-92.3725
1679.5000,-307.0788,-91.8786
1680.0000,-306.9339,-91.4263
1680.5000,-306.7823,-90.9536
1681.0000,-306.6247,-90.4614
1681.5000,-306.4683,-89.9718
1682.0000,-306.3200,-89.5059
1682.5000,-306.1695,-89.0302
1683.0000,-306.0178,-88.5475
1683.5000,-305.8653,-88.0578
1684.0000,-305.7228,-87.5957
1684.5000,-305.5793,-87.1255
1685.0000,-305.4346,-86.6461
1685.5000,-305.2887,-86.1569
1686.0000,-305.1454,-85.6701
1686.5000,-305.0101,-85.2052
1687.0000,-304.8740,-84.7312
1687.5000,-304.7370,-84.2483
1688.0000,-304.5993,-83.7565
1688.5000,-304.4625,-83.2614
1689.0000,-304.3346,-82.7926
1689.5000,-304.2064,-82.3168
1690.0000,-304.0781,-81.8342
1690.5000,-303.9496,-81.3450
1691.0000,-303.8213,-80.8497
1691.5000,-303.6971,-80.3642
1692.0000,-303.5765,-79.8866
1692.5000,-303.4563,-79.4044
1693.0000,-303.3365,-78.9181
1693.5000,-303.2174,-78.4280
1694.0000,-303.0991,-77.9344
1694.5000,-302.9838,-77.4473
1695.0000,-302.8707,-76.9634
1695.5000,-302.7585,-76.4773
1696.0000,-302.6474,-75.9893
1696.5000,-302.5373,-75.4996
1697.0000,-302.4283,-75.0085
1697.5000,-302.3210,-74.5187
1698.0000,-302.2154,-74.0304
1698.5000,-302.1109,-73.5414
1699.0000,-302.0076,-73.0520
1699.5000,-301.9055,-72.5622
1700.0000,-301.8045,-72.0723
1700.5000,-301.7046,-71.5823
1701.0000,-301.6058,-71.0925
1701.5000,-301.5079,-70.6026
1702.0000,-301.4109,-70.1126
1702.5000,-301.3147,-69.6223
1703.0000,-301.2190,-69.1316
1703.5000,-301.1243,-68.6422
1704.0000,-301.0335,-68.1704
1704.5000,-300.9421,-67.6928
1705.0000,-300.8500,-67.2081
1705.5000,-300.7567,-66.7152
1706.0000,-300.6622,-66.2132
1706.5000,-300.5663,-65.7016
1707.0000,-300.4756,-65.2162
1707.5000,-300.3877,-64.7437
1708.0000,-300.2985,-64.2632
1708.5000,-300.2081,-63.7749
1709.0000,-300.1166,-63.2790
1709.5000,-300.0239,-62.7759
1710.0000,-299.9301,-62.2661
1710.5000,-299.8376,-61.7622
1711.0000,-299.7491,-61.2798
1711.5000,-299.6600,-60.7932
1712.0000,-299.5703,-60.3030
1712.5000,-299.4801,-59.8097
1713.0000,-299.3896,-59.3142
1713.5000,-299.2989,-58.8171
1714.0000,-299.2080,-58.3191
1714.5000,-299.1170,-57.8197
1715.0000,-299.0258,-57.3192
1715.5000,-298.9348,-56.8200
1716.0000,-298.8443,-56.3231
1716.5000,-298.7543,-55.8292
1717.0000,-298.6650,-55.3390
1717.5000,-298.5766,-54.8534
1718.0000,-298.4891,-54.3731
1718.5000,-298.3975,-53.8706
1719.0000,-298.3032,-53.3531
1719.5000,-298.2106,-52.8448
1720.0000,-298.1197,-52.3464
1720.5000,-298.0307,-51.8586
1721.0000,-297.9437,-51.3821
1721.5000,-297.8588,-50.9174
1722.0000,-297.7682,-50.4220
1722.5000,-297.6716,-49.8938
1723.0000,-297.5782,-49.3843
1723.5000,-297.4882,-48.8935
1724.0000,-297.4014,-48.4211
1724.5000,-297.3178,-47.9664
1725.0000,-297.2267,-47.4722
1725.5000,-297.1323,-46.9609
1726.0000,-297.0412,-46.4685
1726.5000,-296.9526,-45.9908
1727.0000,-296.8655,-45.5222
1727.5000,-296.7704,-45.0106
1728.0000,-296.6754,-44.5002
1728.5000,-296.5841,-44.0097
1729.0000,-296.4973,-43.5429
1729.5000,-296.4028,-43.0336
1730.0000,-296.3066,-42.5149
1730.5000,-296.2194,-42.0437
1731.0000,-296.1323,-41.5727
1731.5000,-296.0366,-41.0552
1732.0000,-295.9536,-40.6079
1732.5000,-295.8587,-40.1024
1733.0000,-295.7684,-39.6326
1733.5000,-295.6737,-39.1519
1734.0000,-295.5766,-38.6674
1734.5000,-295.4796,-38.1857
1735.0000,-295.3776,-37.6770
1735.5000,-295.2824,-37.1959
1736.0000,-295.1845,-36.6920
1736.5000,-295.0904,-36.1943
1737.0000,-294.9992,-35.7031
1737.5000,-294.9081,-35.2127
1738.0000,-294.8166,-34.7239
1738.5000,-294.7241,-34.2320
1739.0000,-294.6321,-33.7416
1739.5000,-294.5420,-33.2537
1740.0000,-294.4535,-32.7574
1740.5000,-294.3709,-32.2684
1741.0000,-294.2939,-31.7775
1741.5000,-294.2229,-31.2751
1742.0000,-294.1621,-30.7853
1742.5000,-294.1100,-30.2911
1743.0000,-294.0670,-29.7849
1743.5000,-294.0353,-29.2901
1744.0000,-294.0137,-28.7953
1744.5000,-294.0020,-28.2899
1745.0000,-294.0004,-27.7861
1745.5000,-294.0080,-27.2929
1746.0000,-294.0242,-26.7918
1746.5000,-294.0486,-26.2838
1747.0000,-294.0790,-25.7905
1747.5000,-294.1160,-25.2957
1748.0000,-294.1617,-24.7949
1748.5000,-294.2174,-24.2926
1749.0000,-294.2812,-23.8121
1749.5000,-294.3578,-23.3227
1750.0000,-294.4490,-22.8233
1750.5000,-294.5539,-22.3240
1751.0000,-294.6639,-21.8603
1751.5000,-294.7890,-21.3856
1752.0000,-294.9303,-20.8991
1752.5000,-295.0887,-20.4000
1753.0000,-295.2459,-19.9413
1753.5000,-295.4104,-19.4918
1754.0000,-295.5891,-19.0315
1754.5000,-295.7822,-18.5601
1755.0000,-295.9901,-18.0774
1755.5000,-296.1954,-17.6211
1756.0000,-296.3964,-17.1910
1756.5000,-296.6084,-16.7523
1757.0000,-296.8312,-16.3050
1757.5000,-297.0648,-15.8492
1758.0000,-297.3091,-15.3851
1758.5000,-297.5505,-14.9372
1759.0000,-297.7812,-14.5178
1759.5000,-298.0195,-14.0924
1760.0000,-298.2650,-13.6614
1760.5000,-298.5174,-13.2249
1761.0000,-298.7765,-12.7834
1761.5000,-299.0417,-12.3370
1762.0000,-299.3036,-11.9015
1762.5000,-299.5580,-11.4826
1763.0000,-299.8163,-11.0608
1763.5000,-300.0783,-10.6364
1764.0000,-300.3434,-10.2100
1764.5000,-300.6109,-9.7820
1765.0000,-300.8805,-9.3530
1765.5000,-301.1514,-8.9235
1766.0000,-301.4236,-8.4931
1766.5000,-301.6959,-8.0633
1767.0000,-301.9673,-7.6351
1767.5000,-302.2365,-7.2088
1768.0000,-302.5019,-6.7849
1768.5000,-302.7619,-6.3637
1769.0000,-303.0151,-5.9455
1769.5000,-303.2691,-5.5157
1770.0000,-303.5326,-5.0555
1770.5000,-303.7833,-4.6004
1771.0000,-304.0200,-4.1506
1771.5000,-304.2415,-3.7067
1772.0000,-304.4472,-3.2689
1772.5000,-304.6361,-2.8377
1773.0000,-304.8266,-2.3647
1773.5000,-305.0077,-1.8634
1774.0000,-305.1625,-1.3731
1774.5000,-305.2910,-0.8943
1775.0000,-305.3929,-0.4275
1775.5000,-305.4687,0.0271
1776.0000,-305.5260,0.5602
1776.5000,-305.5468,1.0768
1777.0000,-305.5320,1.5736
1777.5000,-305.4835,2.0502
1778.0000,-305.3975,2.5331
1778.5000,-305.2657,3.0345
1779.0000,-305.0982,3.5080
1779.5000,-304.8986,3.9536
1780.0000,-304.6606,4.3886
1780.5000,-304.3806,4.8162
1781.0000,-304.0757,5.2118
1781.5000,-303.7500,5.5767
1782.0000,-303.3882,5.9296
1782.5000,-303.0059,6.2555
1783.0000,-302.6091,6.5530
1783.5000,-302.1996,6.8240
1784.0000,-301.7767,7.0719
1784.5000,-301.3324,7.2992
1785.0000,-300.8543,7.4963
1785.5000,-300.4250,7.6305
1786.0000,-299.9570,7.7356
1786.5000,-299.4471,7.8090
1787.0000,-298.8937,7.8485
1787.5000,-298.4296,7.8552
1788.0000,-297.9622,7.8412
1788.5000,-297.4718,7.8075
1789.0000,-296.9596,7.7542
1789.5000,-296.4273,7.6816
1790.0000,-295.9039,7.5952
1790.5000,-295.4383,7.5070
1791.0000,-294.9627,7.4070
1791.5000,-294.4786,7.2955
1792.0000,-293.9872,7.1732
1792.5000,-293.4900,7.0406
1793.0000,-292.9885,6.8983
1793.5000,-292.4989,6.7515
1794.0000,-292.0224,6.6014
1794.5000,-291.5459,6.4443
1795.0000,-291.0705,6.2809
1795.5000,-290.5974,6.1117
1796.0000,-290.1278,5.9373
1796.5000,-289.6627,5.7581
1797.0000,-289.1943,5.5713
1797.5000,-288.7139,5.3728
1798.0000,-288.2418,5.1709
1798.5000,-287.7790,4.9662
1799.0000,-287.3261,4.7592
1799.5000,-286.8839,4.5503
1800.0000,-286.4527,4.3402
1800.5000,-286.0015,4.1130
1801.0000,-285.5379,3.8717
1801.5000,-285.0888,3.6299
1802.0000,-284.6535,3.3881
1802.5000,-284.2311,3.1462
1803.0000,-283.8198,2.9042
1803.5000,-283.3997,2.6509
1804.0000,-282.9750,2.3894
1804.5000,-282.5542,2.1264
1805.0000,-282.1331,1.8610
1805.5000,-281.7093,1.5931
1806.0000,-281.2836,1.3239
1806.5000,-280.8621,1.0580
1807.0000,-280.4390,0.7920
1807.5000,-280.0145,0.5266
1808.0000,-279.5891,0.2624
1808.5000,-279.1630,-0.0004
1809.0000,-278.7347,-0.2624
1809.5000,-278.3043,-0.5236
1810.0000,-277.8743,-0.7823
1810.5000,-277.4449,-1.0385
1811.0000,-277.0165,-1.2922
1811.5000,-276.5894,-1.5431
1812.0000,-276.1524,-1.7982
1812.5000,-275.7162,-2.0512
1813.0000,-275.2822,-2.3017
1813.5000,-274.8507,-2.5499
1814.0000,-274.4219,-2.7959
1814.5000,-273.9877,-3.0447
1815.0000,-273.5489,-3.2964
1815.5000,-273.1135,-3.5466
1816.0000,-272.6818,-3.7957
1816.5000,-272.2539,-4.0441
1817.0000,-271.8250,-4.2947
1817.5000,-271.3897,-4.5513
1818.0000,-270.9584,-4.8081
1818.5000,-270.5311,-5.0655
1819.0000,-270.1076,-5.3236
1819.5000,-269.6849,-5.5846
1820.0000,-269.2588,-5.8511
1820.5000,-268.8359,-6.1189
1821.0000,-268.4156,-6.3883
1821.5000,-267.9976,-6.6591
1822.0000,-267.5804,-6.9317
1822.5000,-267.1630,-7.2062
1823.0000,-266.7457,-7.4814
1823.5000,-266.3278,-7.7569
1824.0000,-265.9091,-8.0318
1824.5000,-265.4799,-8.3122
1825.0000,-265.0444,-8.5952
1825.5000,-264.6191,-8.8702
1826.0000,-264.2061,-9.1353
1826.5000,-263.8071,-9.3896
1827.0000,-263.3577,-9.6728
1827.5000,-262.9225,-9.9430
1828.0000,-262.5066,-10.1963
1828.5000,-262.1042,-10.4355
1829.0000,-261.6558,-10.6937
1829.5000,-261.2198,-10.9345
1830.0000,-260.7889,-11.1616
1830.5000,-260.3568,-11.3780
1831.0000,-259.9141,-11.5887
1831.5000,-259.4522,-11.7984
1832.0000,-258.9988,-11.9960
1832.5000,-258.5675,-12.1783
1833.0000,-258.1092,-12.3676
1833.5000,-257.6209,-12.5659
1834.0000,-257.1499,-12.7548
1834.5000,-256.7179,-12.9268
1835.0000,-256.2647,-13.1064
1835.5000,-255.7908,-13.2937
1836.0000,-255.2967,-13.4886
1836.5000,-254.8148,-13.6786
1837.0000,-254.3676,-13.8549
1837.5000,-253.9095,-14.0355
1838.0000,-253.4422,-14.2198
1838.5000,-252.9678,-14.4070
1839.0000,-252.4887,-14.5961
1839.5000,-252.0232,-14.7789
1840.0000,-251.5759,-14.9527
1840.5000,-251.1211,-15.1264
1841.0000,-250.6573,-15.2999
1841.5000,-250.1833,-15.4728
1842.0000,-249.6980,-15.6450
1842.5000,-249.2007,-15.8164
1843.0000,-248.7493,-15.9675
1843.5000,-248.2946,-16.1155
1844.0000,-247.8299,-16.2626
1844.5000,-247.3551,-16.4090
1845.0000,-246.8702,-16.5546
1845.5000,-246.3754,-16.6994
1846.0000,-245.8707,-16.8434
1846.5000,-245.3808,-16.9802
1847.0000,-244.9174,-17.1070
1847.5000,-244.4471,-17.2334
1848.0000,-243.9701,-17.3596
1848.5000,-243.4870,-17.4855
1849.0000,-242.9980,-17.6113
1849.5000,-242.5035,-17.7370
1850.0000,-242.0041,-17.8628
1850.5000,-241.5001,-17.9888
1851.0000,-241.0231,-18.1074
1851.5000,-240.5435,-18.2262
1852.0000,-240.0612,-18.3454
1852.5000,-239.5765,-18.4652
1853.0000,-239.0900,-18.5855
1853.5000,-238.6019,-18.7067
1854.0000,-238.1127,-18.8286
1854.5000,-237.6229,-18.9515
1855.0000,-237.1328,-19.0754
1855.5000,-236.6446,-19.1999
1856.0000,-236.1568,-19.3257
1856.5000,-235.6701,-19.4528
1857.0000,-235.1846,-19.5813
1857.5000,-234.7007,-19.7112
1858.0000,-234.2188,-19.8427
1858.5000,-233.7391,-19.9757
1859.0000,-233.2620,-20.1105
1859.5000,-232.7877,-20.2470
1860.0000,-232.2977,-20.3909
1860.5000,-231.8105,-20.5370
1861.0000,-231.3269,-20.6852
1861.5000,-230.8472,-20.8355
1862.0000,-230.3713,-20.9879
1862.5000,-229.8993,-21.1426
1863.0000,-229.4313,-21.2994
1863.5000,-228.9671,-21.4584
1864.0000,-228.5008,-21.6217
1864.5000,-228.0246,-21.7920
1865.0000,-227.5519,-21.9647
1865.5000,-227.0825,-22.1397
1866.0000,-226.6158,-22.3168
1866.5000,-226.1514,-22.4960
1867.0000,-225.6886,-22.6773
1867.5000,-225.2267,-22.8604
1868.0000,-224.7650,-23.0452
1868.5000,-224.3077,-23.2298
1869.0000,-223.8498,-23.4163
1869.5000,-223.3909,-23.6049
1870.0000,-222.9309,-23.7959
1870.5000,-222.4698,-23.9895
1871.0000,-222.0074,-24.1858
1871.5000,-221.5436,-24.3851
1872.0000,-221.0784,-24.5875
1872.5000,-220.6226,-24.7882
1873.0000,-220.1731,-24.9887
1873.5000,-219.7224,-25.1923
1874.0000,-219.2704,-25.3991
1874.5000,-218.8173,-25.6092
1875.0000,-218.3631,-25.8226
1875.5000,-217.9078,-26.0394
1876.0000,-217.4517,-26.2595
1876.5000,-216.9947,-26.4830
1877.0000,-216.5500,-26.7034
1877.5000,-216.1074,-26.9257
1878.0000,-215.6644,-27.1512
1878.5000,-215.2211,-27.3797
1879.0000,-214.7778,-27.6114
1879.5000,-214.3345,-27.8461
1880.0000,-213.8914,-28.0838
1880.5000,-213.4486,-28.3245
1881.0000,-213.0064,-28.5680
1881.5000,-212.5693,-28.8120
1882.0000,-212.1343,-29.0579
1882.5000,-211.7004,-29.3065
1883.0000,-211.2675,-29.5577
1883.5000,-210.8360,-29.8113
1884.0000,-210.4059,-30.0675
1884.5000,-209.9774,-30.3259
1885.0000,-209.5507,-30.5867
1885.5000,-209.1259,-30.8497
1886.0000,-208.7002,-31.1167
1886.5000,-208.2746,-31.3870
1887.0000,-207.8515,-31.6594
1887.5000,-207.4308,-31.9337
1888.0000,-207.0128,-32.2098
1888.5000,-206.5975,-32.4876
1889.0000,-206.1850,-32.7672
1889.5000,-205.7755,-33.0483
1890.0000,-205.3689,-33.3310
1890.5000,-204.9588,-33.6197
1891.0000,-204.5464,-33.9138
1891.5000,-204.1373,-34.2093
1892.0000,-203.7316,-34.5062
1892.5000,-203.3292,-34.8042
1893.0000,-202.9302,-35.1035
1893.5000,-202.5344,-35.4039
1894.0000,-202.1419,-35.7054
1894.5000,-201.7526,-36.0079
1895.0000,-201.3580,-36.3180
1895.5000,-200.9636,-36.6315
1896.0000,-200.5720,-36.9460
1896.5000,-200.1833,-37.2615
1897.0000,-199.7970,-37.5781
1897.5000,-199.4130,-37.8957
1898.0000,-199.0310,-38.2144
1898.5000,-198.6506,-38.5342
1899.0000,-198.2706,-38.8560
1899.5000,-197.8873,-39.1826
1900.0000,-197.5048,-39.5102
1900.5000,-197.1235,-39.8385
1901.0000,-196.7437,-40.1670
1901.5000,-196.3657,-40.4951
1902.0000,-195.9898,-40.8227
1902.5000,-195.6162,-41.1494
1903.0000,-195.2451,-41.4748
1903.5000,-194.8635,-41.8105
1904.0000,-194.4806,-42.1482
1904.5000,-194.1008,-42.4841
1905.0000,-193.7244,-42.8179
1905.5000,-193.3512,-43.1495
1906.0000,-192.9814,-43.4790
1906.5000,-192.6149,-43.8064
1907.0000,-192.2517,-44.1317
1907.5000,-191.8767,-44.4684
1908.0000,-191.4987,-44.8088
1908.5000,-191.1241,-45.1472
1909.0000,-190.7527,-45.4838
1909.5000,-190.3843,-45.8188
1910.0000,-190.0187,-46.1526
1910.5000,-189.6556,-46.4853
1911.0000,-189.2939,-46.8182
1911.5000,-188.9255,-47.1588
1912.0000,-188.5589,-47.4994
1912.5000,-188.1940,-47.8402
1913.0000,-187.8303,-48.1818
1913.5000,-187.4676,-48.5244
1914.0000,-187.1055,-48.8685
1914.5000,-186.7437,-49.2144
1915.0000,-186.3880,-49.5568
1915.5000,-186.0345,-49.8992
1916.0000,-185.6804,-50.2444
1916.5000,-185.3255,-50.5928
1917.0000,-184.9695,-50.9446
1917.5000,-184.6122,-51.3002
1918.0000,-184.2533,-51.6597
1918.5000,-183.8956,-52.0204
1919.0000,-183.5551,-52.3661
1919.5000,-183.2128,-52.7157
1920.0000,-182.8685,-53.0696
1920.5000,-182.5223,-53.4276
1921.0000,-182.1739,-53.7898
1921.5000,-181.8235,-54.1564
1922.0000,-181.4709,-54.5271
1922.5000,-181.1178,-54.9004
1923.0000,-180.7830,-55.2560
1923.5000,-180.4466,-55.6151
1924.0000,-180.1085,-55.9775
1924.5000,-179.7689,-56.3429
1925.0000,-179.4280,-56.7111
1925.5000,-179.0861,-57.0819
1926.0000,-178.7432,-57.4549
1926.5000,-178.3997,-57.8296
1927.0000,-178.0606,-58.2006
1927.5000,-177.7265,-58.5670
1928.0000,-177.3928,-58.9338
1928.5000,-177.0594,-59.3010
1929.0000,-176.7259,-59.6696
1929.5000,-176.3919,-60.0401
1930.0000,-176.0570,-60.4134
1930.5000,-175.7209,-60.7899
1931.0000,-175.3833,-61.1701
1931.5000,-175.0582,-61.5383
1932.0000,-174.7392,-61.9015
1932.5000,-174.4184,-62.2688
1933.0000,-174.0955,-62.6403
1933.5000,-173.7706,-63.0163
1934.0000,-173.4434,-63.3967
1934.5000,-173.1140,-63.7816
1935.0000,-172.7823,-64.1709
1935.5000,-172.4483,-64.5645
1936.0000,-172.1167,-64.9567
1936.5000,-171.8039,-65.3279
1937.0000,-171.4892,-65.7025
1937.5000,-171.1726,-66.0803
1938.0000,-170.8541,-66.4610
1938.5000,-170.5338,-66.8445
1939.0000,-170.2118,-67.2306
1939.5000,-169.8882,-67.6189
1940.0000,-169.5630,-68.0093
1940.5000,-169.2363,-68.4014
1941.0000,-168.9083,-68.7949
1941.5000,-168.5886,-69.1781
1942.0000,-168.2683,-69.5614
1942.5000,-167.9470,-69.9452
1943.0000,-167.6249,-70.3291
1943.5000,-167.3021,-70.7129
1944.0000,-166.9786,-71.0961
1944.5000,-166.6547,-71.4785
1945.0000,-166.3304,-71.8597
1945.5000,-166.0059,-72.2394
1946.0000,-165.6812,-72.6173
1946.5000,-165.3515,-72.9989
1947.0000,-165.0142,-73.3868
1947.5000,-164.6771,-73.7717
1948.0000,-164.3405,-74.1532
1948.5000,-164.0045,-74.5309
1949.0000,-163.6692,-74.9046
1949.5000,-163.3347,-75.2738
1950.0000,-163.0012,-75.6383
1950.5000,-162.6688,-75.9978
1951.0000,-162.3375,-76.3520
1951.5000,-161.9986,-76.7101
1952.0000,-161.6335,-77.0905
1952.5000,-161.2703,-77.4635
1953.0000,-160.9091,-77.8286
1953.5000,-160.5499,-78.1858
1954.0000,-160.1928,-78.5347
1954.5000,-159.8379,-78.8753
1955.0000,-159.4853,-79.2074
1955.5000,-159.1350,-79.5309
1956.0000,-158.7813,-79.8508
1956.5000,-158.3848,-80.2015
1957.0000,-157.9912,-80.5410
1957.5000,-157.6005,-80.8697
1958.0000,-157.2124,-81.1879
1958.5000,-156.8267,-81.4960
1959.0000,-156.4433,-81.7947
1959.5000,-156.0618,-82.0846
1960.0000,-155.6769,-82.3702
1960.5000,-155.2642,-82.6694
1961.0000,-154.8524,-82.9617
1961.5000,-154.4406,-83.2488
1962.0000,-154.0287,-83.5316
1962.5000,-153.6167,-83.8100
1963.0000,-153.2049,-84.0839
1963.5000,-152.7932,-84.3534
1964.0000,-152.3669,-84.6278
1964.5000,-151.9382,-84.8989
1965.0000,-151.5101,-85.1649
1965.5000,-151.0826,-85.4255
1966.0000,-150.6557,-85.6806
1966.5000,-150.2294,-85.9302
1967.0000,-149.8038,-86.1742
1967.5000,-149.3617,-86.4218
1968.0000,-148.9168,-86.6648
1968.5000,-148.4724,-86.9013
1969.0000,-148.0285,-87.1311
1969.5000,-147.5848,-87.3541
1970.0000,-147.1412,-87.5702
1970.5000,-146.6950,-87.7805
1971.0000,-146.2338,-87.9902
1971.5000,-145.7722,-88.1921
1972.0000,-145.3102,-88.3861
1972.5000,-144.8474,-88.5720
1973.0000,-144.3837,-88.7499
1973.5000,-143.9189,-88.9195
1974.0000,-143.4463,-89.0830
1974.5000,-142.9698,-89.2388
1975.0000,-142.4915,-89.3858
1975.5000,-142.0113,-89.5240
1976.0000,-141.5290,-89.6535
1976.5000,-141.0444,-89.7740
1977.0000,-140.5584,-89.8856
1977.5000,-140.0714,-89.9879
1978.0000,-139.5817,-90.0816
1978.5000,-139.0894,-90.1665
1979.0000,-138.5943,-90.2427
1979.5000,-138.0965,-90.3103
1980.0000,-137.5967,-90.3693
1980.5000,-137.1037,-90.4190
1981.0000,-136.6081,-90.4606
1981.5000,-136.1102,-90.4943
1982.0000,-135.6100,-90.5203
1982.5000,-135.1077,-90.5387
1983.0000,-134.6035,-90.5496
1983.5000,-134.1049,-90.5533
1984.0000,-133.6097,-90.5502
1984.5000,-133.1136,-90.5406
1985.0000,-132.6171,-90.5247
1985.5000,-132.1190,-90.5022
1986.0000,-131.6158,-90.4712
1986.5000,-131.1041,-90.4302
1987.0000,-130.6495,-90.3853
1987.5000,-130.1862,-90.3312
1988.0000,-129.7114,-90.2673
1988.5000,-129.2240,-90.1930
1989.0000,-128.7231,-90.1080
1989.5000,-128.2082,-90.0120
1990.0000,-127.6788,-89.9048
1990.5000,-127.1708,-89.7947
1991.0000,-126.7219,-89.6917
1991.5000,-126.2637,-89.5817
1992.0000,-125.7962,-89.4646
1992.5000,-125.3197,-89.3406
1993.0000,-124.8345,-89.2099
1993.5000,-124.3410,-89.0727
1994.0000,-123.8395,-88.9292
1994.5000,-123.3306,-88.7797
1995.0000,-122.8148,-88.6245
1995.5000,-122.3476,-88.4809
1996.0000,-121.8840,-88.3359
1996.5000,-121.4163,-88.1870
1997.0000,-120.9451,-88.0348
1997.5000,-120.4707,-87.8792
1998.0000,-119.9937,-87.7208
1998.5000,-119.5145,-87.5596
1999.0000,-119.0338,-87.3960
1999.5000,-118.5519,-87.2302
2000.0000,-118.0696,-87.0626
2000.5000,-117.5871,-86.8934
2001.0000,-117.1050,-86.7228
2001.5000,-116.6239,-86.5511
2002.0000,-116.1444,-86.3788
2002.5000,-115.6671,-86.2061
2003.0000,-115.1925,-86.0332
2003.5000,-114.7212,-85.8605
2004.0000,-114.2536,-85.6881
2004.5000,-113.7903,-85.5165
2005.0000,-113.3317,-85.3458
2005.5000,-112.8783,-85.1764
2006.0000,-112.4075,-84.9996
2006.5000,-111.9023,-84.8093
2007.0000,-111.4059,-84.6215
2007.5000,-110.9187,-84.4366
2008.0000,-110.4414,-84.2550
2008.5000,-109.9743,-84.0768
2009.0000,-109.5179,-83.9023
2009.5000,-109.0726,-83.7318
2010.0000,-108.6386,-83.5653
2010.5000,-108.2162,-83.4031
2011.0000,-107.6925,-83.2019
2011.5000,-107.1855,-83.0069
2012.0000,-106.6980,-82.8193
2012.5000,-106.2296,-82.6391
2013.0000,-105.7797,-82.4660
2013.5000,-105.3475,-82.2997
2014.0000,-104.9318,-82.1397
2014.5000,-104.4605,-81.9583
2015.0000,-103.9766,-81.7715
2015.5000,-103.5086,-81.5903
2016.0000,-103.0513,-81.4121
2016.5000,-102.5997,-81.2347
2017.0000,-102.1534,-81.0576
2017.5000,-101.6738,-80.8649
2018.0000,-101.1991,-80.6713
2018.5000,-100.7345,-80.4784
2019.0000,-100.2807,-80.2865
2019.5000,-99.8385,-80.0954
2020.0000,-99.3710,-79.8883
2020.5000,-98.8996,-79.6734
2021.0000,-98.4449,-79.4593
2021.5000,-98.0072,-79.2459
2022.0000,-97.5847,-79.0319
2022.5000,-97.1182,-78.7849
2023.0000,-96.6741,-78.5376
2023.5000,-96.2519,-78.2896
2024.0000,-95.8486,-78.0388
2024.5000,-95.4141,-77.7507
2025.0000,-95.0045,-77.4594
2025.5000,-94.6181,-77.1640
2026.0000,-94.2339,-76.8472
2026.5000,-93.8569,-76.5108
2027.0000,-93.5013,-76.1670
2027.5000,-93.1593,-75.8088
2028.0000,-92.8267,-75.4314
2028.5000,-92.5123,-75.0449
2029.0000,-92.2126,-74.6458
2029.5000,-91.9263,-74.2314
2030.0000,-91.6600,-73.8100
2030.5000,-91.4153,-73.3825
2031.0000,-91.1898,-72.9436
2031.5000,-90.9795,-72.4866
2032.0000,-90.7883,-72.0260
2032.5000,-90.6146,-71.5689
2033.0000,-90.4465,-71.0927
2033.5000,-90.2846,-70.6066
2034.0000,-90.1357,-70.1409
2034.5000,-89.9868,-69.6636
2035.0000,-89.8366,-69.1769
2035.5000,-89.6879,-68.6967
2036.0000,-89.5380,-68.2203
2036.5000,-89.3836,-67.7431
2037.0000,-89.2239,-67.2677
2037.5000,-89.0550,-66.7893
2038.0000,-88.8786,-66.3180
2038.5000,-88.6939,-65.8568
2039.0000,-88.4961,-65.3992
2039.5000,-88.2786,-64.9374
2040.0000,-88.0491,-64.4940
2040.5000,-87.8067,-64.0705
2041.0000,-87.5343,-63.6427
2041.5000,-87.2436,-63.2347
2042.0000,-86.9358,-62.8482
2042.5000,-86.6068,-62.4769
2043.0000,-86.2573,-62.1213
2043.5000,-85.8883,-61.7811
2044.0000,-85.5077,-61.4605
2044.5000,-85.1158,-61.1559
2045.0000,-84.7085,-60.8607
2045.5000,-84.2925,-60.5765
2046.0000,-83.8768,-60.3057
2046.5000,-83.4525,-60.0392
2047.0000,-83.0221,-59.7754
2047.5000,-82.5939,-59.5166
2048.0000,-82.1651,-59.2581
2048.5000,-81.7377,-58.9983
2049.0000,-81.3105,-58.7335
2049.5000,-80.8859,-58.4623
2050.0000,-80.4706,-58.1858
2050.5000,-80.0646,-57.9012
2051.0000,-79.6577,-57.5971
2051.5000,-79.2682,-57.2834
2052.0000,-78.8980,-56.9588
2052.5000,-78.5348,-56.6082
2053.0000,-78.1937,-56.2419
2053.5000,-77.8769,-55.8601
2054.0000,-77.5825,-55.4598
2054.5000,-77.3113,-55.0411
2055.0000,-77.0622,-54.6036
2055.5000,-76.8406,-54.1616
2056.0000,-76.6388,-53.7070
2056.5000,-76.4528,-53.2367
2057.0000,-76.2852,-52.7656
2057.5000,-76.1319,-52.2934
2058.0000,-75.9874,-51.8117
2058.5000,-75.8501,-51.3252
2059.0000,-75.7200,-50.8440
2059.5000,-75.5922,-50.3599
2060.0000,-75.4645,-49.8751
2060.5000,-75.3341,-49.3886
2061.0000,-75.1994,-48.9047
2061.5000,-75.0586,-48.4267
2062.0000,-74.9077,-47.9504
2062.5000,-74.7422,-47.4722
2063.0000,-74.5637,-47.0063
2063.5000,-74.3700,-46.5532
2064.0000,-74.1505,-46.0974
2064.5000,-73.9110,-45.6586
2065.0000,-73.6498,-45.2370
2065.5000,-73.3651,-44.8312
2066.0000,-73.0552,-44.4411
2066.5000,-72.7180,-44.0654
2067.0000,-72.3695,-43.7188
2067.5000,-72.0014,-43.3879
2068.0000,-71.6095,-43.0659
2068.5000,-71.2079,-42.7603
2069.0000,-70.8072,-42.4738
2069.5000,-70.3924,-42.1917
2070.0000,-69.9664,-41.9127
2070.5000,-69.5442,-41.6433
2071.0000,-69.1207,-41.3769
2071.5000,-68.6960,-41.1104
2072.0000,-68.2728,-40.8427
2072.5000,-67.8454,-40.5670
2073.0000,-67.4268,-40.2883
2073.5000,-67.0200,-40.0054
2074.0000,-66.6169,-39.7091
2074.5000,-66.2160,-39.3931
2075.0000,-65.8379,-39.0689
2075.5000,-65.4848,-38.7356
2076.0000,-65.1337,-38.3646
2076.5000,-64.8136,-37.9802
2077.0000,-64.5242,-37.5812
2077.5000,-64.2616,-37.1637
2078.0000,-64.0241,-36.7279
2078.5000,-63.8092,-36.2694
2079.0000,-63.6269,-35.8174
2079.5000,-63.4644,-35.3545
2080.0000,-63.3142,-34.8680
2080.5000,-63.1776,-34.3730
2081.0000,-63.0583,-33.8997
2081.5000,-62.9439,-33.4132
2082.0000,-62.8328,-32.9164
2082.5000,-62.7249,-32.4191
2083.0000,-62.6192,-31.9277
2083.5000,-62.5127,-31.4369
2084.0000,-62.4040,-30.9505
2084.5000,-62.2884,-30.4566
2085.0000,-62.1636,-29.9568
2085.5000,-62.0329,-29.4742
2086.0000,-61.8954,-29.0124
2086.5000,-61.7306,-28.5185
2087.0000,-61.5487,-28.0416
2087.5000,-61.3555,-27.6031
2088.0000,-61.1242,-27.1545
2088.5000,-60.8616,-26.7237
2089.0000,-60.5864,-26.3352
2089.5000,-60.2790,-25.9443
2090.0000,-59.9623,-25.5600
2090.5000,-59.6392,-25.2046
2091.0000,-59.2879,-24.8669
2091.5000,-58.8818,-24.5265
2092.0000,-58.4996,-24.2412
2092.5000,-58.0952,-23.9649
2093.0000,-57.6573,-23.6868
2093.5000,-57.2146,-23.4212
2094.0000,-56.7908,-23.1771
2094.5000,-56.3534,-22.9319
2095.0000,-55.9069,-22.6857
2095.5000,-55.4583,-22.4399
2096.0000,-55.0133,-22.1950
2096.5000,-54.5740,-21.9496
2097.0000,-54.1447,-21.7038
2097.5000,-53.7110,-21.4461
2098.0000,-53.2683,-21.1695
2098.5000,-52.8530,-20.8925
2099.0000,-52.4681,-20.6151
2099.5000,-52.0611,-20.2922
2100.0000,-51.6844,-19.9564
2100.5000,-51.3487,-19.6189
2101.0000,-51.0195,-19.2501
2101.5000,-50.7017,-18.8700
2102.0000,-50.3891,-18.4806
2102.5000,-50.1117,-18.0948
2103.0000,-49.8487,-17.6673
2103.5000,-49.6100,-17.2015
2104.0000,-49.4268,-16.7744
2104.5000,-49.2579,-16.3103
2105.0000,-49.1034,-15.8095
2105.5000,-48.9729,-15.3161
2106.0000,-48.8650,-14.8501
2106.5000,-48.7649,-14.3635
2107.0000,-48.6715,-13.8587
2107.5000,-48.5837,-13.3380
2108.0000,-48.5081,-12.8562
2108.5000,-48.4350,-12.3658
2109.0000,-48.3634,-11.8688
2109.5000,-48.2923,-11.3674
2110.0000,-48.2208,-10.8640
2110.5000,-48.1483,-10.3639
2111.0000,-48.0733,-9.8655
2111.5000,-47.9950,-9.3705
2112.0000,-47.9126,-8.8806
2112.5000,-47.8248,-8.3938
2113.0000,-47.7263,-7.8888
2113.5000,-47.6210,-7.3934
2114.0000,-47.5088,-6.9083
2114.5000,-47.3893,-6.4338
2115.0000,-47.2588,-5.9560
2115.5000,-47.1159,-5.4710
2116.0000,-46.9660,-4.9949
2116.5000,-46.8103,-4.5250
2117.0000,-46.6455,-4.0599
2117.5000,-46.4731,-3.6278
2118.0000,-46.2721,-3.1918
2118.5000,-46.0355,-2.7504
2119.0000,-45.7577,-2.3022
2119.5000,-45.4595,-1.8797
2120.0000,-45.1808,-1.5241
2120.5000,-44.8735,-1.1644
2121.0000,-44.5373,-0.8008
2121.5000,-44.1727,-0.4340
2122.0000,-43.7802,-0.0645
2122.5000,-43.3738,0.2959
2123.0000,-43.0164,0.5973
2123.5000,-42.6433,0.8989
2124.0000,-42.2554,1.2003
2124.5000,-41.8537,1.5007
2125.0000,-41.4395,1.7998
2125.5000,-41.0140,2.0968
2126.0000,-40.5785,2.3912
2126.5000,-40.1503,2.6721
2127.0000,-39.7285,2.9411
2127.5000,-39.3015,3.2061
2128.0000,-38.8705,3.4667
2128.5000,-38.4368,3.7224
2129.0000,-38.0015,3.9727
2129.5000,-37.5658,4.2171
2130.0000,-37.1310,4.4551
2130.5000,-36.6809,4.6954
2131.0000,-36.2102,4.9401
2131.5000,-35.7448,5.1756
2132.0000,-35.2857,5.4014
2132.5000,-34.8344,5.6172
2133.0000,-34.3918,5.8225
2133.5000,-33.9592,6.0172
2134.0000,-33.5373,6.2009
2134.5000,-33.0203,6.4173
2135.0000,-32.5223,6.6161
2135.5000,-32.0446,6.7971
2136.0000,-31.5874,6.9607
2136.5000,-31.1504,7.1075
2137.0000,-30.7166,7.2433
2137.5000,-30.2002,7.3911
2138.0000,-29.7090,7.5174
2138.5000,-29.2360,7.6266
2139.0000,-28.7719,7.7241
2139.5000,-28.2778,7.8205
2140.0000,-27.7720,7.9125
2140.5000,-27.2785,7.9968
2141.0000,-26.8009,8.0737
2141.5000,-26.2942,8.1510
2142.0000,-25.7807,8.2254
2142.5000,-25.2967,8.2925
2143.0000,-24.8250,8.3557
2143.5000,-24.3036,8.4240
2144.0000,-23.8192,8.4872
2144.5000,-23.3374,8.5512
2145.0000,-22.8386,8.6201
2145.5000,-22.3558,8.6904
2146.0000,-21.8692,8.7650
2146.5000,-21.3731,8.8443
2147.0000,-20.8875,8.9232
2147.5000,-20.3973,9.0025
2148.0000,-19.8873,9.0823
2148.5000,-19.3973,9.1546
2149.0000,-18.8981,9.2217
2149.5000,-18.4016,9.2804
2150.0000,-17.9051,9.3392
