distance_m,x_m,y_m
0.0000,0.0000,0.1188
0.5000,0.4926,0.2029
1.0000,0.9852,0.2876
1.5000,1.4779,0.3731
2.0000,1.9707,0.4594
2.5000,2.4623,0.5463
3.0000,2.9543,0.6342
3.5000,3.4467,0.7231
4.0000,3.9392,0.8128
4.5000,4.4305,0.9031
5.0000,4.9220,0.9944
5.5000,5.4137,1.0864
6.0000,5.9055,1.1792
6.5000,6.3968,1.2727
7.0000,6.8879,1.3667
7.5000,7.3788,1.4614
8.0000,7.8698,1.5567
8.5000,8.3611,1.6526
9.0000,8.8519,1.7490
9.5000,9.3421,1.8457
10.0000,9.8323,1.9431
10.5000,10.3236,2.0411
11.0000,10.8139,2.1396
11.5000,11.3033,2.2384
12.0000,11.7929,2.3381
12.5000,12.2834,2.4386
13.0000,12.7730,2.5399
13.5000,13.2618,2.6421
14.0000,13.7501,2.7454
14.5000,14.2381,2.8500
15.0000,14.7264,2.9564
15.5000,15.2154,3.0649
16.0000,15.7017,3.1748
16.5000,16.1872,3.2866
17.0000,16.6742,3.4011
17.5000,17.1628,3.5182
18.0000,17.6477,3.6366
18.5000,18.1316,3.7570
19.0000,18.6167,3.8798
19.5000,19.1030,4.0050
20.0000,19.5868,4.1316
20.5000,20.0698,4.2598
21.0000,20.5529,4.3898
21.5000,21.0359,4.5215
22.0000,21.5189,4.6547
22.5000,22.0014,4.7894
23.0000,22.4828,4.9251
23.5000,22.9626,5.0617
24.0000,23.4444,5.2000
24.5000,23.9266,5.3396
25.0000,24.4064,5.4797
25.5000,24.8838,5.6200
26.0000,25.3642,5.7622
26.5000,25.8452,5.9056
27.0000,26.3236,6.0492
27.5000,26.7995,6.1931
28.0000,27.2770,6.3385
28.5000,27.7541,6.4848
29.0000,28.2313,6.6313
29.5000,28.7107,6.7774
30.0000,29.1850,6.9197
30.5000,29.6622,7.0600
31.0000,30.1444,7.1982
31.5000,30.6314,7.3339
32.0000,31.1115,7.4636
32.5000,31.5944,7.5898
33.0000,32.0805,7.7127
33.5000,32.5687,7.8319
34.0000,33.0585,7.9473
34.5000,33.5483,8.0587
35.0000,34.0366,8.1659
35.5000,34.5221,8.2687
36.0000,35.0201,8.3704
36.5000,35.5163,8.4680
37.0000,36.0052,8.5607
37.5000,36.4857,8.6484
38.0000,36.9927,8.7374
38.5000,37.4907,8.8211
39.0000,37.9762,8.8991
39.5000,38.4646,8.9738
40.0000,38.9691,9.0468
40.5000,39.4610,9.1134
41.0000,39.9450,9.1743
41.5000,40.4473,9.2320
42.0000,40.9472,9.2837
42.5000,41.4368,9.3296
43.0000,41.9663,9.3752
43.5000,42.4618,9.4147
44.0000,42.9453,9.4510
44.5000,43.4616,9.4878
45.0000,43.9316,9.5199
45.5000,44.4359,9.5535
46.0000,44.9181,9.5851
46.5000,45.4064,9.6163
47.0000,45.9028,9.6467
47.5000,46.3816,9.6744
48.0000,46.9209,9.7036
48.5000,47.3844,9.7268
49.0000,47.8813,9.7496
49.5000,48.4127,9.7717
50.0000,48.9078,9.7899
50.5000,49.4039,9.8054
51.0000,49.9085,9.8182
51.5000,50.4156,9.8284
52.0000,50.8898,9.8363
52.5000,51.3811,9.8434
53.0000,51.8917,9.8500
53.5000,52.4187,9.8565
54.0000,52.8901,9.8622
54.5000,53.3773,9.8682
55.0000,53.8802,9.8745
55.5000,54.3981,9.8812
56.0000,54.9147,9.8883
56.5000,55.3981,9.8952
57.0000,55.8910,9.9025
57.5000,56.3926,9.9103
58.0000,56.9019,9.9186
58.5000,57.4175,9.9273
59.0000,57.9152,9.9360
59.5000,58.4127,9.9450
60.0000,58.9129,9.9544
60.5000,59.4149,9.9641
61.0000,59.9176,9.9741
61.5000,60.4209,9.9844
62.0000,60.9271,9.9951
62.5000,61.4312,10.0060
63.0000,61.9325,10.0172
63.5000,62.4303,10.0286
64.0000,62.9239,10.0402
64.5000,63.4259,10.0523
65.0000,63.9351,10.0650
65.5000,64.4387,10.0780
66.0000,64.9365,10.0912
66.5000,65.4288,10.1048
67.0000,65.9190,10.1189
67.5000,66.4223,10.1339
68.0000,66.9220,10.1496
68.5000,67.4198,10.1660
69.0000,67.9175,10.1833
69.5000,68.4167,10.2015
70.0000,68.9070,10.2201
70.5000,69.4010,10.2396
71.0000,69.8993,10.2599
71.5000,70.4027,10.2809
72.0000,70.9113,10.3027
72.5000,71.4066,10.3242
73.0000,71.8997,10.3459
73.5000,72.3972,10.3681
74.0000,72.8991,10.3907
74.5000,73.4047,10.4136
75.0000,73.9111,10.4365
75.5000,74.4082,10.4591
76.0000,74.9073,10.4817
76.5000,75.4076,10.5043
77.0000,75.9084,10.5267
77.5000,76.4090,10.5490
78.0000,76.9124,10.5712
78.5000,77.4185,10.5932
79.0000,77.9219,10.6147
79.5000,78.4219,10.6356
80.0000,78.9176,10.6560
80.5000,79.4083,10.6756
81.0000,79.9213,10.6955
81.5000,80.4319,10.7145
82.0000,80.9345,10.7325
82.5000,81.4285,10.7493
83.0000,81.9135,10.7648
83.5000,82.4190,10.7799
84.0000,82.9334,10.7939
84.5000,83.4362,10.8060
85.0000,83.9275,10.8164
85.5000,84.4081,10.8248
86.0000,84.9160,10.8317
86.5000,85.4207,10.8363
87.0000,85.9176,10.8386
87.5000,86.4096,10.8386
88.0000,86.9167,10.8363
88.5000,87.4333,10.8312
89.0000,87.9353,10.8236
89.5000,88.4196,10.8134
90.0000,88.9243,10.7993
90.5000,89.4444,10.7805
91.0000,89.9351,10.7580
91.5000,90.4059,10.7312
92.0000,90.9268,10.6944
92.5000,91.4183,10.6518
93.0000,91.8980,10.6020
93.5000,92.3934,10.5421
94.0000,92.8870,10.4745
94.5000,93.3676,10.4027
95.0000,93.8530,10.3256
95.5000,94.3636,10.2414
96.0000,94.8382,10.1613
96.5000,95.3226,10.0783
97.0000,95.8316,9.9899
97.5000,96.3315,9.9020
98.0000,96.8159,9.8153
98.5000,97.3118,9.7246
99.0000,97.8135,9.6300
99.5000,98.2979,9.5349
100.0000,98.7795,9.4358
100.5000,99.2689,9.3301
101.0000,99.7691,9.2168
101.5000,100.2413,9.1051
102.0000,100.7155,8.9888
102.5000,101.2018,8.8658
103.0000,101.7002,8.7363
103.5000,102.1895,8.6063
104.0000,102.6613,8.4788
104.5000,103.1410,8.3473
105.0000,103.6277,8.2126
105.5000,104.1201,8.0754
106.0000,104.6057,7.9395
106.5000,105.0871,7.8045
107.0000,105.5700,7.6693
107.5000,106.0528,7.5346
108.0000,106.5343,7.4012
108.5000,107.0239,7.2667
109.0000,107.5161,7.1332
109.5000,108.0025,7.0033
110.0000,108.4818,6.8777
110.5000,108.9530,6.7570
111.0000,109.4533,6.6323
111.5000,109.9515,6.5121
112.0000,110.4372,6.3995
112.5000,110.9102,6.2945
113.0000,111.3945,6.1923
113.5000,111.8965,6.0924
114.0000,112.3862,6.0009
114.5000,112.8668,5.9165
115.0000,113.3566,5.8352
115.5000,113.8561,5.7561
116.0000,114.3505,5.6809
116.5000,114.8372,5.6095
117.0000,115.3447,5.5380
117.5000,115.8452,5.4702
118.0000,116.3327,5.4072
118.5000,116.8260,5.3470
119.0000,117.3310,5.2898
119.5000,117.8230,5.2392
120.0000,118.3129,5.1949
120.5000,118.8149,5.1569
121.0000,119.3113,5.1277
121.5000,119.8058,5.1079
122.0000,120.3020,5.0977
122.5000,120.8032,5.0974
123.0000,121.3022,5.1071
123.5000,121.7945,5.1258
124.0000,122.2971,5.1536
124.5000,122.8020,5.1899
125.0000,123.2940,5.2324
125.5000,123.7934,5.2822
126.0000,124.2977,5.3388
126.5000,124.7903,5.3998
127.0000,125.2828,5.4656
127.5000,125.7808,5.5354
128.0000,126.2694,5.6055
128.5000,126.7548,5.6755
129.0000,127.2527,5.7468
129.5000,127.7633,5.8189
130.0000,128.2486,5.8861
130.5000,128.7407,5.9527
131.0000,129.2408,6.0188
131.5000,129.7471,6.0840
132.0000,130.2432,6.1462
132.5000,130.7410,6.2071
133.0000,131.2384,6.2664
133.5000,131.7331,6.3240
134.0000,132.2427,6.3820
134.5000,132.7458,6.4380
135.0000,133.2388,6.4917
135.5000,133.7224,6.5433
136.0000,134.2428,6.5977
136.5000,134.7442,6.6491
137.0000,135.2258,6.6975
137.5000,135.7258,6.7466
138.0000,136.2313,6.7950
138.5000,136.7168,6.8398
139.0000,137.2085,6.8832
139.5000,137.7120,6.9249
140.0000,138.2061,6.9632
140.5000,138.7321,7.0017
141.0000,139.2305,7.0365
141.5000,139.7188,7.0695
142.0000,140.2200,7.1030
142.5000,140.7009,7.1362
143.0000,141.1880,7.1729
143.5000,141.6632,7.2114
144.0000,142.1579,7.2522
144.5000,142.6350,7.2910
145.0000,143.1824,7.3342
145.5000,143.6366,7.3687
146.0000,144.1338,7.4048
146.5000,144.6701,7.4419
147.0000,145.1665,7.4742
147.5000,145.6594,7.5040
148.0000,146.1622,7.5320
148.5000,146.6766,7.5584
149.0000,147.1546,7.5814
149.5000,147.6392,7.6037
150.0000,148.1404,7.6258
150.5000,148.6592,7.6480
151.0000,149.1628,7.6688
151.5000,149.6401,7.6880
152.0000,150.1315,7.7072
152.5000,150.6368,7.7263
153.0000,151.1557,7.7452
153.5000,151.6677,7.7630
154.0000,152.1501,7.7791
154.5000,152.6417,7.7947
155.0000,153.1419,7.8096
155.5000,153.6501,7.8237
156.0000,154.1656,7.8369
156.5000,154.6681,7.8486
157.0000,155.1608,7.8589
157.5000,155.6579,7.8680
158.0000,156.1588,7.8758
158.5000,156.6628,7.8821
159.0000,157.1692,7.8870
159.5000,157.6737,7.8902
160.0000,158.1736,7.8917
160.5000,158.6742,7.8916
161.0000,159.1749,7.8896
161.5000,159.6754,7.8859
162.0000,160.1751,7.8803
162.5000,160.6746,7.8728
163.0000,161.1787,7.8634
163.5000,161.6812,7.8520
164.0000,162.1820,7.8388
164.5000,162.6809,7.8238
165.0000,163.1780,7.8071
165.5000,163.6734,7.7887
166.0000,164.1726,7.7688
166.5000,164.6712,7.7475
167.0000,165.1691,7.7251
167.5000,165.6671,7.7019
168.0000,166.1660,7.6779
168.5000,166.6683,7.6525
169.0000,167.1511,7.6266
169.5000,167.6327,7.5988
170.0000,168.1218,7.5686
170.5000,168.6194,7.5354
171.0000,169.1261,7.4990
171.5000,169.6425,7.4594
172.0000,170.1561,7.4173
172.5000,170.6325,7.3759
173.0000,171.1166,7.3317
173.5000,171.6081,7.2846
174.0000,172.1068,7.2346
174.5000,172.6122,7.1818
175.0000,173.1237,7.1262
175.5000,173.6409,7.0680
176.0000,174.1335,7.0107
176.5000,174.6248,6.9518
177.0000,175.1191,6.8909
177.5000,175.6159,6.8280
178.0000,176.1142,6.7635
178.5000,176.6136,6.6973
179.0000,177.1131,6.6296
179.5000,177.6120,6.5606
180.0000,178.1192,6.4891
180.5000,178.6244,6.4165
181.0000,179.1265,6.3431
181.5000,179.6247,6.2690
182.0000,180.1182,6.1944
182.5000,180.6061,6.1196
183.0000,181.0879,6.0446
183.5000,181.5772,5.9673
184.0000,182.1020,5.8833
184.5000,182.6161,5.7997
185.0000,183.1188,5.7169
185.5000,183.6094,5.6350
186.0000,184.0872,5.5542
186.5000,184.5519,5.4747
187.0000,185.0402,5.3901
187.5000,185.5707,5.2969
188.0000,186.0807,5.2062
188.5000,186.5706,5.1180
189.0000,187.0411,5.0323
189.5000,187.4934,4.9489
190.0000,187.9942,4.8557
190.5000,188.4971,4.7611
191.0000,188.9847,4.6686
191.5000,189.4633,4.5774
192.0000,189.9413,4.4858
192.5000,190.4743,4.3833
193.0000,190.9822,4.2849
193.5000,191.4583,4.1921
194.0000,191.9052,4.1042
194.5000,192.4645,3.9933
195.0000,192.9433,3.8974
195.5000,193.3946,3.8064
196.0000,193.8999,3.7054
196.5000,194.3521,3.6206
197.0000,194.8420,3.5418
197.5000,195.2896,3.4794
198.0000,195.8226,3.4100
198.5000,196.2662,3.3539
199.0000,196.7769,3.2901
199.5000,197.3162,3.2232
200.0000,197.7902,3.1648
200.5000,198.2893,3.1038
201.0000,198.8033,3.0417
201.5000,199.2953,2.9837
202.0000,199.7614,2.9334
202.5000,200.2478,2.8888
203.0000,200.7624,2.8518
203.5000,201.3009,2.8240
204.0000,201.7485,2.8085
204.5000,202.2194,2.7990
205.0000,202.7140,2.7953
205.5000,203.2321,2.7973
206.0000,203.7730,2.8050
206.5000,204.2902,2.8167
207.0000,204.7634,2.8305
207.5000,205.2490,2.8473
208.0000,205.7459,2.8668
208.5000,206.2528,2.8886
209.0000,206.7681,2.9123
209.5000,207.2904,2.9377
210.0000,207.8023,2.9633
210.5000,208.3031,2.9889
211.0000,208.8058,3.0148
211.5000,209.3089,3.0407
212.0000,209.8110,3.0661
212.5000,210.3105,3.0906
213.0000,210.8061,3.1140
213.5000,211.3059,3.1362
214.0000,211.8386,3.1580
214.5000,212.3612,3.1769
215.0000,212.8720,3.1926
215.5000,213.3694,3.2047
216.0000,213.8519,3.2127
216.5000,214.3182,3.2164
217.0000,214.8371,3.2147
217.5000,215.3853,3.2050
218.0000,215.9019,3.1866
218.5000,216.3863,3.1594
219.0000,216.8386,3.1232
219.5000,217.3213,3.0706
220.0000,217.8511,2.9928
220.5000,218.3347,2.9009
221.0000,218.7851,2.7975
221.5000,219.2583,2.6759
222.0000,219.7424,2.5422
222.5000,220.2193,2.4022
223.0000,220.6954,2.2551
223.5000,221.1742,2.1008
224.0000,221.6475,1.9436
224.5000,222.1188,1.7841
225.0000,222.5965,1.6214
225.5000,223.0694,1.4615
226.0000,223.5402,1.3055
226.5000,224.0233,1.1514
227.0000,224.5011,1.0074
227.5000,224.9780,0.8746
228.0000,225.4711,0.7516
228.5000,225.9573,0.6471
229.0000,226.4476,0.5615
229.5000,226.9491,0.4970
230.0000,227.4411,0.4588
230.5000,227.9447,0.4473
231.0000,228.4444,0.4649
231.5000,228.9358,0.5104
232.0000,229.4262,0.5837
232.5000,229.9182,0.6892
233.0000,230.3822,0.8188
233.5000,230.8563,0.9777
234.0000,231.3380,1.1613
234.5000,231.7854,1.3468
235.0000,232.2473,1.5490
235.5000,232.7170,1.7616
236.0000,233.1665,1.9685
236.5000,233.6222,2.1785
237.0000,234.0811,2.3876
237.5000,234.5463,2.5943
238.0000,235.0097,2.7921
238.5000,235.4677,2.9767
239.0000,235.9450,3.1543
239.5000,236.4274,3.3146
240.0000,236.8955,3.4476
240.5000,237.3888,3.5595
241.0000,237.8842,3.6387
241.5000,238.3670,3.6820
242.0000,238.8641,3.6940
242.5000,239.3640,3.6747
243.0000,239.8518,3.6223
243.5000,240.3393,3.5376
244.0000,240.8432,3.4198
244.5000,241.3104,3.2873
245.0000,241.7863,3.1339
245.5000,242.2724,2.9622
246.0000,242.7363,2.7878
246.5000,243.2029,2.6057
247.0000,243.6710,2.4194
247.5000,244.1426,2.2313
248.0000,244.6117,2.0472
248.5000,245.0743,1.8719
249.0000,245.5527,1.7009
249.5000,246.0349,1.5436
250.0000,246.5035,1.4097
250.5000,246.9963,1.2942
251.0000,247.4894,1.2092
251.5000,247.9737,1.1586
252.0000,248.4694,1.1394
252.5000,248.9711,1.1502
253.0000,249.4627,1.1929
253.5000,249.9537,1.2687
254.0000,250.4559,1.3793
254.5000,250.9247,1.5105
255.0000,251.4003,1.6681
255.5000,251.8799,1.8488
256.0000,252.3356,2.0375
256.5000,252.7937,2.2409
257.0000,253.2525,2.4554
257.5000,253.7041,2.6738
258.0000,254.1535,2.8954
258.5000,254.6001,3.1166
259.0000,255.0543,3.3394
259.5000,255.5071,3.5560
260.0000,255.9561,3.7622
260.5000,256.4169,3.9616
261.0000,256.8812,4.1476
261.5000,257.3475,4.3173
262.0000,257.8130,4.4693
262.5000,258.2884,4.6077
263.0000,258.7839,4.7333
263.5000,259.2434,4.8268
264.0000,259.7233,4.8995
264.5000,260.2396,4.9515
265.0000,260.7563,4.9800
265.5000,261.2259,4.9886
266.0000,261.7190,4.9827
266.5000,262.2340,4.9629
267.0000,262.7686,4.9298
267.5000,263.2519,4.8907
268.0000,263.7420,4.8434
268.5000,264.2408,4.7887
269.0000,264.7460,4.7275
269.5000,265.2552,4.6609
270.0000,265.7577,4.5912
270.5000,266.2584,4.5188
271.0000,266.7561,4.4445
271.5000,267.2485,4.3696
272.0000,267.7336,4.2951
272.5000,268.2473,4.2165
273.0000,268.7601,4.1392
273.5000,269.2574,4.0667
274.0000,269.7376,4.0000
274.5000,270.2099,3.9390
275.0000,270.7406,3.8779
275.5000,271.2452,3.8292
276.0000,271.7257,3.7937
276.5000,272.2000,3.7708
277.0000,272.7009,3.7611
277.5000,273.1945,3.7654
278.0000,273.6952,3.7820
278.5000,274.1566,3.8121
279.0000,274.6294,3.8612
279.5000,275.1324,3.9339
280.0000,275.6698,4.0330
280.5000,276.1241,4.1317
281.0000,276.5779,4.2419
281.5000,277.0540,4.3681
282.0000,277.5524,4.5098
282.5000,278.0726,4.6664
283.0000,278.5538,4.8176
283.5000,279.0022,4.9629
284.0000,279.4630,5.1159
284.5000,279.9357,5.2757
285.0000,280.4193,5.4417
285.5000,280.9131,5.6129
286.0000,281.4161,5.7885
286.5000,281.8742,5.9489
287.0000,282.3382,6.1113
287.5000,282.8073,6.2752
288.0000,283.2810,6.4397
288.5000,283.7583,6.6044
289.0000,284.2386,6.7684
289.5000,284.7211,6.9312
290.0000,285.2017,7.0909
290.5000,285.6817,7.2477
291.0000,286.1617,7.4016
291.5000,286.6412,7.5519
292.0000,287.1197,7.6983
292.5000,287.5964,7.8403
293.0000,288.0711,7.9776
293.5000,288.5514,8.1120
294.0000,289.0480,8.2461
294.5000,289.5409,8.3741
295.0000,290.0299,8.4959
295.5000,290.5148,8.6114
296.0000,290.9955,8.7208
296.5000,291.4721,8.8244
297.0000,291.9538,8.9242
297.5000,292.4510,9.0225
298.0000,292.9447,9.1159
298.5000,293.4357,9.2053
299.0000,293.9249,9.2919
299.5000,294.4134,9.3770
300.0000,294.9026,9.4620
300.5000,295.3895,9.5459
301.0000,295.8772,9.6280
301.5000,296.3676,9.7077
302.0000,296.8610,9.7841
302.5000,297.3579,9.8567
303.0000,297.8586,9.9247
303.5000,298.3613,9.9877
304.0000,298.8490,10.0435
304.5000,299.3404,10.0944
305.0000,299.8356,10.1402
305.5000,300.3345,10.1811
306.0000,300.8370,10.2170
306.5000,301.3429,10.2482
307.0000,301.8492,10.2747
307.5000,302.3426,10.2963
308.0000,302.8386,10.3142
308.5000,303.3370,10.3287
309.0000,303.8376,10.3403
309.5000,304.3400,10.3493
310.0000,304.8439,10.3561
310.5000,305.3491,10.3613
311.0000,305.8493,10.3652
311.5000,306.3498,10.3685
312.0000,306.8506,10.3715
312.5000,307.3513,10.3748
313.0000,307.8517,10.3789
313.5000,308.3513,10.3842
314.0000,308.8500,10.3913
314.5000,309.3537,10.4007
315.0000,309.8591,10.4129
315.5000,310.3624,10.4284
316.0000,310.8635,10.4475
316.5000,311.3620,10.4707
317.0000,311.8578,10.4983
317.5000,312.3505,10.5307
318.0000,312.8503,10.5689
318.5000,313.3561,10.6135
319.0000,313.8582,10.6640
319.5000,314.3564,10.7205
320.0000,314.8506,10.7830
320.5000,315.3410,10.8516
321.0000,315.8275,10.9260
321.5000,316.3218,11.0081
322.0000,316.8186,11.0969
322.5000,317.3118,11.1909
323.0000,317.8018,11.2896
323.5000,318.2890,11.3922
324.0000,318.7739,11.4978
324.5000,319.2573,11.6054
325.0000,319.7449,11.7157
325.5000,320.2314,11.8290
326.0000,320.7168,11.9466
326.5000,321.2009,12.0701
327.0000,321.6839,12.2004
327.5000,322.1655,12.3386
328.0000,322.6424,12.4843
328.5000,323.1139,12.6377
329.0000,323.5841,12.8004
329.5000,324.0527,12.9726
330.0000,324.5199,13.1546
330.5000,324.9855,13.3463
331.0000,325.4495,13.5476
331.5000,325.9016,13.7535
332.0000,326.3499,13.9670
332.5000,326.7963,14.1888
333.0000,327.2410,14.4183
333.5000,327.6837,14.6551
334.0000,328.1245,14.8985
334.5000,328.5633,15.1480
335.0000,328.9957,15.4003
335.5000,329.4259,15.6570
336.0000,329.8539,15.9176
336.5000,330.2797,16.1814
337.0000,330.7032,16.4474
337.5000,331.1244,16.7151
338.0000,331.5441,16.9841
338.5000,331.9719,17.2601
339.0000,332.3972,17.5353
339.5000,332.8198,17.8090
340.0000,333.2397,18.0804
340.5000,333.6569,18.3488
341.0000,334.0713,18.6136
341.5000,334.4926,18.8803
342.0000,334.9286,19.1528
342.5000,335.3614,19.4194
343.0000,335.7909,19.6794
343.5000,336.2172,19.9326
344.0000,336.6402,20.1787
344.5000,337.0619,20.4188
345.0000,337.5122,20.6693
345.5000,337.9589,20.9119
346.0000,338.4020,21.1470
346.5000,338.8415,21.3756
347.0000,339.2775,21.5987
347.5000,339.7145,21.8198
348.0000,340.1623,22.0456
348.5000,340.6077,22.2705
349.0000,341.0517,22.4961
349.5000,341.4958,22.7235
350.0000,341.9406,22.9534
350.5000,342.3799,23.1826
351.0000,342.8174,23.4127
351.5000,343.2572,23.6458
352.0000,343.6995,23.8814
352.5000,344.1444,24.1191
353.0000,344.5917,24.3582
353.5000,345.0332,24.5934
354.0000,345.4759,24.8277
354.5000,345.9200,25.0605
355.0000,346.3652,25.2905
355.5000,346.8108,25.5165
356.0000,347.2580,25.7379
356.5000,347.7224,25.9611
357.0000,348.1851,26.1754
357.5000,348.6454,26.3792
358.0000,349.1023,26.5708
358.5000,349.5549,26.7487
359.0000,350.0313,26.9214
359.5000,350.5296,27.0841
360.0000,351.0190,27.2235
360.5000,351.4985,27.3380
361.0000,351.9671,27.4262
361.5000,352.4677,27.4913
362.0000,352.9875,27.5232
362.5000,353.4888,27.5152
363.0000,353.9709,27.4675
363.5000,354.4506,27.3772
364.0000,354.9401,27.2377
364.5000,355.4073,27.0580
365.0000,355.8541,26.8443
365.5000,356.2920,26.5999
366.0000,356.7223,26.3350
366.5000,357.1387,26.0589
367.0000,357.5392,25.7721
367.5000,357.9430,25.4589
368.0000,358.3283,25.1339
368.5000,358.6917,24.8001
369.0000,359.0451,24.4459
369.5000,359.3880,24.0694
370.0000,359.7042,23.6879
370.5000,360.0016,23.2934
371.0000,360.2901,22.8706
371.5000,360.5493,22.4491
372.0000,360.7898,22.0145
372.5000,361.0154,21.5586
373.0000,361.2125,21.1112
373.5000,361.3963,20.6391
374.0000,361.5568,20.1677
374.5000,361.6959,19.6940
375.0000,361.8159,19.2082
375.5000,361.9127,18.7223
376.0000,361.9869,18.2283
376.5000,362.0409,17.7289
377.0000,362.0837,17.2027
377.5000,362.1138,16.7291
378.0000,362.1384,16.2060
378.5000,362.1481,15.7236
379.0000,362.1330,15.2436
379.5000,362.0865,14.7370
380.0000,362.0292,14.2801
380.5000,361.9562,13.7557
381.0000,361.8890,13.2918
381.5000,361.8125,12.7722
382.0000,361.7387,12.2736
382.5000,361.6658,11.7819
383.0000,361.5909,11.2770
383.5000,361.5187,10.7939
384.0000,361.4459,10.3103
384.5000,361.3698,9.8061
385.0000,361.2939,9.3021
385.5000,361.2227,8.8259
386.0000,361.1500,8.3326
386.5000,361.0766,7.8229
387.0000,361.0064,7.3222
387.5000,360.9407,6.8377
388.0000,360.8763,6.3427
388.5000,360.8137,5.8383
389.0000,360.7541,5.3307
389.5000,360.7000,4.8391
390.0000,360.6492,4.3428
390.5000,360.6021,3.8428
391.0000,360.5591,3.3404
391.5000,360.5208,2.8389
392.0000,360.4871,2.3383
392.5000,360.4583,1.8384
393.0000,360.4342,1.3398
393.5000,360.4149,0.8423
394.0000,360.3998,0.3378
394.5000,360.3891,-0.1639
395.0000,360.3822,-0.6626
395.5000,360.3783,-1.1587
396.0000,360.3765,-1.6565
396.5000,360.3757,-2.1551
397.0000,360.3744,-2.6538
397.5000,360.3710,-3.1543
398.0000,360.3635,-3.6543
398.5000,360.3503,-4.1462
399.0000,360.3299,-4.6427
399.5000,360.3011,-5.1441
400.0000,360.2628,-5.6506
400.5000,360.2160,-6.1447
401.0000,360.1602,-6.6353
401.5000,360.0944,-7.1301
402.0000,360.0183,-7.6288
402.5000,359.9320,-8.1310
403.0000,359.8392,-8.6174
403.5000,359.7376,-9.1039
404.0000,359.6271,-9.5919
404.5000,359.5080,-10.0808
405.0000,359.3807,-10.5701
405.5000,359.2476,-11.0521
406.0000,359.1077,-11.5325
406.5000,358.9612,-12.0113
407.0000,358.8087,-12.4880
407.5000,358.6508,-12.9621
408.0000,358.4859,-13.4387
408.5000,358.3162,-13.9128
409.0000,358.1425,-14.3827
409.5000,357.9654,-14.8480
410.0000,357.7854,-15.3086
410.5000,357.5975,-15.7779
411.0000,357.4063,-16.2446
411.5000,357.2133,-16.7061
412.0000,357.0189,-17.1626
412.5000,356.8231,-17.6147
413.0000,356.6207,-18.0749
413.5000,356.4171,-18.5318
414.0000,356.2120,-18.9864
414.5000,356.0051,-19.4402
415.0000,355.7954,-19.8939
415.5000,355.5812,-20.3465
416.0000,355.3615,-20.7963
416.5000,355.1355,-21.2423
417.0000,354.9025,-21.6839
417.5000,354.6612,-22.1226
418.0000,354.4119,-22.5574
418.5000,354.1557,-22.9871
419.0000,353.8930,-23.4118
419.5000,353.6245,-23.8319
420.0000,353.3493,-24.2510
420.5000,353.0701,-24.6666
421.0000,352.7882,-25.0794
421.5000,352.5050,-25.4904
422.0000,352.2210,-25.9014
422.5000,351.9370,-26.3144
423.0000,351.6559,-26.7282
423.5000,351.3790,-27.1440
424.0000,351.1077,-27.5627
424.5000,350.8427,-27.9863
425.0000,350.5856,-28.4148
425.5000,350.3376,-28.8489
426.0000,350.0997,-29.2891
426.5000,349.8731,-29.7349
427.0000,349.6595,-30.1836
427.5000,349.4570,-30.6394
428.0000,349.2655,-31.1022
428.5000,349.0846,-31.5720
429.0000,348.9156,-32.0423
429.5000,348.7565,-32.5141
430.0000,348.6044,-32.9905
430.5000,348.4575,-33.4702
431.0000,348.3137,-33.9518
431.5000,348.1741,-34.4280
432.0000,348.0398,-34.9061
432.5000,347.9135,-35.3891
433.0000,347.7976,-35.8783
433.5000,347.6942,-36.3732
434.0000,347.6075,-36.8550
434.5000,347.5339,-37.3443
435.0000,347.4736,-37.8411
435.5000,347.4268,-38.3454
436.0000,347.3932,-38.8554
436.5000,347.3729,-39.3460
437.0000,347.3633,-39.8420
437.5000,347.3635,-40.3425
438.0000,347.3726,-40.8468
438.5000,347.3895,-41.3539
439.0000,347.4124,-41.8557
439.5000,347.4403,-42.3561
440.0000,347.4720,-42.8566
440.5000,347.5061,-43.3560
441.0000,347.5413,-43.8536
441.5000,347.5767,-44.3551
442.0000,347.6112,-44.8644
442.5000,347.6427,-45.3688
443.0000,347.6697,-45.8673
443.5000,347.6911,-46.3593
444.0000,347.7060,-46.8504
444.5000,347.7131,-47.3672
445.0000,347.7102,-47.8744
445.5000,347.6967,-48.3717
446.0000,347.6722,-48.8593
446.5000,347.6356,-49.3510
447.0000,347.5851,-49.8573
447.5000,347.5234,-50.3545
448.0000,347.4522,-50.8445
448.5000,347.3741,-51.3295
449.0000,347.2910,-51.8182
449.5000,347.2030,-52.3073
450.0000,347.1071,-52.7977
450.5000,347.0004,-53.2900
451.0000,346.8838,-53.7725
451.5000,346.7562,-54.2469
452.0000,346.6139,-54.7241
452.5000,346.4560,-55.2041
453.0000,346.2819,-55.6867
453.5000,346.1037,-56.1417
454.0000,345.9118,-56.5964
454.5000,345.7057,-57.0524
455.0000,345.4858,-57.5092
455.5000,345.2528,-57.9660
456.0000,345.0198,-58.3994
456.5000,344.7760,-58.8321
457.0000,344.5222,-59.2636
457.5000,344.2591,-59.6934
458.0000,343.9875,-60.1209
458.5000,343.7124,-60.5399
459.0000,343.4317,-60.9546
459.5000,343.1455,-61.3658
460.0000,342.8547,-61.7732
460.5000,342.5603,-62.1763
461.0000,342.2595,-62.5799
461.5000,341.9536,-62.9828
462.0000,341.6466,-63.3806
462.5000,341.3393,-63.7734
463.0000,341.0325,-64.1611
463.5000,340.7214,-64.5506
464.0000,340.4033,-64.9461
464.5000,340.0876,-65.3370
465.0000,339.7745,-65.7239
465.5000,339.4643,-66.1076
466.0000,339.1539,-66.4928
466.5000,338.8425,-66.8817
467.0000,338.5334,-67.2715
467.5000,338.2262,-67.6651
468.0000,337.9209,-68.0646
468.5000,337.6256,-68.4608
469.0000,337.3373,-68.8585
469.5000,337.0512,-69.2653
470.0000,336.7679,-69.6818
470.5000,336.4878,-70.1083
471.0000,336.2201,-70.5313
471.5000,335.9631,-70.9530
472.0000,335.7110,-71.3832
472.5000,335.4646,-71.8211
473.0000,335.2246,-72.2663
473.5000,334.9927,-72.7163
474.0000,334.7714,-73.1666
474.5000,334.5586,-73.6214
475.0000,334.3552,-74.0797
475.5000,334.1619,-74.5406
476.0000,333.9795,-75.0028
476.5000,333.8027,-75.4818
477.0000,333.6378,-75.9637
477.5000,333.4868,-76.4436
478.0000,333.3502,-76.9206
478.5000,333.2284,-77.3934
479.0000,333.1160,-77.8889
479.5000,333.0181,-78.3939
480.0000,332.9388,-78.8909
480.5000,332.8779,-79.3792
481.0000,332.8352,-79.8583
481.5000,332.8085,-80.3710
482.0000,332.8015,-80.8781
482.5000,332.8131,-81.3749
483.0000,332.8410,-81.8624
483.5000,332.8838,-82.3539
484.0000,332.9385,-82.8482
484.5000,333.0028,-83.3413
485.0000,333.0806,-83.8371
485.5000,333.1720,-84.3224
486.0000,333.2770,-84.7955
486.5000,333.4000,-85.2763
487.0000,333.5420,-85.7653
487.5000,333.7026,-86.2616
488.0000,333.8630,-86.7154
488.5000,334.0379,-87.1751
489.0000,334.2264,-87.6401
489.5000,334.4272,-88.1093
490.0000,334.6383,-88.5798
490.5000,334.8480,-89.0296
491.0000,335.0650,-89.4800
491.5000,335.2877,-89.9299
492.0000,335.5145,-90.3779
492.5000,335.7438,-90.8229
493.0000,335.9820,-91.2787
493.5000,336.2205,-91.7307
494.0000,336.4564,-92.1751
494.5000,336.6878,-92.6108
495.0000,336.9133,-93.0364
495.5000,337.1589,-93.5039
496.0000,337.3973,-93.9643
496.5000,337.6219,-94.4076
497.0000,337.8316,-94.8330
497.5000,338.0478,-95.2885
498.0000,338.2631,-95.7660
498.5000,338.4541,-96.2177
499.0000,338.6232,-96.6466
499.5000,338.8006,-97.1312
500.0000,338.9626,-97.6011
500.5000,339.1137,-98.0642
501.0000,339.2602,-98.5493
501.5000,339.3910,-99.0306
502.0000,339.5057,-99.5134
502.5000,339.6045,-100.0070
503.0000,339.6833,-100.4987
503.5000,339.7423,-100.9959
504.0000,339.7801,-101.4962
504.5000,339.7958,-101.9922
505.0000,339.7889,-102.4970
505.5000,339.7587,-102.9954
506.0000,339.7044,-103.4917
506.5000,339.6247,-103.9884
507.0000,339.5208,-104.4722
507.5000,339.3885,-104.9582
508.0000,339.2308,-105.4310
508.5000,339.0472,-105.8927
509.0000,338.8373,-106.3454
509.5000,338.6018,-106.7856
510.0000,338.3414,-107.2032
510.5000,338.0429,-107.6146
511.0000,337.7299,-107.9911
511.5000,337.3895,-108.3553
512.0000,337.0188,-108.7137
512.5000,336.6567,-109.0358
513.0000,336.2712,-109.3566
513.5000,335.8665,-109.6753
514.0000,335.4763,-109.9698
514.5000,335.0728,-110.2648
515.0000,334.6586,-110.5608
515.5000,334.2510,-110.8478
516.0000,333.8423,-111.1334
516.5000,333.4301,-111.4211
517.0000,333.0181,-111.7099
517.5000,332.6100,-111.9985
518.0000,332.2032,-112.2898
518.5000,331.7987,-112.5841
519.0000,331.3961,-112.8822
519.5000,330.9967,-113.1833
520.0000,330.6004,-113.4873
520.5000,330.2077,-113.7945
521.0000,329.8196,-114.1073
521.5000,329.4361,-114.4284
522.0000,329.0582,-114.7591
522.5000,328.6908,-115.0964
523.0000,328.3312,-115.4436
523.5000,327.9798,-115.8009
524.0000,327.6372,-116.1678
524.5000,327.3044,-116.5434
525.0000,326.9821,-116.9264
525.5000,326.6712,-117.3154
526.0000,326.3652,-117.7185
526.5000,326.0709,-118.1266
527.0000,325.7903,-118.5361
527.5000,325.5172,-118.9553
528.0000,325.2502,-119.3875
528.5000,324.9989,-119.8164
529.0000,324.7601,-120.2466
529.5000,324.5234,-120.6977
530.0000,324.3027,-121.1436
530.5000,324.0951,-121.5885
531.0000,323.8937,-122.0465
531.5000,323.7029,-122.5068
532.0000,323.5170,-122.9804
532.5000,323.3340,-123.4665
533.0000,323.1652,-123.9275
533.5000,322.9913,-124.4119
534.0000,322.8243,-124.8851
534.5000,322.6667,-125.3414
535.0000,322.5133,-125.8060
535.5000,322.3762,-126.2574
536.0000,322.2423,-126.7418
536.5000,322.1271,-127.1851
537.0000,321.9918,-127.7230
537.5000,321.8851,-128.1544
538.0000,321.7693,-128.6264
538.5000,321.6412,-129.1505
539.0000,321.5196,-129.6486
539.5000,321.4068,-130.1107
540.0000,321.2883,-130.5957
540.5000,321.1650,-131.0993
541.0000,321.0388,-131.6132
541.5000,320.9265,-132.0698
542.0000,320.8117,-132.5359
542.5000,320.6935,-133.0165
543.0000,320.5712,-133.5158
543.5000,320.4441,-134.0367
544.0000,320.3347,-134.4868
544.5000,320.2245,-134.9416
545.0000,320.1105,-135.4134
545.5000,319.9927,-135.9027
546.0000,319.8709,-136.4093
546.5000,319.7451,-136.9332
547.0000,319.6266,-137.4275
547.5000,319.5165,-137.8866
548.0000,319.4039,-138.3563
548.5000,319.2888,-138.8361
549.0000,319.1713,-139.3251
549.5000,319.0515,-139.8229
550.0000,318.9296,-140.3285
550.5000,318.8056,-140.8412
551.0000,318.6883,-141.3250
551.5000,318.5719,-141.8036
552.0000,318.4541,-142.2860
552.5000,318.3352,-142.7714
553.0000,318.2151,-143.2592
553.5000,318.0940,-143.7486
554.0000,317.9721,-144.2387
554.5000,317.8495,-144.7289
555.0000,317.7256,-145.2211
555.5000,317.6001,-145.7167
556.0000,317.4742,-146.2101
556.5000,317.3481,-146.7007
557.0000,317.2220,-147.1876
557.5000,317.0959,-147.6704
558.0000,316.9700,-148.1482
558.5000,316.8443,-148.6207
559.0000,316.7185,-149.0892
559.5000,316.5800,-149.5995
560.0000,316.4422,-150.1013
560.5000,316.3053,-150.5941
561.0000,316.1692,-151.0778
561.5000,316.0342,-151.5519
562.0000,315.9001,-152.0164
562.5000,315.7672,-152.4713
563.0000,315.6247,-152.9524
563.5000,315.4751,-153.4510
564.0000,315.3268,-153.9384
564.5000,315.1797,-154.4157
565.0000,315.0337,-154.8843
565.5000,314.8887,-155.3459
566.0000,314.7440,-155.8032
566.5000,314.5917,-156.2832
567.0000,314.4395,-156.7627
567.5000,314.2877,-157.2414
568.0000,314.1366,-157.7184
568.5000,313.9866,-158.1929
569.0000,313.8380,-158.6643
569.5000,313.6850,-159.1512
570.0000,313.5328,-159.6372
570.5000,313.3829,-160.1181
571.0000,313.2353,-160.5938
571.5000,313.0901,-161.0640
572.0000,312.9475,-161.5286
572.5000,312.7976,-162.0199
573.0000,312.6501,-162.5064
573.5000,312.5055,-162.9867
574.0000,312.3637,-163.4610
574.5000,312.2246,-163.9297
575.0000,312.0841,-164.4066
575.5000,311.9417,-164.8937
576.0000,311.8017,-165.3760
576.5000,311.6640,-165.8541
577.0000,311.5282,-166.3287
577.5000,311.3929,-166.8045
578.0000,311.2564,-167.2875
578.5000,311.1209,-167.7688
579.0000,310.9863,-168.2494
579.5000,310.8522,-168.7297
580.0000,310.7184,-169.2096
580.5000,310.5851,-169.6885
581.0000,310.4514,-170.1687
581.5000,310.3172,-170.6506
582.0000,310.1821,-171.1343
582.5000,310.0466,-171.6178
583.0000,309.9119,-172.0969
583.5000,309.7761,-172.5775
584.0000,309.6393,-173.0592
584.5000,309.5013,-173.5415
585.0000,309.3624,-174.0238
585.5000,309.2221,-174.5068
586.0000,309.0813,-174.9875
586.5000,308.9392,-175.4659
587.0000,308.7949,-175.9428
587.5000,308.6474,-176.4189
588.0000,308.4968,-176.8917
588.5000,308.3415,-177.3646
589.0000,308.1810,-177.8377
589.5000,308.0149,-178.3113
590.0000,307.8427,-178.7851
590.5000,307.6675,-179.2510
591.0000,307.4866,-179.7154
591.5000,307.2997,-180.1793
592.0000,307.1068,-180.6421
592.5000,306.9080,-181.1035
593.0000,306.7036,-181.5626
593.5000,306.4938,-182.0188
594.0000,306.2789,-182.4719
594.5000,306.0591,-182.9210
595.0000,305.8350,-183.3657
595.5000,305.6039,-183.8106
596.0000,305.3640,-184.2591
596.5000,305.1207,-184.7007
597.0000,304.8746,-185.1349
597.5000,304.6262,-185.5610
598.0000,304.3708,-185.9871
598.5000,304.1011,-186.4248
599.0000,303.8304,-186.8519
599.5000,303.5595,-187.2680
600.0000,303.2887,-187.6731
600.5000,303.0048,-188.0874
601.0000,302.7108,-188.5058
601.5000,302.4185,-188.9122
602.0000,302.1281,-189.3077
602.5000,301.8356,-189.6995
603.0000,301.5302,-190.1032
603.5000,301.2268,-190.5009
604.0000,300.9250,-190.8948
604.5000,300.6231,-191.2875
605.0000,300.3175,-191.6846
605.5000,300.0126,-192.0810
606.0000,299.7090,-192.4775
606.5000,299.4067,-192.8753
607.0000,299.1048,-193.2769
607.5000,298.8069,-193.6797
608.0000,298.5141,-194.0836
608.5000,298.2258,-194.4916
609.0000,297.9394,-194.9097
609.5000,297.6633,-195.3285
610.0000,297.3990,-195.7476
610.5000,297.1419,-196.1774
611.0000,296.8927,-196.6217
611.5000,296.6623,-197.0648
612.0000,296.4522,-197.5062
612.5000,296.2517,-197.9749
613.0000,296.0746,-198.4475
613.5000,295.9246,-198.9165
614.0000,295.7980,-199.3981
614.5000,295.6966,-199.8931
615.0000,295.6239,-200.3837
615.5000,295.5764,-200.8768
616.0000,295.5503,-201.3773
616.5000,295.5407,-201.8762
617.0000,295.5433,-202.3755
617.5000,295.5560,-202.8759
618.0000,295.5775,-203.3750
618.5000,295.6068,-203.8732
619.0000,295.6438,-204.3709
619.5000,295.6888,-204.8693
620.0000,295.7417,-205.3651
620.5000,295.8033,-205.8583
621.0000,295.8747,-206.3550
621.5000,295.9558,-206.8479
622.0000,296.0461,-207.3341
622.5000,296.1481,-207.8261
623.0000,296.2608,-208.3174
623.5000,296.3803,-208.7944
624.0000,296.5111,-209.2778
624.5000,296.6529,-209.7677
625.0000,296.7971,-210.2388
625.5000,296.9488,-210.7131
626.0000,297.1075,-211.1923
626.5000,297.2694,-211.6703
627.0000,297.4312,-212.1426
627.5000,297.5932,-212.6168
628.0000,297.7526,-213.0916
628.5000,297.9080,-213.5704
629.0000,298.0565,-214.0500
629.5000,298.1959,-214.5290
630.0000,298.3252,-215.0088
630.5000,298.4454,-215.4988
631.0000,298.5524,-215.9877
631.5000,298.6457,-216.4756
632.0000,298.7260,-216.9694
632.5000,298.7922,-217.4664
633.0000,298.8435,-217.9628
633.5000,298.8803,-218.4595
634.0000,298.9029,-218.9594
634.5000,298.9113,-219.4593
635.0000,298.9061,-219.9592
635.5000,298.8877,-220.4578
636.0000,298.8566,-220.9564
636.5000,298.8132,-221.4553
637.0000,298.7578,-221.9525
637.5000,298.6909,-222.4468
638.0000,298.6121,-222.9410
638.5000,298.5210,-223.4346
639.0000,298.4180,-223.9225
639.5000,298.3016,-224.4086
640.0000,298.1705,-224.8924
640.5000,298.0245,-225.3718
641.0000,297.8654,-225.8462
641.5000,297.6948,-226.3165
642.0000,297.5137,-226.7823
642.5000,297.3222,-227.2443
643.0000,297.1205,-227.7017
643.5000,296.9083,-228.1545
644.0000,296.6859,-228.6002
644.5000,296.4524,-229.0391
645.0000,296.2052,-229.4742
645.5000,295.9427,-229.9057
646.0000,295.6751,-230.3162
646.5000,295.3911,-230.7234
647.0000,295.0888,-231.1279
647.5000,294.7738,-231.5218
648.0000,294.4580,-231.8920
648.5000,294.1238,-232.2604
649.0000,293.7708,-232.6269
649.5000,293.4082,-232.9824
650.0000,293.0524,-233.3133
650.5000,292.6809,-233.6424
651.0000,292.2942,-233.9695
651.5000,291.8929,-234.2944
652.0000,291.5045,-234.5965
652.5000,291.1077,-234.8941
653.0000,290.7017,-235.1888
653.5000,290.2878,-235.4799
654.0000,289.8731,-235.7637
654.5000,289.4704,-236.0320
655.0000,289.0585,-236.2984
655.5000,288.6347,-236.5640
656.0000,288.1967,-236.8294
656.5000,287.7570,-237.0871
657.0000,287.3434,-237.3220
657.5000,286.9162,-237.5574
658.0000,286.4755,-237.7930
658.5000,286.0215,-238.0286
659.0000,285.5544,-238.2638
659.5000,285.1053,-238.4835
660.0000,284.6642,-238.6935
660.5000,284.2144,-238.9018
661.0000,283.7570,-239.1080
661.5000,283.2927,-239.3114
662.0000,282.8227,-239.5114
662.5000,282.3523,-239.7058
663.0000,281.8852,-239.8930
663.5000,281.4158,-240.0752
664.0000,280.9452,-240.2519
664.5000,280.4746,-240.4223
665.0000,280.0051,-240.5861
665.5000,279.5379,-240.7424
666.0000,279.0398,-240.9016
666.5000,278.5466,-241.0511
667.0000,278.0597,-241.1903
667.5000,277.5803,-241.3187
668.0000,277.1093,-241.4358
668.5000,276.6444,-241.5419
669.0000,276.1196,-241.6495
669.5000,275.6094,-241.7406
670.0000,275.1146,-241.8149
670.5000,274.6353,-241.8727
671.0000,274.1714,-241.9143
671.5000,273.6487,-241.9430
672.0000,273.1395,-241.9518
672.5000,272.6462,-241.9423
673.0000,272.1647,-241.9171
673.5000,271.6711,-241.8778
674.0000,271.1681,-241.8274
674.5000,270.6702,-241.7690
675.0000,270.1798,-241.7044
675.5000,269.6794,-241.6317
676.0000,269.1743,-241.5520
676.5000,268.6829,-241.4683
677.0000,268.2059,-241.3812
677.5000,267.7058,-241.2831
678.0000,267.2108,-241.1782
678.5000,266.7318,-241.0682
679.0000,266.2545,-240.9488
679.5000,265.7673,-240.8151
680.0000,265.2918,-240.6712
680.5000,264.8242,-240.5151
681.0000,264.3592,-240.3440
681.5000,263.8961,-240.1571
682.0000,263.4335,-239.9534
682.5000,262.9958,-239.7453
683.0000,262.5522,-239.5198
683.5000,262.1012,-239.2764
684.0000,261.6727,-239.0332
684.5000,261.2497,-238.7829
685.0000,260.8191,-238.5189
685.5000,260.3815,-238.2424
686.0000,259.9706,-237.9763
686.5000,259.5563,-237.7020
687.0000,259.1398,-237.4189
687.5000,258.7221,-237.1261
688.0000,258.3253,-236.8389
688.5000,257.9283,-236.5423
689.0000,257.5306,-236.2357
689.5000,257.1317,-235.9189
690.0000,256.7503,-235.6080
690.5000,256.3730,-235.2935
691.0000,255.9924,-234.9703
691.5000,255.6074,-234.6385
692.0000,255.2243,-234.3047
692.5000,254.8607,-233.9859
693.0000,254.4907,-233.6608
693.5000,254.1134,-233.3297
694.0000,253.7279,-232.9929
694.5000,253.3439,-232.6600
695.0000,252.9779,-232.3460
695.5000,252.6032,-232.0284
696.0000,252.2191,-231.7076
696.5000,251.8252,-231.3840
697.0000,251.4211,-231.0581
697.5000,251.0389,-230.7557
698.0000,250.6540,-230.4569
698.5000,250.2599,-230.1572
699.0000,249.8566,-229.8569
699.5000,249.4441,-229.5562
700.0000,249.0224,-229.2557
700.5000,248.6194,-228.9746
701.0000,248.2143,-228.6979
701.5000,247.8018,-228.4222
702.0000,247.3825,-228.1476
702.5000,246.9566,-227.8744
703.0000,246.5247,-227.6029
703.5000,246.0948,-227.3380
704.0000,245.6751,-227.0840
704.5000,245.2516,-226.8324
705.0000,244.8249,-226.5830
705.5000,244.3930,-226.3355
706.0000,243.9531,-226.0887
706.5000,243.5027,-225.8420
707.0000,243.0704,-225.6110
707.5000,242.6583,-225.3960
708.0000,242.2346,-225.1801
708.5000,241.7983,-224.9630
709.0000,241.3490,-224.7448
709.5000,240.8861,-224.5255
710.0000,240.4095,-224.3050
710.5000,239.9189,-224.0835
711.0000,239.4641,-223.8829
711.5000,239.0323,-223.6964
712.0000,238.5909,-223.5096
712.5000,238.1401,-223.3226
713.0000,237.6803,-223.1357
713.5000,237.2116,-222.9490
714.0000,236.7345,-222.7629
714.5000,236.2493,-222.5775
715.0000,235.7565,-222.3931
715.5000,235.2646,-222.2130
716.0000,234.8066,-222.0486
716.5000,234.3435,-221.8858
717.0000,233.8758,-221.7246
717.5000,233.4039,-221.5654
718.0000,232.9282,-221.4084
718.5000,232.4493,-221.2538
719.0000,231.9674,-221.1018
719.5000,231.4832,-220.9527
720.0000,230.9971,-220.8067
720.5000,230.5097,-220.6640
721.0000,230.0195,-220.5245
721.5000,229.5283,-220.3886
722.0000,229.0372,-220.2568
722.5000,228.5467,-220.1292
723.0000,228.0572,-220.0063
723.5000,227.5693,-219.8880
724.0000,227.0834,-219.7747
724.5000,226.5999,-219.6666
725.0000,226.1193,-219.5638
725.5000,225.6420,-219.4665
726.0000,225.1493,-219.3712
726.5000,224.6289,-219.2767
727.0000,224.1141,-219.1895
727.5000,223.6053,-219.1098
728.0000,223.1029,-219.0379
728.5000,222.6074,-218.9738
729.0000,222.1190,-218.9176
729.5000,221.6380,-218.8694
730.0000,221.1647,-218.8293
730.5000,220.6973,-218.7970
731.0000,220.1618,-218.7696
731.5000,219.6370,-218.7531
732.0000,219.1231,-218.7472
732.5000,218.6196,-218.7519
733.0000,218.1262,-218.7668
733.5000,217.6424,-218.7914
734.0000,217.1674,-218.8253
734.5000,216.6984,-218.8681
735.0000,216.1923,-218.9245
735.5000,215.6929,-218.9895
736.0000,215.1983,-219.0623
736.5000,214.7063,-219.1414
737.0000,214.2155,-219.2262
737.5000,213.7267,-219.3171
738.0000,213.2407,-219.4148
738.5000,212.7456,-219.5224
739.0000,212.2518,-219.6388
739.5000,211.7631,-219.7637
740.0000,211.2799,-219.8973
740.5000,210.8026,-220.0400
741.0000,210.3317,-220.1920
741.5000,209.8675,-220.3534
742.0000,209.3945,-220.5304
742.5000,208.9248,-220.7194
743.0000,208.4629,-220.9190
743.5000,208.0089,-221.1289
744.0000,207.5626,-221.3493
744.5000,207.1242,-221.5798
745.0000,206.6928,-221.8208
745.5000,206.2607,-222.0767
746.0000,205.8360,-222.3426
746.5000,205.4186,-222.6183
747.0000,205.0082,-222.9034
747.5000,204.6043,-223.1975
748.0000,204.2066,-223.5004
748.5000,203.8162,-223.8104
749.0000,203.4328,-224.1268
749.5000,203.0542,-224.4507
750.0000,202.6800,-224.7814
750.5000,202.3097,-225.1188
751.0000,201.9430,-225.4622
751.5000,201.5793,-225.8113
752.0000,201.2250,-226.1590
752.5000,200.8741,-226.5102
753.0000,200.5250,-226.8656
753.5000,200.1773,-227.2248
754.0000,199.8308,-227.5877
754.5000,199.4851,-227.9537
755.0000,199.1403,-228.3222
755.5000,198.8030,-228.6858
756.0000,198.4658,-229.0516
756.5000,198.1287,-229.4195
757.0000,197.7917,-229.7892
757.5000,197.4546,-230.1607
758.0000,197.1176,-230.5337
758.5000,196.7814,-230.9078
759.0000,196.4492,-231.2790
759.5000,196.1176,-231.6517
760.0000,195.7869,-232.0259
760.5000,195.4573,-232.4017
761.0000,195.1293,-232.7794
761.5000,194.8028,-233.1596
762.0000,194.4785,-233.5418
762.5000,194.1662,-233.9144
763.0000,193.8538,-234.2916
763.5000,193.5410,-234.6740
764.0000,193.2276,-235.0621
764.5000,192.9133,-235.4561
765.0000,192.5980,-235.8564
765.5000,192.2814,-236.2630
766.0000,191.9819,-236.6520
766.5000,191.6864,-237.0398
767.0000,191.3897,-237.4330
767.5000,191.0920,-237.8314
768.0000,190.7932,-238.2348
768.5000,190.4934,-238.6431
769.0000,190.1927,-239.0559
769.5000,189.8912,-239.4730
770.0000,189.6022,-239.8755
770.5000,189.3145,-240.2788
771.0000,189.0265,-240.6848
771.5000,188.7383,-241.0933
772.0000,188.4501,-241.5038
772.5000,188.1621,-241.9159
773.0000,187.8745,-242.3292
773.5000,187.5873,-242.7433
774.0000,187.2998,-243.1592
774.5000,187.0124,-243.5761
775.0000,186.7261,-243.9924
775.5000,186.4411,-244.4076
776.0000,186.1576,-244.8212
776.5000,185.8757,-245.2328
777.0000,185.5956,-245.6420
777.5000,185.3176,-246.0482
778.0000,185.0354,-246.4604
778.5000,184.7418,-246.8888
779.0000,184.4511,-247.3124
779.5000,184.1634,-247.7306
780.0000,183.8789,-248.1432
780.5000,183.5978,-248.5496
781.0000,183.3200,-248.9496
781.5000,183.0457,-249.3428
782.0000,182.7528,-249.7606
782.5000,182.4511,-250.1881
783.0000,182.1539,-250.6061
783.5000,181.8612,-251.0146
784.0000,181.5728,-251.4135
784.5000,181.2884,-251.8030
785.0000,181.0079,-252.1833
785.5000,180.7009,-252.5946
786.0000,180.3918,-253.0035
786.5000,180.0858,-253.4028
787.0000,179.7820,-253.7938
787.5000,179.4794,-254.1779
788.0000,179.1770,-254.5567
788.5000,178.8639,-254.9434
789.0000,178.5469,-255.3292
789.5000,178.2272,-255.7120
790.0000,177.9040,-256.0924
790.5000,177.5764,-256.4707
791.0000,177.2441,-256.8467
791.5000,176.9129,-257.2131
792.0000,176.5756,-257.5773
792.5000,176.2318,-257.9390
793.0000,175.8809,-258.2975
793.5000,175.5227,-258.6525
794.0000,175.1580,-259.0019
794.5000,174.7938,-259.3386
795.0000,174.4217,-259.6696
795.5000,174.0415,-259.9943
796.0000,173.6531,-260.3118
796.5000,173.2563,-260.6212
797.0000,172.8515,-260.9214
797.5000,172.4432,-261.2083
798.0000,172.0267,-261.4846
798.5000,171.6020,-261.7496
799.0000,171.1694,-262.0023
799.5000,170.7289,-262.2421
800.0000,170.2807,-262.4680
800.5000,169.8275,-262.6784
801.0000,169.3674,-262.8737
801.5000,168.9005,-263.0536
802.0000,168.4272,-263.2175
802.5000,167.9477,-263.3652
803.0000,167.4625,-263.4962
803.5000,166.9767,-263.6096
804.0000,166.4877,-263.7063
804.5000,165.9945,-263.7867
805.0000,165.4977,-263.8512
805.5000,164.9979,-263.9001
806.0000,164.4955,-263.9339
806.5000,163.9936,-263.9534
807.0000,163.4929,-263.9596
807.5000,162.9917,-263.9536
808.0000,162.4906,-263.9367
808.5000,161.9905,-263.9103
809.0000,161.4921,-263.8761
809.5000,160.9946,-263.8354
810.0000,160.4929,-263.7867
810.5000,159.9941,-263.7278
811.0000,159.4986,-263.6564
811.5000,159.0066,-263.5705
812.0000,158.5185,-263.4686
812.5000,158.0349,-263.3493
813.0000,157.5547,-263.2110
813.5000,157.0801,-263.0533
814.0000,156.6120,-262.8759
814.5000,156.1511,-262.6785
815.0000,155.6982,-262.4610
815.5000,155.2542,-262.2236
816.0000,154.8228,-261.9686
816.5000,154.4026,-261.6955
817.0000,153.9938,-261.4046
817.5000,153.5972,-261.0968
818.0000,153.2137,-260.7730
818.5000,152.8442,-260.4344
819.0000,152.4850,-260.0777
819.5000,152.1387,-259.7045
820.0000,151.8095,-259.3199
820.5000,151.4984,-258.9254
821.0000,151.2060,-258.5225
821.5000,150.9331,-258.1127
822.0000,150.6705,-257.6809
822.5000,150.4201,-257.2258
823.0000,150.1944,-256.7680
823.5000,149.9938,-256.3095
824.0000,149.8185,-255.8519
824.5000,149.6687,-255.3967
825.0000,149.5316,-254.8948
825.5000,149.4237,-254.3907
826.0000,149.3468,-253.8943
826.5000,149.2997,-253.4068
827.0000,149.2808,-252.9283
827.5000,149.2896,-252.4209
828.0000,149.3263,-251.9188
828.5000,149.3870,-251.4248
829.0000,149.4670,-250.9361
829.5000,149.5613,-250.4473
830.0000,149.6650,-249.9539
830.5000,149.7749,-249.4620
831.0000,149.8889,-248.9750
831.5000,150.0051,-248.4960
832.0000,150.1313,-247.9897
832.5000,150.2578,-247.4922
833.0000,150.3814,-247.0119
833.5000,150.5004,-246.5506
834.0000,150.6301,-246.0444
834.5000,150.7556,-245.5450
835.0000,150.8694,-245.0759
835.5000,150.9787,-244.5993
836.0000,151.0853,-244.0874
836.5000,151.1692,-243.6171
837.0000,151.2381,-243.1177
837.5000,151.2790,-242.6235
838.0000,151.2866,-242.1336
838.5000,151.2574,-241.6368
839.0000,151.1939,-241.1471
839.5000,151.1015,-240.6554
840.0000,150.9922,-240.1828
840.5000,150.8452,-239.6962
841.0000,150.6707,-239.2634
841.5000,150.4489,-238.8118
842.0000,150.1926,-238.3541
842.5000,149.9467,-237.9485
843.0000,149.6741,-237.5207
843.5000,149.3812,-237.0752
844.0000,149.1096,-236.6685
844.5000,148.8311,-236.2528
845.0000,148.5505,-235.8314
845.5000,148.2709,-235.4042
846.0000,147.9951,-234.9708
846.5000,147.7330,-234.5419
847.0000,147.4892,-234.1207
847.5000,147.2435,-233.6628
848.0000,147.0204,-233.2003
848.5000,146.8357,-232.7584
849.0000,146.6729,-232.2811
849.5000,146.5489,-231.7924
850.0000,146.4677,-231.3246
850.5000,146.4041,-230.8289
851.0000,146.3545,-230.3317
851.5000,146.3376,-229.8410
852.0000,146.3633,-229.3408
852.5000,146.4307,-228.8490
853.0000,146.5298,-228.3719
853.5000,146.6594,-227.8706
854.0000,146.7943,-227.4029
854.5000,146.9353,-226.9321
855.0000,147.0817,-226.4365
855.5000,147.2159,-225.9564
856.0000,147.3364,-225.4849
856.5000,147.4473,-224.9925
857.0000,147.5445,-224.4789
857.5000,147.6169,-224.0005
858.0000,147.6721,-223.5117
858.5000,147.7090,-223.0078
859.0000,147.7259,-222.4899
859.5000,147.7226,-221.9959
860.0000,147.7009,-221.5035
860.5000,147.6607,-221.0036
861.0000,147.6026,-220.4980
861.5000,147.5278,-219.9934
862.0000,147.4402,-219.5026
862.5000,147.3396,-219.0132
863.0000,147.2232,-218.5276
863.5000,147.0733,-218.0475
864.0000,146.8892,-217.6097
864.5000,146.6708,-217.2125
865.0000,146.3986,-216.8223
865.5000,146.0674,-216.4400
866.0000,145.6737,-216.0669
866.5000,145.2157,-215.7040
867.0000,144.8622,-215.4603
867.5000,144.4839,-215.2259
868.0000,144.0764,-214.9974
868.5000,143.6402,-214.7752
869.0000,143.1764,-214.5597
869.5000,142.6860,-214.3512
870.0000,142.1705,-214.1500
870.5000,141.6312,-213.9565
871.0000,141.1700,-213.8031
871.5000,140.7195,-213.6626
872.0000,140.2572,-213.5274
872.5000,139.7843,-213.3976
873.0000,139.3017,-213.2734
873.5000,138.8105,-213.1547
874.0000,138.3116,-213.0419
874.5000,137.8063,-212.9351
875.0000,137.2956,-212.8342
875.5000,136.7807,-212.7396
876.0000,136.2676,-212.6520
876.5000,135.7609,-212.5720
877.0000,135.2534,-212.4982
877.5000,134.7461,-212.4306
878.0000,134.2402,-212.3693
878.5000,133.7366,-212.3144
879.0000,133.2364,-212.2659
879.5000,132.7405,-212.2240
880.0000,132.2500,-212.1886
880.5000,131.7658,-212.1597
881.0000,131.2889,-212.1375
881.5000,130.7538,-212.1203
882.0000,130.1986,-212.1114
882.5000,129.6583,-212.1123
883.0000,129.1340,-212.1229
883.5000,128.6270,-212.1432
884.0000,128.1383,-212.1731
884.5000,127.6688,-212.2125
885.0000,127.2192,-212.2612
885.5000,126.7900,-212.3191
886.0000,126.2253,-212.4151
886.5000,125.6763,-212.5342
887.0000,125.1725,-212.6712
887.5000,124.7125,-212.8251
888.0000,124.2939,-212.9948
888.5000,123.9128,-213.1789
889.0000,123.4732,-213.4325
889.5000,123.0577,-213.7149
890.0000,122.6658,-214.0121
890.5000,122.2805,-214.3194
891.0000,121.8950,-214.6396
891.5000,121.5053,-214.9768
892.0000,121.1298,-215.3157
892.5000,120.7709,-215.6541
893.0000,120.4277,-215.9927
893.5000,120.0600,-216.3749
894.0000,119.7193,-216.7508
894.5000,119.4061,-217.1197
895.0000,119.1025,-217.5045
895.5000,118.7990,-217.9244
896.0000,118.5300,-218.3361
896.5000,118.2864,-218.7527
897.0000,118.0536,-219.2036
897.5000,117.8498,-219.6546
898.0000,117.6688,-220.1113
898.5000,117.5050,-220.5786
899.0000,117.3537,-221.0595
899.5000,117.2179,-221.5323
900.0000,117.0905,-222.0097
900.5000,116.9667,-222.5054
901.0000,116.8539,-222.9886
901.5000,116.7495,-223.4715
902.0000,116.6528,-223.9676
902.5000,116.5731,-224.4426
903.0000,116.5122,-224.8790
903.5000,116.4573,-225.3587
904.0000,116.4079,-225.8905
904.5000,116.3657,-226.4497
905.0000,116.3382,-226.8805
905.5000,116.3125,-227.3397
906.0000,116.2884,-227.8271
906.5000,116.2657,-228.3422
907.0000,116.2442,-228.8840
907.5000,116.2237,-229.4513
908.0000,116.2077,-229.9231
908.5000,116.1924,-230.3960
909.0000,116.1773,-230.8813
909.5000,116.1622,-231.3779
910.0000,116.1470,-231.8848
910.5000,116.1316,-232.4006
911.0000,116.1159,-232.9240
911.5000,116.0998,-233.4536
912.0000,116.0841,-233.9559
912.5000,116.0679,-234.4571
913.0000,116.0511,-234.9601
913.5000,116.0335,-235.4638
914.0000,116.0150,-235.9669
914.5000,115.9956,-236.4683
915.0000,115.9752,-236.9668
915.5000,115.9537,-237.4613
916.0000,115.9303,-237.9656
916.5000,115.9037,-238.4996
917.0000,115.8755,-239.0245
917.5000,115.8456,-239.5390
918.0000,115.8140,-240.0419
918.5000,115.7806,-240.5320
919.0000,115.7454,-241.0084
919.5000,115.7082,-241.4702
920.0000,115.6630,-241.9839
920.5000,115.6091,-242.5353
921.0000,115.5520,-243.0589
921.5000,115.4916,-243.5543
922.0000,115.4282,-244.0217
922.5000,115.3617,-244.4619
923.0000,115.2790,-244.9523
923.5000,115.1799,-245.4731
924.0000,115.0767,-245.9590
924.5000,114.9703,-246.4207
925.0000,114.8599,-246.8769
925.5000,114.7339,-247.3695
926.0000,114.5990,-247.8533
926.5000,114.4520,-248.3273
927.0000,114.2891,-248.7938
927.5000,114.1021,-249.2652
928.0000,113.8953,-249.7223
928.5000,113.6676,-250.1637
929.0000,113.4152,-250.5934
929.5000,113.1346,-251.0131
930.0000,112.8316,-251.4117
930.5000,112.5070,-251.7878
931.0000,112.1549,-252.1473
931.5000,111.7802,-252.4836
932.0000,111.3877,-252.7923
932.5000,110.9777,-253.0739
933.0000,110.5420,-253.3328
933.5000,110.0949,-253.5599
934.0000,109.6390,-253.7550
934.5000,109.1638,-253.9223
935.0000,108.6789,-254.0577
935.5000,108.1921,-254.1601
936.0000,107.6992,-254.2318
936.5000,107.1984,-254.2740
937.0000,106.6995,-254.2879
937.5000,106.2020,-254.2774
938.0000,105.7051,-254.2428
938.5000,105.2093,-254.1768
939.0000,104.7153,-254.0728
939.5000,104.2453,-253.9337
940.0000,103.7801,-253.7543
940.5000,103.3209,-253.5341
941.0000,102.8885,-253.2858
941.5000,102.4767,-253.0112
942.0000,102.0750,-252.7064
942.5000,101.6851,-252.3744
943.0000,101.3226,-252.0327
943.5000,100.9739,-251.6726
944.0000,100.6401,-251.2975
944.5000,100.3202,-250.9083
945.0000,100.0111,-250.5027
945.5000,99.7211,-250.0927
946.0000,99.4505,-249.6819
946.5000,99.1850,-249.2485
947.0000,98.9331,-248.8050
947.5000,98.7041,-248.3693
948.0000,98.4901,-247.9285
948.5000,98.2829,-247.4640
949.0000,98.0955,-247.0068
949.5000,97.9215,-246.5476
950.0000,97.7538,-246.0753
950.5000,97.5936,-245.6005
951.0000,97.4377,-245.1204
951.5000,97.2846,-244.6365
952.0000,97.1373,-244.1662
952.5000,96.9851,-243.6830
953.0000,96.8304,-243.2043
953.5000,96.6743,-242.7435
954.0000,96.4992,-242.2621
954.5000,96.3179,-241.8090
955.0000,96.1113,-241.3480
955.5000,95.8874,-240.9073
956.0000,95.6384,-240.4752
956.5000,95.3670,-240.0562
957.0000,95.0778,-239.6516
957.5000,94.7713,-239.2540
958.0000,94.4608,-238.8717
958.5000,94.1329,-238.4907
959.0000,93.8045,-238.1419
959.5000,93.4456,-237.7932
960.0000,93.0633,-237.4488
960.5000,92.6971,-237.1370
961.0000,92.3018,-236.8143
961.5000,91.8983,-236.4948
962.0000,91.5101,-236.1938
962.5000,91.1102,-235.8878
963.0000,90.7030,-235.5782
963.5000,90.3018,-235.2735
964.0000,89.9021,-234.9686
964.5000,89.5079,-234.6651
965.0000,89.1078,-234.3528
965.5000,88.7090,-234.0355
966.0000,88.3263,-233.7242
966.5000,87.9465,-233.4073
967.0000,87.5583,-233.0746
967.5000,87.1892,-232.7509
968.0000,86.8229,-232.4257
968.5000,86.4488,-232.0961
969.0000,86.0717,-231.7674
969.5000,85.6973,-231.4369
970.0000,85.3271,-231.1007
970.5000,84.9624,-230.7571
971.0000,84.6045,-230.4073
971.5000,84.2523,-230.0521
972.0000,83.9036,-229.6928
972.5000,83.5553,-229.3311
973.0000,83.2080,-228.9738
973.5000,82.8529,-228.6184
974.0000,82.4902,-228.2726
974.5000,82.1202,-227.9433
975.0000,81.7293,-227.6253
975.5000,81.3266,-227.3312
976.0000,80.9082,-227.0607
976.5000,80.4739,-226.8132
977.0000,80.0270,-226.5875
977.5000,79.5747,-226.3799
978.0000,79.1163,-226.1806
978.5000,78.6579,-225.9998
979.0000,78.1912,-225.8474
979.5000,77.6935,-225.7223
980.0000,77.2131,-225.6344
980.5000,76.7228,-225.5717
981.0000,76.2086,-225.5287
981.5000,75.7087,-225.5033
982.0000,75.2127,-225.4890
982.5000,74.7073,-225.4810
983.0000,74.1982,-225.4752
983.5000,73.6930,-225.4675
984.0000,73.1914,-225.4538
984.5000,72.6977,-225.4303
985.0000,72.1856,-225.3906
985.5000,71.6827,-225.3310
986.0000,71.2008,-225.2491
986.5000,70.7112,-225.1349
987.0000,70.2281,-224.9855
987.5000,69.7725,-224.8072
988.0000,69.3224,-224.5962
988.5000,68.8806,-224.3646
989.0000,68.4422,-224.1263
989.5000,68.0096,-223.8784
990.0000,67.5860,-223.6122
990.5000,67.1770,-223.3245
991.0000,66.7872,-223.0166
991.5000,66.4104,-222.6842
992.0000,66.0521,-222.3355
992.5000,65.7097,-221.9745
993.0000,65.3742,-221.5987
993.5000,65.0477,-221.2184
994.0000,64.7256,-220.8363
994.5000,64.4017,-220.4536
995.0000,64.0726,-220.0742
995.5000,63.7361,-219.7028
996.0000,63.3903,-219.3437
996.5000,63.0290,-218.9959
997.0000,62.6535,-218.6645
997.5000,62.2654,-218.3521
998.0000,61.8621,-218.0556
998.5000,61.4482,-217.7748
999.0000,61.0278,-217.5058
999.5000,60.6138,-217.2615
1000.0000,60.1719,-217.0371
1000.5000,59.6890,-216.8373
1001.0000,59.2431,-216.6902
1001.5000,58.7701,-216.5670
1002.0000,58.2624,-216.4656
1002.5000,57.7466,-216.3891
1003.0000,57.2709,-216.3381
1003.5000,56.7764,-216.3017
1004.0000,56.2657,-216.2792
1004.5000,55.7421,-216.2697
1005.0000,55.2455,-216.2717
1005.5000,54.7456,-216.2832
1006.0000,54.2432,-216.3032
1006.5000,53.7415,-216.3308
1007.0000,53.2368,-216.3653
1007.5000,52.7224,-216.4068
1008.0000,52.2176,-216.4531
1008.5000,51.7248,-216.5033
1009.0000,51.2464,-216.5561
1009.5000,50.7270,-216.6178
1010.0000,50.2168,-216.6824
1010.5000,49.7300,-216.7473
1011.0000,49.2657,-216.8121
1011.5000,48.7556,-216.8862
1012.0000,48.2624,-216.9609
1012.5000,47.7802,-217.0368
1013.0000,47.2759,-217.1193
1013.5000,46.7675,-217.2052
1014.0000,46.2865,-217.2880
1014.5000,45.7748,-217.3771
1015.0000,45.2700,-217.4656
1015.5000,44.8124,-217.5459
1016.0000,44.3119,-217.6333
1016.5000,43.8518,-217.7139
1017.0000,43.3737,-217.7996
1017.5000,42.9098,-217.8847
1018.0000,42.3995,-217.9792
1018.5000,41.9521,-218.0621
1019.0000,41.4358,-218.1574
1019.5000,40.9118,-218.2534
1020.0000,40.4510,-218.3370
1020.5000,39.9603,-218.4250
1021.0000,39.4449,-218.5159
1021.5000,38.9296,-218.6049
1022.0000,38.4608,-218.6840
1022.5000,37.9817,-218.7626
1023.0000,37.4864,-218.8417
1023.5000,36.9699,-218.9219
1024.0000,36.4786,-218.9962
1024.5000,36.0220,-219.0637
1025.0000,35.5464,-219.1324
1025.5000,35.0511,-219.2025
1026.0000,34.5357,-219.2739
1026.5000,34.0003,-219.3464
1027.0000,33.5059,-219.4121
1027.5000,33.0381,-219.4731
1028.0000,32.5579,-219.5345
1028.5000,32.0658,-219.5964
1029.0000,31.5625,-219.6584
1029.5000,31.0487,-219.7205
1030.0000,30.5252,-219.7825
1030.5000,30.0165,-219.8415
1031.0000,29.5321,-219.8965
1031.5000,29.0421,-219.9510
1032.0000,28.5472,-220.0048
1032.5000,28.0482,-220.0579
1033.0000,27.5458,-220.1100
1033.5000,27.0409,-220.1610
1034.0000,26.5342,-220.2108
1034.5000,26.0281,-220.2591
1035.0000,25.5240,-220.3057
1035.5000,25.0204,-220.3507
1036.0000,24.5181,-220.3940
1036.5000,24.0178,-220.4354
1037.0000,23.5202,-220.4750
1037.5000,23.0260,-220.5125
1038.0000,22.5357,-220.5479
1038.5000,22.0339,-220.5821
1039.0000,21.5143,-220.6154
1039.5000,21.0013,-220.6460
1040.0000,20.4953,-220.6738
1040.5000,19.9966,-220.6989
1041.0000,19.5057,-220.7212
1041.5000,19.0227,-220.7407
1042.0000,18.5477,-220.7576
1042.5000,18.0247,-220.7733
1043.0000,17.5100,-220.7860
1043.5000,17.0046,-220.7957
1044.0000,16.5077,-220.8026
1044.5000,16.0184,-220.8071
1045.0000,15.5354,-220.8096
1045.5000,15.0485,-220.8103
1046.0000,14.5494,-220.8099
1046.5000,14.0512,-220.8086
1047.0000,13.5527,-220.8062
1047.5000,13.0531,-220.8023
1048.0000,12.5519,-220.7965
1048.5000,12.0495,-220.7884
1049.0000,11.5564,-220.7781
1049.5000,11.0608,-220.7650
1050.0000,10.5626,-220.7491
1050.5000,10.0620,-220.7302
1051.0000,9.5589,-220.7080
1051.5000,9.0536,-220.6826
1052.0000,8.5531,-220.6543
1052.5000,8.0553,-220.6229
1053.0000,7.5565,-220.5883
1053.5000,7.0571,-220.5504
1054.0000,6.5577,-220.5094
1054.5000,6.0587,-220.4652
1055.0000,5.5607,-220.4179
1055.5000,5.0547,-220.3665
1056.0000,4.5511,-220.3122
1056.5000,4.0507,-220.2550
1057.0000,3.5541,-220.1950
1057.5000,3.0621,-220.1324
1058.0000,2.5754,-220.0674
1058.5000,2.0734,-219.9971
1059.0000,1.5612,-219.9218
1059.5000,1.0576,-219.8442
1060.0000,0.5634,-219.7647
1060.5000,0.0793,-219.6833
1061.0000,-0.3941,-219.6003
1061.5000,-0.8944,-219.5087
1062.0000,-1.4096,-219.4102
1062.5000,-1.9085,-219.3104
1063.0000,-2.3910,-219.2095
1063.5000,-2.8568,-219.1079
1064.0000,-3.3359,-218.9987
1064.5000,-3.8475,-218.8766
1065.0000,-4.3375,-218.7540
1065.5000,-4.8076,-218.6309
1066.0000,-5.2603,-218.5074
1066.5000,-5.7572,-218.3662
1067.0000,-6.2422,-218.2233
1067.5000,-6.7151,-218.0797
1068.0000,-7.1814,-217.9342
1068.5000,-7.6843,-217.7731
1069.0000,-8.1610,-217.6165
1069.5000,-8.6103,-217.4656
1070.0000,-9.1035,-217.2963
1070.5000,-9.5778,-217.1304
1071.0000,-10.0199,-216.9733
1071.5000,-10.5119,-216.7971
1072.0000,-10.9655,-216.6349
1072.5000,-11.4394,-216.4684
1073.0000,-11.9060,-216.3102
1073.5000,-12.3768,-216.1587
1074.0000,-12.8583,-216.0130
1074.5000,-13.3342,-215.8778
1075.0000,-13.8223,-215.7472
1075.5000,-14.3141,-215.6233
1076.0000,-14.7957,-215.5103
1076.5000,-15.2833,-215.4101
1077.0000,-15.7774,-215.3277
1077.5000,-16.2692,-215.2670
1078.0000,-16.7717,-215.2272
1078.5000,-17.2694,-215.2093
1079.0000,-17.7717,-215.2126
1079.5000,-18.2735,-215.2371
1080.0000,-18.7713,-215.2832
1080.5000,-19.2708,-215.3526
1081.0000,-19.7606,-215.4459
1081.5000,-20.2486,-215.5676
1082.0000,-20.7226,-215.7184
1082.5000,-21.1864,-215.9029
1083.0000,-21.6345,-216.1210
1083.5000,-22.0682,-216.3722
1084.0000,-22.4814,-216.6517
1084.5000,-22.8760,-216.9610
1085.0000,-23.2455,-217.2963
1085.5000,-23.5894,-217.6590
1086.0000,-23.9035,-218.0464
1086.5000,-24.1868,-218.4585
1087.0000,-24.4356,-218.8892
1087.5000,-24.6528,-219.3418
1088.0000,-24.8347,-219.8033
1088.5000,-24.9874,-220.2829
1089.0000,-25.1082,-220.7646
1089.5000,-25.2022,-221.2575
1090.0000,-25.2695,-221.7527
1090.5000,-25.3116,-222.2486
1091.0000,-25.3300,-222.7548
1091.5000,-25.3249,-223.2455
1092.0000,-25.2964,-223.7518
1092.5000,-25.2468,-224.2441
1093.0000,-25.1763,-224.7356
1093.5000,-25.0827,-225.2406
1094.0000,-24.9759,-225.7156
1094.5000,-24.8498,-226.1980
1095.0000,-24.7034,-226.6914
1095.5000,-24.5508,-227.1551
1096.0000,-24.3833,-227.6229
1096.5000,-24.2001,-228.0988
1097.0000,-24.0108,-228.5615
1097.5000,-23.8156,-229.0157
1098.0000,-23.6100,-229.4750
1098.5000,-23.3958,-229.9382
1099.0000,-23.1832,-230.3870
1099.5000,-22.9662,-230.8378
1100.0000,-22.7472,-231.2894
1100.5000,-22.5312,-231.7358
1101.0000,-22.3229,-232.1752
1101.5000,-22.1177,-232.6269
1102.0000,-21.9167,-233.0960
1102.5000,-21.7314,-233.5602
1103.0000,-21.5642,-234.0119
1103.5000,-21.4035,-234.4822
1104.0000,-21.2505,-234.9710
1104.5000,-21.1074,-235.4729
1105.0000,-20.9855,-235.9444
1105.5000,-20.8725,-236.4273
1106.0000,-20.7694,-236.9198
1106.5000,-20.6769,-237.4197
1107.0000,-20.5961,-237.9231
1107.5000,-20.5280,-238.4249
1108.0000,-20.4726,-238.9266
1108.5000,-20.4304,-239.4258
1109.0000,-20.4020,-239.9200
1109.5000,-20.3878,-240.4246
1110.0000,-20.3900,-240.9470
1110.5000,-20.4106,-241.4542
1111.0000,-20.4497,-241.9433
1111.5000,-20.5076,-242.4121
1112.0000,-20.6004,-242.9385
1112.5000,-20.7205,-243.4362
1113.0000,-20.8663,-243.8984
1113.5000,-21.0442,-244.3425
1114.0000,-21.2760,-244.8034
1114.5000,-21.5359,-245.2247
1115.0000,-21.8203,-245.6185
1115.5000,-22.1353,-246.0083
1116.0000,-22.4717,-246.3789
1116.5000,-22.8311,-246.7264
1117.0000,-23.2131,-247.0463
1117.5000,-23.6197,-247.3381
1118.0000,-24.0504,-247.5999
1118.5000,-24.4892,-247.8240
1119.0000,-24.9494,-248.0196
1119.5000,-25.4300,-248.1867
1120.0000,-25.9037,-248.3196
1120.5000,-26.3898,-248.4276
1121.0000,-26.8899,-248.5127
1121.5000,-27.3861,-248.5742
1122.0000,-27.8795,-248.6156
1122.5000,-28.3816,-248.6399
1123.0000,-28.8906,-248.6482
1123.5000,-29.3839,-248.6423
1124.0000,-29.8822,-248.6240
1124.5000,-30.3850,-248.5942
1125.0000,-30.8861,-248.5544
1125.5000,-31.3791,-248.5062
1126.0000,-31.8755,-248.4495
1126.5000,-32.3753,-248.3848
1127.0000,-32.8663,-248.3142
1127.5000,-33.3495,-248.2385
1128.0000,-33.8403,-248.1552
1128.5000,-34.3421,-248.0636
1129.0000,-34.8309,-247.9685
1129.5000,-35.3040,-247.8713
1130.0000,-35.7895,-247.7667
1130.5000,-36.2872,-247.6548
1131.0000,-36.7966,-247.5358
1131.5000,-37.2681,-247.4218
1132.0000,-37.7472,-247.3025
1132.5000,-38.2329,-247.1780
1133.0000,-38.7241,-247.0488
1133.5000,-39.2186,-246.9152
1134.0000,-39.7010,-246.7817
1134.5000,-40.1839,-246.6448
1135.0000,-40.6658,-246.5048
1135.5000,-41.1450,-246.3623
1136.0000,-41.6197,-246.2176
1136.5000,-42.1127,-246.0634
1137.0000,-42.5990,-245.9071
1137.5000,-43.0751,-245.7496
1138.0000,-43.5393,-245.5914
1138.5000,-43.9960,-245.4308
1139.0000,-44.4943,-245.2492
1139.5000,-44.9720,-245.0679
1140.0000,-45.4282,-244.8871
1140.5000,-45.8625,-244.7070
1141.0000,-46.3420,-244.4976
1141.5000,-46.8032,-244.2842
1142.0000,-47.2383,-244.0708
1142.5000,-47.6670,-243.8483
1143.0000,-48.1103,-243.6062
1143.5000,-48.5428,-243.3589
1144.0000,-48.9668,-243.1038
1144.5000,-49.3957,-242.8308
1145.0000,-49.8091,-242.5511
1145.5000,-50.2090,-242.2629
1146.0000,-50.6130,-241.9514
1146.5000,-50.9966,-241.6341
1147.0000,-51.3670,-241.3048
1147.5000,-51.7341,-240.9531
1148.0000,-52.0765,-240.5983
1148.5000,-52.4120,-240.2217
1149.0000,-52.7295,-239.8340
1149.5000,-53.0256,-239.4393
1150.0000,-53.3116,-239.0206
1150.5000,-53.5688,-238.6046
1151.0000,-53.8150,-238.1606
1151.5000,-54.0324,-237.7182
1152.0000,-54.2294,-237.2590
1152.5000,-54.4013,-236.7895
1153.0000,-54.5434,-236.3208
1153.5000,-54.6653,-235.8273
1154.0000,-54.7625,-235.3440
1154.5000,-54.8446,-234.8462
1155.0000,-54.9126,-234.3472
1155.5000,-54.9694,-233.8493
1156.0000,-55.0179,-233.3477
1156.5000,-55.0601,-232.8428
1157.0000,-55.0962,-232.3538
1157.5000,-55.1314,-231.8371
1158.0000,-55.1634,-231.3539
1158.5000,-55.1993,-230.8391
1159.0000,-55.2384,-230.3554
1159.5000,-55.2877,-229.8570
1160.0000,-55.3460,-229.3565
1160.5000,-55.4095,-228.8652
1161.0000,-55.4823,-228.3743
1161.5000,-55.5728,-227.8849
1162.0000,-55.6871,-227.4071
1162.5000,-55.8305,-226.9288
1163.0000,-55.9998,-226.4538
1163.5000,-56.1854,-225.9967
1164.0000,-56.3967,-225.5290
1164.5000,-56.6199,-225.0820
1165.0000,-56.8634,-224.6435
1165.5000,-57.1274,-224.2353
1166.0000,-57.4422,-223.8304
1166.5000,-57.7690,-223.4771
1167.0000,-58.1421,-223.1314
1167.5000,-58.5342,-222.8162
1168.0000,-58.9404,-222.5298
1168.5000,-59.3762,-222.2603
1169.0000,-59.8174,-222.0221
1169.5000,-60.2726,-221.8103
1170.0000,-60.7394,-221.6275
1170.5000,-61.2259,-221.4740
1171.0000,-61.7114,-221.3595
1171.5000,-62.2046,-221.2847
1172.0000,-62.7107,-221.2538
1172.5000,-63.2016,-221.2701
1173.0000,-63.7000,-221.3329
1173.5000,-64.1880,-221.4341
1174.0000,-64.6712,-221.5622
1174.5000,-65.1485,-221.7164
1175.0000,-65.6121,-221.8994
1175.5000,-66.0666,-222.1173
1176.0000,-66.4967,-222.3656
1176.5000,-66.9121,-222.6513
1177.0000,-67.2986,-222.9656
1177.5000,-67.6624,-223.3122
1178.0000,-67.9965,-223.6830
1178.5000,-68.3044,-224.0786
1179.0000,-68.5838,-224.4926
1179.5000,-68.8368,-224.9234
1180.0000,-69.0645,-225.3677
1180.5000,-69.2678,-225.8205
1181.0000,-69.4513,-226.2853
1181.5000,-69.6056,-226.7276
1182.0000,-69.7430,-227.1989
1182.5000,-69.8619,-227.7025
1183.0000,-69.9502,-228.1471
1183.5000,-70.0370,-228.6474
1184.0000,-70.1224,-229.2022
1184.5000,-70.1875,-229.6652
1185.0000,-70.2508,-230.1470
1185.5000,-70.3132,-230.6511
1186.0000,-70.3747,-231.1731
1186.5000,-70.4327,-231.6856
1187.0000,-70.4873,-232.1837
1187.5000,-70.5409,-232.6848
1188.0000,-70.5934,-233.1846
1188.5000,-70.6447,-233.6790
1189.0000,-70.6987,-234.2005
1189.5000,-70.7529,-234.7232
1190.0000,-70.8055,-235.2237
1190.5000,-70.8564,-235.6976
1191.0000,-70.9118,-236.1935
1191.5000,-70.9767,-236.7414
1192.0000,-71.0390,-237.2206
1192.5000,-71.1057,-237.6713
1193.0000,-71.2020,-238.1963
1193.5000,-71.3078,-238.6316
1194.0000,-71.4482,-239.1099
1194.5000,-71.6056,-239.5786
1195.0000,-71.7841,-240.0436
1195.5000,-71.9879,-240.5004
1196.0000,-72.2166,-240.9368
1196.5000,-72.4853,-241.3732
1197.0000,-72.7683,-241.7679
1197.5000,-73.0967,-242.1646
1198.0000,-73.4317,-242.5185
1198.5000,-73.8038,-242.8652
1199.0000,-74.1891,-243.1829
1199.5000,-74.5941,-243.4792
1200.0000,-75.0168,-243.7531
1200.5000,-75.4470,-243.9972
1201.0000,-75.9052,-244.2109
1201.5000,-76.3530,-244.3707
1202.0000,-76.8345,-244.4948
1202.5000,-77.3600,-244.5831
1203.0000,-77.8290,-244.6270
1203.5000,-78.3255,-244.6425
1204.0000,-78.8460,-244.6279
1204.5000,-79.3488,-244.5860
1205.0000,-79.8373,-244.5202
1205.5000,-80.3327,-244.4282
1206.0000,-80.8306,-244.3097
1206.5000,-81.3147,-244.1680
1207.0000,-81.7883,-244.0024
1207.5000,-82.2525,-243.8116
1208.0000,-82.7041,-243.5957
1208.5000,-83.1457,-243.3520
1209.0000,-83.5709,-243.0820
1209.5000,-83.9755,-242.7879
1210.0000,-84.3584,-242.4709
1210.5000,-84.7220,-242.1297
1211.0000,-85.0653,-241.7673
1211.5000,-85.3895,-241.3864
1212.0000,-85.6984,-240.9891
1212.5000,-85.9890,-240.5893
1213.0000,-86.2749,-240.1806
1213.5000,-86.5606,-239.7652
1214.0000,-86.8429,-239.3483
1214.5000,-87.1291,-238.9176
1215.0000,-87.4068,-238.4905
1215.5000,-87.6716,-238.0723
1216.0000,-87.9223,-237.6643
1216.5000,-88.1890,-237.2133
1217.0000,-88.4359,-236.7754
1217.5000,-88.6639,-236.3486
1218.0000,-88.8864,-235.9050
1218.5000,-89.0985,-235.4513
1219.0000,-89.2957,-234.9971
1219.5000,-89.4791,-234.5443
1220.0000,-89.6536,-234.0862
1220.5000,-89.8261,-233.6112
1221.0000,-89.9922,-233.1386
1221.5000,-90.1482,-232.6867
1222.0000,-90.3107,-232.2139
1222.5000,-90.4814,-231.7188
1223.0000,-90.6431,-231.2554
1223.5000,-90.8053,-230.7972
1224.0000,-90.9758,-230.3244
1224.5000,-91.1544,-229.8391
1225.0000,-91.3344,-229.3607
1225.5000,-91.5127,-228.8972
1226.0000,-91.6959,-228.4320
1226.5000,-91.8831,-227.9675
1227.0000,-92.0748,-227.5005
1227.5000,-92.2596,-227.0570
1228.0000,-92.4479,-226.6105
1228.5000,-92.6430,-226.1537
1229.0000,-92.8455,-225.6854
1229.5000,-93.0564,-225.2048
1230.0000,-93.2530,-224.7641
1230.5000,-93.4533,-224.3227
1231.0000,-93.6616,-223.8728
1231.5000,-93.8783,-223.4153
1232.0000,-94.1037,-222.9511
1232.5000,-94.3349,-222.4885
1233.0000,-94.5591,-222.0530
1233.5000,-94.7916,-221.6155
1234.0000,-95.0326,-221.1772
1234.5000,-95.2822,-220.7396
1235.0000,-95.5407,-220.3040
1235.5000,-95.8082,-219.8721
1236.0000,-96.0826,-219.4484
1236.5000,-96.3659,-219.0312
1237.0000,-96.6584,-218.6220
1237.5000,-96.9598,-218.2221
1238.0000,-97.2703,-217.8330
1238.5000,-97.5898,-217.4559
1239.0000,-97.9319,-217.0774
1239.5000,-98.2870,-216.7110
1240.0000,-98.6516,-216.3618
1240.5000,-99.0254,-216.0309
1241.0000,-99.4081,-215.7191
1241.5000,-99.7994,-215.4271
1242.0000,-100.2200,-215.1416
1242.5000,-100.6519,-214.8770
1243.0000,-101.0917,-214.6351
1243.5000,-101.5389,-214.4155
1244.0000,-101.9928,-214.2171
1244.5000,-102.4556,-214.0376
1245.0000,-102.9304,-213.8743
1245.5000,-103.4094,-213.7275
1246.0000,-103.8913,-213.5945
1246.5000,-104.3752,-213.4719
1247.0000,-104.8619,-213.3607
1247.5000,-105.3448,-213.2661
1248.0000,-105.8322,-213.1893
1248.5000,-106.3263,-213.1325
1249.0000,-106.8279,-213.0978
1249.5000,-107.3373,-213.0867
1250.0000,-107.8423,-213.0999
1250.5000,-108.3231,-213.1345
1251.0000,-108.8100,-213.1911
1251.5000,-109.3026,-213.2698
1252.0000,-109.8001,-213.3706
1252.5000,-110.3018,-213.4931
1253.0000,-110.7975,-213.6341
1253.5000,-111.2604,-213.7831
1254.0000,-111.7244,-213.9488
1254.5000,-112.1889,-214.1305
1255.0000,-112.6528,-214.3274
1255.5000,-113.1153,-214.5387
1256.0000,-113.5754,-214.7635
1256.5000,-114.0252,-214.9970
1257.0000,-114.4652,-215.2386
1257.5000,-114.9005,-215.4902
1258.0000,-115.3302,-215.7509
1258.5000,-115.7535,-216.0196
1259.0000,-116.1696,-216.2955
1259.5000,-116.5778,-216.5775
1260.0000,-116.9938,-216.8766
1260.5000,-117.4064,-217.1854
1261.0000,-117.8081,-217.4979
1261.5000,-118.1984,-217.8132
1262.0000,-118.5770,-218.1303
1262.5000,-118.9433,-218.4484
1263.0000,-119.3078,-218.7762
1263.5000,-119.6916,-219.1343
1264.0000,-120.0599,-219.4912
1264.5000,-120.4134,-219.8464
1265.0000,-120.7527,-220.1995
1265.5000,-121.0789,-220.5506
1266.0000,-121.4073,-220.9154
1266.5000,-121.7389,-221.2952
1267.0000,-122.0616,-221.6746
1267.5000,-122.3787,-222.0554
1268.0000,-122.6942,-222.4396
1268.5000,-123.0124,-222.8308
1269.0000,-123.3365,-223.2327
1269.5000,-123.6551,-223.6316
1270.0000,-123.9661,-224.0247
1270.5000,-124.2675,-224.4097
1271.0000,-124.5646,-224.7933
1271.5000,-124.8885,-225.2169
1272.0000,-125.1963,-225.6253
1272.5000,-125.4882,-226.0185
1273.0000,-125.7651,-226.3975
1273.5000,-126.0616,-226.8102
1274.0000,-126.3534,-227.2235
1274.5000,-126.6340,-227.6272
1275.0000,-126.9080,-228.0262
1275.5000,-127.1810,-228.4266
1276.0000,-127.4576,-228.8332
1276.5000,-127.7433,-229.2516
1277.0000,-128.0281,-229.6652
1277.5000,-128.2926,-230.0448
1278.0000,-128.5730,-230.4422
1278.5000,-128.8720,-230.8594
1279.0000,-129.1916,-231.2982
1279.5000,-129.4711,-231.6762
1280.0000,-129.7532,-232.0523
1280.5000,-130.0501,-232.4426
1281.0000,-130.3620,-232.8468
1281.5000,-130.6886,-233.2640
1282.0000,-131.0213,-233.6827
1282.5000,-131.3212,-234.0550
1283.0000,-131.6304,-234.4338
1283.5000,-131.9481,-234.8176
1284.0000,-132.2735,-235.2051
1284.5000,-132.6053,-235.5942
1285.0000,-132.9422,-235.9828
1285.5000,-133.2685,-236.3526
1286.0000,-133.5845,-236.7022
1286.5000,-133.9100,-237.0518
1287.0000,-134.2479,-237.4024
1287.5000,-134.6009,-237.7549
1288.0000,-134.9711,-238.1100
1288.5000,-135.3605,-238.4682
1289.0000,-135.7613,-238.8218
1289.5000,-136.1028,-239.1121
1290.0000,-136.4587,-239.4047
1290.5000,-136.8293,-239.6995
1291.0000,-137.2148,-239.9966
1291.5000,-137.6155,-240.2958
1292.0000,-138.0313,-240.5969
1292.5000,-138.4622,-240.8996
1293.0000,-138.9080,-241.2037
1293.5000,-139.3685,-241.5090
1294.0000,-139.7696,-241.7680
1294.5000,-140.1681,-242.0194
1295.0000,-140.5759,-242.2708
1295.5000,-140.9925,-242.5221
1296.0000,-141.4178,-242.7729
1296.5000,-141.8514,-243.0230
1297.0000,-142.2928,-243.2722
1297.5000,-142.7418,-243.5202
1298.0000,-143.1980,-243.7666
1298.5000,-143.6608,-244.0112
1299.0000,-144.1298,-244.2537
1299.5000,-144.5833,-244.4831
1300.0000,-145.0262,-244.7024
1300.5000,-145.4732,-244.9192
1301.0000,-145.9240,-245.1332
1301.5000,-146.3781,-245.3441
1302.0000,-146.8352,-245.5518
1302.5000,-147.2948,-245.7559
1303.0000,-147.7565,-245.9562
1303.5000,-148.2200,-246.1526
1304.0000,-148.6847,-246.3446
1304.5000,-149.1504,-246.5322
1305.0000,-149.6165,-246.7151
1305.5000,-150.0910,-246.8962
1306.0000,-150.5790,-247.0771
1306.5000,-151.0663,-247.2521
1307.0000,-151.5522,-247.4209
1307.5000,-152.0365,-247.5834
1308.0000,-152.5186,-247.7394
1308.5000,-152.9981,-247.8886
1309.0000,-153.4747,-248.0309
1309.5000,-153.9479,-248.1661
1310.0000,-154.4175,-248.2941
1310.5000,-154.8830,-248.4146
1311.0000,-155.3441,-248.5277
1311.5000,-155.8537,-248.6449
1312.0000,-156.3776,-248.7568
1312.5000,-156.8944,-248.8581
1313.0000,-157.4038,-248.9488
1313.5000,-157.9055,-249.0289
1314.0000,-158.3993,-249.0984
1314.5000,-158.8851,-249.1574
1315.0000,-159.3627,-249.2060
1315.5000,-159.8321,-249.2442
1316.0000,-160.2935,-249.2724
1316.5000,-160.8042,-249.2925
1317.0000,-161.3295,-249.3006
1317.5000,-161.8444,-249.2960
1318.0000,-162.3498,-249.2796
1318.5000,-162.8463,-249.2521
1319.0000,-163.3352,-249.2145
1319.5000,-163.8176,-249.1680
1320.0000,-164.2949,-249.1137
1320.5000,-164.7732,-249.0524
1321.0000,-165.2651,-248.9839
1321.5000,-165.7564,-248.9099
1322.0000,-166.2474,-248.8290
1322.5000,-166.7381,-248.7401
1323.0000,-167.2287,-248.6421
1323.5000,-167.7193,-248.5339
1324.0000,-168.2098,-248.4147
1324.5000,-168.6982,-248.2844
1325.0000,-169.1665,-248.1480
1325.5000,-169.6346,-248.0000
1326.0000,-170.1023,-247.8401
1326.5000,-170.5696,-247.6681
1327.0000,-171.0363,-247.4839
1327.5000,-171.5021,-247.2872
1328.0000,-171.9668,-247.0783
1328.5000,-172.4302,-246.8572
1329.0000,-172.8767,-246.6319
1329.5000,-173.3103,-246.4017
1330.0000,-173.7419,-246.1612
1330.5000,-174.1715,-245.9107
1331.0000,-174.5987,-245.6505
1331.5000,-175.0233,-245.3810
1332.0000,-175.4449,-245.1025
1332.5000,-175.8634,-244.8155
1333.0000,-176.2784,-244.5204
1333.5000,-176.6853,-244.2209
1334.0000,-177.0848,-243.9173
1334.5000,-177.4801,-243.6073
1335.0000,-177.8709,-243.2916
1335.5000,-178.2571,-242.9705
1336.0000,-178.6384,-242.6447
1336.5000,-179.0144,-242.3146
1337.0000,-179.3851,-241.9809
1337.5000,-179.7500,-241.6440
1338.0000,-180.1153,-241.2985
1338.5000,-180.4871,-240.9384
1339.0000,-180.8519,-240.5766
1339.5000,-181.2094,-240.2138
1340.0000,-181.5595,-239.8505
1340.5000,-181.9019,-239.4873
1341.0000,-182.2366,-239.1248
1341.5000,-182.5633,-238.7636
1342.0000,-182.8821,-238.4039
1342.5000,-183.2167,-238.0185
1343.0000,-183.5587,-237.6160
1343.5000,-183.8902,-237.2175
1344.0000,-184.2111,-236.8233
1344.5000,-184.5215,-236.4339
1345.0000,-184.8217,-236.0495
1345.5000,-185.1116,-235.6704
1346.0000,-185.3918,-235.2966
1346.5000,-185.7013,-234.8746
1347.0000,-186.0040,-234.4522
1347.5000,-186.2952,-234.0365
1348.0000,-186.5758,-233.6266
1348.5000,-186.8469,-233.2217
1349.0000,-187.1098,-232.8205
1349.5000,-187.3709,-232.4134
1350.0000,-187.6396,-231.9858
1350.5000,-187.9041,-231.5567
1351.0000,-188.1647,-231.1269
1351.5000,-188.4214,-230.6983
1352.0000,-188.6741,-230.2722
1352.5000,-188.9252,-229.8460
1353.0000,-189.1884,-229.3975
1353.5000,-189.4473,-228.9560
1354.0000,-189.7020,-228.5224
1354.5000,-189.9528,-228.0976
1355.0000,-190.2000,-227.6820
1355.5000,-190.4559,-227.2564
1356.0000,-190.7262,-226.8130
1356.5000,-190.9936,-226.3823
1357.0000,-191.2587,-225.9638
1357.5000,-191.5221,-225.5574
1358.0000,-191.7928,-225.1503
1358.5000,-192.0822,-224.7277
1359.0000,-192.3723,-224.3171
1359.5000,-192.6642,-223.9173
1360.0000,-192.9589,-223.5270
1360.5000,-193.2643,-223.1358
1361.0000,-193.5778,-222.7475
1361.5000,-193.8972,-222.3645
1362.0000,-194.2232,-221.9855
1362.5000,-194.5541,-221.6115
1363.0000,-194.8839,-221.2484
1363.5000,-195.2215,-220.8853
1364.0000,-195.5672,-220.5212
1364.5000,-195.9213,-220.1557
1365.0000,-196.2713,-219.8006
1365.5000,-196.6202,-219.4523
1366.0000,-196.9760,-219.1026
1366.5000,-197.3381,-218.7519
1367.0000,-197.7058,-218.4013
1367.5000,-198.0732,-218.0566
1368.0000,-198.4419,-217.7168
1368.5000,-198.8132,-217.3813
1369.0000,-199.1868,-217.0499
1369.5000,-199.5628,-216.7222
1370.0000,-199.9414,-216.3977
1370.5000,-200.3228,-216.0763
1371.0000,-200.7073,-215.7577
1371.5000,-201.0952,-215.4417
1372.0000,-201.4871,-215.1283
1372.5000,-201.8781,-214.8218
1373.0000,-202.2714,-214.5196
1373.5000,-202.6700,-214.2201
1374.0000,-203.0745,-213.9234
1374.5000,-203.4854,-213.6296
1375.0000,-203.8934,-213.3459
1375.5000,-204.3018,-213.0699
1376.0000,-204.7177,-212.7974
1376.5000,-205.1414,-212.5285
1377.0000,-205.5735,-212.2636
1377.5000,-206.0072,-212.0071
1378.0000,-206.4322,-211.7648
1378.5000,-206.8655,-211.5267
1379.0000,-207.3075,-211.2932
1379.5000,-207.7582,-211.0644
1380.0000,-208.2179,-210.8405
1380.5000,-208.6668,-210.6308
1381.0000,-209.1148,-210.4301
1381.5000,-209.5705,-210.2342
1382.0000,-210.0340,-210.0432
1382.5000,-210.5051,-209.8574
1383.0000,-210.9835,-209.6767
1383.5000,-211.4512,-209.5074
1384.0000,-211.9177,-209.3455
1384.5000,-212.3898,-209.1884
1385.0000,-212.8670,-209.0359
1385.5000,-213.3488,-208.8880
1386.0000,-213.8346,-208.7447
1386.5000,-214.3185,-208.6073
1387.0000,-214.7975,-208.4761
1387.5000,-215.2781,-208.3488
1388.0000,-215.7597,-208.2252
1388.5000,-216.2430,-208.1055
1389.0000,-216.7319,-207.9903
1389.5000,-217.2301,-207.8804
1390.0000,-217.6852,-207.7872
1390.5000,-218.1486,-207.6997
1391.0000,-218.6248,-207.6176
1391.5000,-219.1148,-207.5412
1392.0000,-219.6194,-207.4707
1392.5000,-220.1391,-207.4063
1393.0000,-220.6739,-207.3483
1393.5000,-221.1642,-207.3021
1394.0000,-221.6345,-207.2635
1394.5000,-222.1149,-207.2295
1395.0000,-222.6052,-207.2003
1395.5000,-223.1046,-207.1758
1396.0000,-223.6128,-207.1560
1396.5000,-224.1291,-207.1410
1397.0000,-224.6526,-207.1307
1397.5000,-225.1827,-207.1250
1398.0000,-225.6762,-207.1239
1398.5000,-226.1712,-207.1266
1399.0000,-226.6695,-207.1332
1399.5000,-227.1703,-207.1435
1400.0000,-227.6728,-207.1575
1400.5000,-228.1762,-207.1751
1401.0000,-228.6796,-207.1963
1401.5000,-229.1822,-207.2209
1402.0000,-229.6831,-207.2490
1402.5000,-230.1938,-207.2812
1403.0000,-230.7167,-207.3179
1403.5000,-231.2346,-207.3581
1404.0000,-231.7466,-207.4017
1404.5000,-232.2517,-207.4486
1405.0000,-232.7489,-207.4987
1405.5000,-233.2373,-207.5518
1406.0000,-233.7159,-207.6078
1406.5000,-234.1839,-207.6666
1407.0000,-234.6907,-207.7352
1407.5000,-235.2417,-207.8159
1408.0000,-235.7720,-207.9005
1408.5000,-236.2806,-207.9886
1409.0000,-236.7663,-208.0801
1409.5000,-237.2283,-208.1748
1410.0000,-237.6660,-208.2725
1410.5000,-238.1260,-208.3850
1411.0000,-238.6859,-208.5387
1411.5000,-239.1920,-208.6978
1412.0000,-239.6463,-208.8620
1412.5000,-240.0522,-209.0309
1413.0000,-240.4695,-209.2329
1413.5000,-240.9205,-209.4910
1414.0000,-241.3275,-209.7595
1414.5000,-241.7128,-210.0377
1415.0000,-242.1234,-210.3588
1415.5000,-242.5070,-210.6824
1416.0000,-242.8609,-211.0031
1416.5000,-243.2369,-211.3699
1417.0000,-243.5761,-211.7281
1417.5000,-243.9004,-212.1000
1418.0000,-244.2149,-212.4948
1418.5000,-244.4999,-212.8891
1419.0000,-244.7747,-213.3095
1419.5000,-245.0258,-213.7333
1420.0000,-245.2624,-214.1704
1420.5000,-245.4853,-214.6177
1421.0000,-245.6925,-215.0683
1421.5000,-245.8890,-215.5357
1422.0000,-246.0635,-216.0024
1422.5000,-246.2152,-216.4829
1423.0000,-246.3351,-216.9588
1423.5000,-246.4311,-217.4554
1424.0000,-246.5009,-217.9440
1424.5000,-246.5505,-218.4415
1425.0000,-246.5820,-218.9491
1425.5000,-246.5964,-219.4431
1426.0000,-246.5963,-219.9475
1426.5000,-246.5824,-220.4510
1427.0000,-246.5557,-220.9507
1427.5000,-246.5165,-221.4501
1428.0000,-246.4644,-221.9521
1428.5000,-246.4004,-222.4493
1429.0000,-246.3250,-222.9381
1429.5000,-246.2350,-223.4380
1430.0000,-246.1347,-223.9253
1430.5000,-246.0236,-224.4093
1431.0000,-245.9021,-224.8946
1431.5000,-245.7749,-225.3757
1432.0000,-245.6416,-225.8648
1432.5000,-245.5066,-226.3450
1433.0000,-245.3663,-226.8276
1433.5000,-245.2213,-227.3087
1434.0000,-245.0744,-227.7780
1434.5000,-244.9193,-228.2561
1435.0000,-244.7627,-228.7246
1435.5000,-244.6029,-229.1931
1436.0000,-244.4386,-229.6713
1436.5000,-244.2817,-230.1300
1437.0000,-244.1194,-230.6113
1437.5000,-243.9649,-231.0790
1438.0000,-243.8121,-231.5535
1438.5000,-243.6586,-232.0444
1439.0000,-243.5153,-232.5169
1439.5000,-243.3736,-233.0004
1440.0000,-243.2371,-233.4838
1440.5000,-243.1098,-233.9613
1441.0000,-242.9927,-234.4493
1441.5000,-242.8920,-234.9357
1442.0000,-242.8089,-235.4193
1442.5000,-242.7404,-235.9216
1443.0000,-242.6893,-236.4265
1443.5000,-242.6560,-236.9187
1444.0000,-242.6382,-237.4213
1444.5000,-242.6367,-237.9309
1445.0000,-242.6515,-238.4336
1445.5000,-242.6828,-238.9352
1446.0000,-242.7308,-239.4314
1446.5000,-242.7984,-239.9350
1447.0000,-242.8867,-240.4375
1447.5000,-242.9940,-240.9202
1448.0000,-243.1259,-241.3986
1448.5000,-243.2925,-241.8878
1449.0000,-243.4818,-242.3397
1449.5000,-243.7075,-242.7806
1450.0000,-243.9741,-243.2083
1450.5000,-244.2644,-243.5996
1451.0000,-244.5853,-243.9795
1451.5000,-244.9303,-244.3429
1452.0000,-245.2951,-244.6808
1452.5000,-245.6827,-244.9942
1453.0000,-246.0975,-245.2853
1453.5000,-246.5177,-245.5412
1454.0000,-246.9628,-245.7762
1454.5000,-247.4196,-245.9846
1455.0000,-247.8811,-246.1663
1455.5000,-248.3600,-246.3282
1456.0000,-248.8400,-246.4666
1456.5000,-249.3239,-246.5846
1457.0000,-249.8185,-246.6852
1457.5000,-250.3108,-246.7674
1458.0000,-250.8052,-246.8336
1458.5000,-251.3057,-246.8857
1459.0000,-251.8030,-246.9240
1459.5000,-252.3004,-246.9506
1460.0000,-252.8027,-246.9671
1460.5000,-253.3005,-246.9749
1461.0000,-253.7958,-246.9759
1461.5000,-254.2985,-246.9717
1462.0000,-254.8015,-246.9634
1462.5000,-255.2935,-246.9525
1463.0000,-255.7942,-246.9391
1463.5000,-256.3033,-246.9237
1464.0000,-256.7979,-246.9075
1464.5000,-257.2958,-246.8901
1465.0000,-257.7989,-246.8715
1465.5000,-258.3029,-246.8520
1466.0000,-258.8016,-246.8316
1466.5000,-259.3018,-246.8102
1467.0000,-259.8021,-246.7874
1467.5000,-260.3047,-246.7631
1468.0000,-260.8071,-246.7371
1468.5000,-261.3057,-246.7093
1469.0000,-261.7996,-246.6796
1469.5000,-262.3071,-246.6463
1470.0000,-262.8081,-246.6103
1470.5000,-263.3013,-246.5716
1471.0000,-263.7990,-246.5287
1471.5000,-264.3017,-246.4812
1472.0000,-264.7963,-246.4301
1472.5000,-265.2863,-246.3751
1473.0000,-265.7834,-246.3150
1473.5000,-266.2779,-246.2508
1474.0000,-266.7729,-246.1800
1474.5000,-267.2599,-246.1015
1475.0000,-267.7504,-246.0120
1475.5000,-268.2453,-245.9103
1476.0000,-268.7319,-245.7990
1476.5000,-269.2151,-245.6777
1477.0000,-269.7000,-245.5458
1477.5000,-270.1843,-245.4045
1478.0000,-270.6648,-245.2558
1478.5000,-271.1414,-245.1008
1479.0000,-271.6117,-244.9414
1479.5000,-272.0940,-244.7723
1480.0000,-272.5695,-244.6011
1480.5000,-273.0307,-244.4319
1481.0000,-273.5061,-244.2555
1481.5000,-273.9845,-244.0773
1482.0000,-274.4390,-243.9090
1482.5000,-274.9170,-243.7349
1483.0000,-275.3895,-243.5674
1483.5000,-275.8458,-243.4114
1484.0000,-276.3246,-243.2533
1484.5000,-276.7930,-243.1018
1485.0000,-277.2791,-242.9479
1485.5000,-277.7486,-242.8036
1486.0000,-278.2373,-242.6592
1486.5000,-278.7095,-242.5268
1487.0000,-279.1991,-242.3985
1487.5000,-279.6803,-242.2825
1488.0000,-280.1683,-242.1762
1488.5000,-280.6562,-242.0815
1489.0000,-281.1504,-241.9975
1489.5000,-281.6417,-241.9256
1490.0000,-282.1400,-241.8650
1490.5000,-282.6373,-241.8186
1491.0000,-283.1182,-241.7902
1491.5000,-283.6217,-241.7794
1492.0000,-284.1125,-241.7841
1492.5000,-284.6080,-241.8005
1493.0000,-285.1321,-241.8277
1493.5000,-285.6127,-241.8600
1494.0000,-286.1170,-241.9005
1494.5000,-286.6307,-241.9480
1495.0000,-287.1236,-241.9993
1495.5000,-287.6227,-242.0567
1496.0000,-288.1234,-242.1201
1496.5000,-288.6269,-242.1898
1497.0000,-289.1232,-242.2647
1497.5000,-289.6086,-242.3443
1498.0000,-290.1127,-242.4339
1498.5000,-290.6053,-242.5286
1499.0000,-291.0812,-242.6267
1499.5000,-291.5729,-242.7340
1500.0000,-292.0578,-242.8437
1500.5000,-292.5479,-242.9554
1501.0000,-293.0510,-243.0704
1501.5000,-293.5298,-243.1814
1502.0000,-294.0232,-243.2987
1502.5000,-294.5067,-243.4172
1503.0000,-294.9733,-243.5343
1503.5000,-295.4524,-243.6545
1504.0000,-295.9246,-243.7695
1504.5000,-296.3860,-243.8762
1505.0000,-296.9128,-243.9906
1505.5000,-297.3533,-244.0810
1506.0000,-297.8235,-244.1731
1506.5000,-298.3463,-244.2710
1507.0000,-298.8625,-244.3640
1507.5000,-299.3113,-244.4422
1508.0000,-299.7895,-244.5232
1508.5000,-300.2960,-244.6068
1509.0000,-300.8296,-244.6924
1509.5000,-301.3388,-244.7720
1510.0000,-301.8155,-244.8447
1510.5000,-302.3049,-244.9176
1511.0000,-302.8045,-244.9901
1511.5000,-303.3111,-245.0617
1512.0000,-303.8213,-245.1317
1512.5000,-304.3318,-245.1991
1513.0000,-304.8401,-245.2604
1513.5000,-305.3446,-245.3110
1514.0000,-305.8442,-245.3472
1514.5000,-306.3376,-245.3658
1515.0000,-306.8236,-245.3641
1515.5000,-307.3334,-245.3375
1516.0000,-307.8439,-245.2819
1516.5000,-308.3415,-245.1961
1517.0000,-308.8249,-245.0794
1517.5000,-309.2930,-244.9315
1518.0000,-309.7531,-244.7491
1518.5000,-310.2098,-244.5276
1519.0000,-310.6456,-244.2742
1519.5000,-311.0594,-243.9909
1520.0000,-311.4501,-243.6801
1520.5000,-311.8196,-243.3417
1521.0000,-312.1715,-242.9728
1521.5000,-312.4963,-242.5842
1522.0000,-312.7934,-242.1798
1522.5000,-313.0624,-241.7634
1523.0000,-313.3098,-241.3260
1523.5000,-313.5402,-240.8549
1524.0000,-313.7361,-240.3837
1524.5000,-313.8980,-239.9173
1525.0000,-314.0263,-239.4597
1525.5000,-314.1353,-238.9398
1526.0000,-314.2028,-238.4254
1526.5000,-314.2271,-237.9390
1527.0000,-314.2108,-237.4725
1527.5000,-314.1424,-236.9523
1528.0000,-314.0294,-236.4708
1528.5000,-313.8829,-236.0152
1529.0000,-313.7142,-235.5671
1529.5000,-313.5188,-235.1097
1530.0000,-313.2903,-234.6382
1530.5000,-313.0726,-234.2315
1531.0000,-312.8277,-233.8060
1531.5000,-312.5567,-233.3606
1532.0000,-312.2791,-232.9218
1532.5000,-312.0178,-232.5185
1533.0000,-311.7450,-232.1031
1533.5000,-311.4641,-231.6769
1534.0000,-311.1784,-231.2416
1534.5000,-310.9048,-230.8196
1535.0000,-310.6350,-230.3946
1535.5000,-310.3709,-229.9668
1536.0000,-310.1161,-229.5379
1536.5000,-309.8686,-229.1002
1537.0000,-309.6227,-228.6363
1537.5000,-309.3997,-228.1783
1538.0000,-309.2032,-227.7285
1538.5000,-309.0363,-227.2889
1539.0000,-308.8775,-226.7727
1539.5000,-308.7689,-226.2747
1540.0000,-308.7130,-225.7990
1540.5000,-308.7116,-225.3087
1541.0000,-308.7763,-224.8040
1541.5000,-308.9012,-224.3274
1542.0000,-309.0740,-223.8663
1542.5000,-309.2785,-223.4126
1543.0000,-309.5222,-222.9734
1543.5000,-309.8035,-222.5776
1544.0000,-310.1299,-222.2154
1544.5000,-310.5143,-221.8724
1545.0000,-310.9219,-221.5716
1545.5000,-311.3273,-221.3147
1546.0000,-311.7661,-221.0695
1546.5000,-312.2332,-220.8347
1547.0000,-312.6937,-220.6216
1547.5000,-313.1498,-220.4229
1548.0000,-313.6140,-220.2288
1548.5000,-314.0807,-220.0378
1549.0000,-314.5538,-219.8445
1549.5000,-315.0325,-219.6453
1550.0000,-315.4956,-219.4446
1550.5000,-315.9376,-219.2408
1551.0000,-316.3857,-219.0155
1551.5000,-316.8471,-218.7536
1552.0000,-317.2575,-218.4814
1552.5000,-317.6202,-218.1924
1553.0000,-317.9918,-217.8185
1553.5000,-318.2872,-217.4275
1554.0000,-318.5324,-217.0101
1554.5000,-318.7572,-216.5689
1555.0000,-318.9584,-216.1046
1555.5000,-319.0945,-215.6625
1556.0000,-319.1853,-215.1684
1556.5000,-319.2249,-214.6381
1557.0000,-319.2219,-214.1741
1557.5000,-319.1891,-213.6786
1558.0000,-319.1286,-213.1553
1558.5000,-319.0499,-212.6464
1559.0000,-318.9610,-212.1626
1559.5000,-318.8595,-211.6704
1560.0000,-318.7484,-211.1744
1560.5000,-318.6304,-210.6758
1561.0000,-318.5067,-210.1710
1561.5000,-318.3838,-209.6775
1562.0000,-318.2654,-209.2000
1562.5000,-318.1522,-208.7314
1563.0000,-318.0297,-208.1927
1563.5000,-317.9302,-207.6988
1564.0000,-317.8575,-207.2536
1564.5000,-317.8048,-206.7136
1565.0000,-317.8107,-206.2377
1565.5000,-317.8822,-205.7700
1566.0000,-317.9964,-205.2869
1566.5000,-318.1384,-204.8100
1567.0000,-318.3263,-204.3457
1567.5000,-318.5610,-203.9115
1568.0000,-318.8443,-203.4980
1568.5000,-319.1550,-203.1172
1569.0000,-319.5000,-202.7416
1569.5000,-319.8405,-202.3965
1570.0000,-320.2099,-202.0353
1570.5000,-320.5596,-201.6962
1571.0000,-320.9157,-201.3475
1571.5000,-321.2829,-200.9790
1572.0000,-321.6183,-200.6311
1572.5000,-321.9583,-200.2644
1573.0000,-322.3005,-199.8790
1573.5000,-322.6183,-199.5042
1574.0000,-322.9311,-199.1182
1574.5000,-323.2386,-198.7172
1575.0000,-323.4988,-198.3243
1575.5000,-323.7059,-197.9295
1576.0000,-323.8845,-197.4758
1576.5000,-324.0295,-196.9534
1577.0000,-324.1305,-196.4039
1577.5000,-324.1806,-195.9879
1578.0000,-324.2148,-195.5399
1578.5000,-324.2328,-195.0599
1579.0000,-324.2350,-194.5485
1579.5000,-324.2214,-194.0064
1580.0000,-324.1927,-193.4348
1580.5000,-324.1552,-192.9077
1581.0000,-324.1158,-192.4535
1581.5000,-324.0691,-191.9858
1582.0000,-324.0157,-191.5055
1582.5000,-323.9558,-191.0134
1583.0000,-323.8899,-190.5104
1583.5000,-323.8183,-189.9976
1584.0000,-323.7417,-189.4760
1584.5000,-323.6604,-188.9466
1585.0000,-323.5768,-188.4226
1585.5000,-323.4970,-187.9366
1586.0000,-323.4146,-187.4470
1586.5000,-323.3299,-186.9545
1587.0000,-323.2434,-186.4600
1587.5000,-323.1555,-185.9643
1588.0000,-323.0664,-185.4682
1588.5000,-322.9766,-184.9726
1589.0000,-322.8865,-184.4782
1589.5000,-322.7964,-183.9859
1590.0000,-322.7066,-183.4964
1590.5000,-322.6112,-182.9756
1591.0000,-322.5167,-182.4577
1591.5000,-322.4238,-181.9457
1592.0000,-322.3330,-181.4405
1592.5000,-322.2445,-180.9428
1593.0000,-322.1589,-180.4533
1593.5000,-322.0762,-179.9727
1594.0000,-321.9970,-179.5015
1594.5000,-321.9213,-179.0404
1595.0000,-321.8425,-178.5454
1595.5000,-321.7588,-177.9987
1596.0000,-321.6817,-177.4694
1596.5000,-321.6112,-176.9578
1597.0000,-321.5476,-176.4639
1597.5000,-321.4905,-175.9874
1598.0000,-321.4400,-175.5279
1598.5000,-321.3957,-175.0846
1599.0000,-321.3500,-174.5723
1599.5000,-321.3096,-174.0536
1600.0000,-321.2755,-173.5523
1600.5000,-321.2457,-173.0636
1601.0000,-321.2176,-172.5820
1601.5000,-321.1891,-172.1017
1602.0000,-321.1594,-171.6044
1602.5000,-321.1306,-171.1012
1603.0000,-321.1042,-170.5997
1603.5000,-321.0810,-170.1004
1604.0000,-321.0619,-169.6038
1604.5000,-321.0474,-169.1103
1605.0000,-321.0377,-168.5997
1605.5000,-321.0337,-168.0928
1606.0000,-321.0358,-167.5908
1606.5000,-321.0438,-167.0941
1607.0000,-321.0578,-166.6032
1607.5000,-321.0781,-166.1027
1608.0000,-321.1052,-165.5908
1608.5000,-321.1377,-165.0867
1609.0000,-321.1751,-164.5908
1609.5000,-321.2165,-164.1033
1610.0000,-321.2625,-163.6101
1610.5000,-321.3141,-163.0959
1611.0000,-321.3672,-162.5927
1611.5000,-321.4205,-162.1006
1612.0000,-321.4727,-161.6198
1612.5000,-321.5261,-161.1155
1613.0000,-321.5772,-160.6044
1613.5000,-321.6221,-160.1070
1614.0000,-321.6593,-159.6231
1614.5000,-321.6891,-159.1274
1615.0000,-321.7088,-158.6145
1615.5000,-321.7154,-158.1162
1616.0000,-321.7086,-157.6313
1616.5000,-321.6873,-157.1293
1617.0000,-321.6519,-156.6269
1617.5000,-321.6055,-156.1340
1618.0000,-321.5523,-155.6504
1618.5000,-321.4914,-155.1724
1619.0000,-321.4162,-154.6819
1619.5000,-321.3223,-154.1707
1620.0000,-321.2229,-153.7042
1620.5000,-321.1117,-153.2380
1621.0000,-320.9843,-152.7505
1621.5000,-320.8408,-152.2418
1622.0000,-320.6964,-151.7595
1622.5000,-320.5527,-151.3004
1623.0000,-320.3996,-150.8289
1623.5000,-320.2384,-150.3464
1624.0000,-320.0700,-149.8546
1624.5000,-319.9027,-149.3748
1625.0000,-319.7369,-148.9061
1625.5000,-319.5684,-148.4344
1626.0000,-319.3983,-147.9613
1626.5000,-319.2277,-147.4885
1627.0000,-319.0566,-147.0148
1627.5000,-318.8817,-146.5288
1628.0000,-318.7100,-146.0488
1628.5000,-318.5426,-145.5763
1629.0000,-318.3806,-145.1129
1629.5000,-318.2249,-144.6601
1630.0000,-318.0551,-144.1545
1630.5000,-317.8953,-143.6645
1631.0000,-317.7466,-143.1918
1631.5000,-317.6091,-142.7365
1632.0000,-317.4721,-142.2596
1632.5000,-317.3373,-141.7621
1633.0000,-317.2152,-141.2823
1633.5000,-317.1028,-140.8146
1634.0000,-316.9944,-140.3449
1634.5000,-316.8892,-139.8673
1635.0000,-316.7892,-139.3763
1635.5000,-316.6956,-138.8654
1636.0000,-316.6201,-138.4019
1636.5000,-316.5506,-137.9208
1637.0000,-316.4869,-137.4188
1637.5000,-316.4290,-136.8958
1638.0000,-316.3811,-136.4020
1638.5000,-316.3397,-135.9191
1639.0000,-316.3020,-135.4231
1639.5000,-316.2676,-134.9154
1640.0000,-316.2362,-134.3977
1640.5000,-316.2086,-133.8950
1641.0000,-316.1835,-133.3982
1641.5000,-316.1600,-132.8978
1642.0000,-316.1375,-132.3956
1642.5000,-316.1157,-131.8934
1643.0000,-316.0940,-131.3878
1643.5000,-316.0718,-130.8751
1644.0000,-316.0490,-130.3683
1644.5000,-316.0253,-129.8690
1645.0000,-316.0002,-129.3790
1645.5000,-315.9729,-128.8902
1646.0000,-315.9402,-128.3630
1646.5000,-315.9044,-127.8526
1647.0000,-315.8654,-127.3602
1647.5000,-315.8228,-126.8861
1648.0000,-315.7716,-126.3845
1648.5000,-315.7120,-125.8723
1649.0000,-315.6476,-125.3814
1649.5000,-315.5789,-124.9076
1650.0000,-315.5036,-124.4255
1650.5000,-315.4235,-123.9385
1651.0000,-315.3366,-123.4471
1651.5000,-315.2398,-122.9467
1652.0000,-315.1418,-122.4828
1652.5000,-315.0325,-122.0045
1653.0000,-314.9111,-121.5108
1653.5000,-314.7777,-121.0013
1654.0000,-314.6498,-120.5375
1654.5000,-314.5140,-120.0654
1655.0000,-314.3704,-119.5834
1655.5000,-314.2197,-119.0930
1656.0000,-314.0660,-118.6051
1656.5000,-313.9138,-118.1313
1657.0000,-313.7583,-117.6551
1657.5000,-313.6006,-117.1782
1658.0000,-313.4420,-116.7025
1658.5000,-313.2806,-116.2215
1659.0000,-313.1168,-115.7342
1659.5000,-312.9558,-115.2545
1660.0000,-312.7987,-114.7843
1660.5000,-312.6467,-114.3255
1661.0000,-312.4851,-113.8312
1661.5000,-312.3267,-113.3369
1662.0000,-312.1787,-112.8630
1662.5000,-312.0420,-112.4102
1663.0000,-311.8998,-111.9190
1663.5000,-311.7642,-111.4231
1664.0000,-311.6441,-110.9538
1664.5000,-311.5332,-110.4891
1665.0000,-311.4235,-110.0004
1665.5000,-311.3198,-109.5144
1666.0000,-311.2220,-109.0286
1666.5000,-311.1303,-108.5440
1667.0000,-311.0428,-108.0493
1667.5000,-310.9601,-107.5508
1668.0000,-310.8840,-107.0628
1668.5000,-310.8110,-106.5665
1669.0000,-310.7408,-106.0639
1669.5000,-310.6748,-105.5681
1670.0000,-310.6112,-105.0710
1670.5000,-310.5498,-104.5752
1671.0000,-310.4889,-104.0712
1671.5000,-310.4294,-103.5699
1672.0000,-310.3715,-103.0793
1672.5000,-310.3119,-102.5781
1673.0000,-310.2506,-102.0729
1673.5000,-310.1893,-101.5879
1674.0000,-310.1224,-101.0889
1674.5000,-310.0500,-100.5914
1675.0000,-309.9732,-100.1134
1675.5000,-309.8850,-99.6217
1676.0000,-309.7869,-99.1320
1676.5000,-309.6805,-98.6461
1677.0000,-309.5664,-98.1608
1677.5000,-309.4442,-97.6718
1678.0000,-309.3190,-97.1959
1678.5000,-309.1858,-96.7113
1679.0000,-309.0487,-96.2315
1679.5000,-308.9087,-95.7584
1680.0000,-308.7606,-95.2727
1680.5000,-308.6127,-94.8010
1681.0000,-308.4618,-94.3307
1681.5000,-308.3032,-93.8465
1682.0000,-308.1460,-93.3751
1682.5000,-307.9885,-92.9097
1683.0000,-307.8246,-92.4313
1683.5000,-307.6578,-91.9491
1684.0000,-307.4977,-91.4892
1684.5000,-307.3329,-91.0186
1685.0000,-307.1641,-90.5373
1685.5000,-306.9982,-90.0640
1686.0000,-306.8356,-89.5990
1686.5000,-306.6713,-89.1264
1687.0000,-306.5058,-88.6463
1687.5000,-306.3455,-88.1753
1688.0000,-306.1900,-87.7108
1688.5000,-306.0342,-87.2372
1689.0000,-305.8782,-86.7535
1689.5000,-305.7254,-86.2702
1690.0000,-305.5817,-85.8066
1690.5000,-305.4377,-85.3333
1691.0000,-305.2935,-84.8502
1691.5000,-305.1489,-84.3573
1692.0000,-305.0113,-83.8806
1692.5000,-304.8776,-83.4107
1693.0000,-304.7432,-82.9325
1693.5000,-304.6081,-82.4459
1694.0000,-304.4721,-81.9512
1694.5000,-304.3409,-81.4698
1695.0000,-304.2130,-80.9974
1695.5000,-304.0841,-80.5185
1696.0000,-303.9542,-80.0332
1696.5000,-303.8230,-79.5417
1697.0000,-303.6915,-79.0477
1697.5000,-303.5658,-78.5748
1698.0000,-303.4390,-78.0971
1698.5000,-303.3109,-77.6148
1699.0000,-303.1817,-77.1281
1699.5000,-303.0513,-76.6375
1700.0000,-302.9215,-76.1494
1700.5000,-302.7944,-75.6724
1701.0000,-302.6664,-75.1923
1701.5000,-302.5375,-74.7094
1702.0000,-302.4078,-74.2240
1702.5000,-302.2775,-73.7363
1703.0000,-302.1474,-73.2494
1703.5000,-302.0192,-72.7694
1704.0000,-301.8907,-72.2879
1704.5000,-301.7623,-71.8052
1705.0000,-301.6340,-71.3213
1705.5000,-301.5060,-70.8364
1706.0000,-301.3786,-70.3501
1706.5000,-301.2602,-69.8948
1707.0000,-301.1409,-69.4315
1707.5000,-301.0203,-68.9583
1708.0000,-300.8982,-68.4737
1708.5000,-300.7744,-67.9765
1709.0000,-300.6487,-67.4657
1709.5000,-300.5273,-66.9657
1710.0000,-300.4179,-66.5100
1710.5000,-300.3072,-66.0439
1711.0000,-300.1954,-65.5675
1711.5000,-300.0826,-65.0811
1712.0000,-299.9688,-64.5850
1712.5000,-299.8543,-64.0796
1713.0000,-299.7392,-63.5655
1713.5000,-299.6279,-63.0624
1714.0000,-299.5239,-62.5870
1714.5000,-299.4200,-62.1063
1715.0000,-299.3162,-61.6208
1715.5000,-299.2128,-61.1311
1716.0000,-299.1100,-60.6381
1716.5000,-299.0079,-60.1423
1717.0000,-298.9067,-59.6446
1717.5000,-298.8067,-59.1457
1718.0000,-298.7077,-58.6449
1718.5000,-298.6099,-58.1430
1719.0000,-298.5139,-57.6424
1719.5000,-298.4198,-57.1439
1720.0000,-298.3279,-56.6482
1720.5000,-298.2384,-56.1563
1721.0000,-298.1513,-55.6689
1721.5000,-298.0670,-55.1867
1722.0000,-297.9855,-54.7107
1722.5000,-297.8991,-54.1929
1723.0000,-297.8136,-53.6658
1723.5000,-297.7326,-53.1496
1724.0000,-297.6561,-52.6453
1724.5000,-297.5845,-52.1538
1725.0000,-297.5177,-51.6757
1725.5000,-297.4559,-51.2117
1726.0000,-297.3985,-50.7568
1726.5000,-297.3327,-50.1967
1727.0000,-297.2754,-49.6625
1727.5000,-297.2266,-49.1544
1728.0000,-297.1860,-48.6721
1728.5000,-297.1533,-48.2150
1729.0000,-297.1271,-47.7645
1729.5000,-297.1039,-47.2224
1730.0000,-297.0904,-46.7134
1730.5000,-297.0843,-46.2296
1731.0000,-297.0823,-45.7612
1731.5000,-297.0819,-45.2589
1732.0000,-297.0827,-44.7478
1732.5000,-297.0843,-44.2497
1733.0000,-297.0862,-43.7666
1733.5000,-297.0884,-43.2496
1734.0000,-297.0901,-42.7389
1734.5000,-297.0907,-42.2515
1735.0000,-297.0898,-41.7593
1735.5000,-297.0862,-41.2404
1736.0000,-297.0793,-40.7530
1736.5000,-297.0675,-40.2572
1737.0000,-297.0488,-39.7492
1737.5000,-297.0235,-39.2731
1738.0000,-296.9857,-38.7597
1738.5000,-296.9387,-38.2759
1739.0000,-296.8772,-37.7744
1739.5000,-296.8051,-37.2864
1740.0000,-296.7207,-36.7909
1740.5000,-296.6288,-36.3060
1741.0000,-296.5269,-35.8289
1741.5000,-296.4040,-35.3432
1742.0000,-296.2710,-34.8829
1742.5000,-296.1109,-34.3745
1743.0000,-295.9628,-33.9266
1743.5000,-295.8022,-33.4523
1744.0000,-295.6311,-32.9512
1744.5000,-295.4761,-32.4946
1745.0000,-295.3177,-32.0211
1745.5000,-295.1588,-31.5336
1746.0000,-295.0076,-31.0533
1746.5000,-294.8636,-30.5752
1747.0000,-294.7259,-30.0923
1747.5000,-294.5964,-29.6067
1748.0000,-294.4756,-29.1159
1748.5000,-294.3665,-28.6266
1749.0000,-294.2699,-28.1397
1749.5000,-294.1848,-27.6473
1750.0000,-294.1122,-27.1511
1750.5000,-294.0524,-26.6566
1751.0000,-294.0038,-26.1634
1751.5000,-293.9649,-25.6787
1752.0000,-293.9379,-25.1839
1752.5000,-293.9301,-24.6726
1753.0000,-293.9449,-24.1862
1753.5000,-293.9812,-23.7099
1754.0000,-294.0416,-23.2131
1754.5000,-294.1278,-22.6946
1755.0000,-294.2294,-22.2042
1755.5000,-294.3407,-21.7457
1756.0000,-294.4706,-21.2723
1756.5000,-294.6190,-20.7842
1757.0000,-294.7856,-20.2819
1757.5000,-294.9553,-19.8062
1758.0000,-295.1242,-19.3594
1758.5000,-295.3051,-18.9041
1759.0000,-295.4974,-18.4406
1759.5000,-295.7006,-17.9697
1760.0000,-295.9141,-17.4921
1760.5000,-296.1239,-17.0368
1761.0000,-296.3327,-16.5953
1761.5000,-296.5484,-16.1500
1762.0000,-296.7702,-15.7013
1762.5000,-296.9978,-15.2500
1763.0000,-297.2304,-14.7965
1763.5000,-297.4668,-14.3428
1764.0000,-297.6989,-13.9033
1764.5000,-297.9343,-13.4632
1765.0000,-298.1722,-13.0230
1765.5000,-298.4123,-12.5831
1766.0000,-298.6542,-12.1439
1766.5000,-298.8972,-11.7057
1767.0000,-299.1420,-11.2671
1767.5000,-299.3893,-10.8265
1768.0000,-299.6367,-10.3878
1768.5000,-299.8837,-9.9512
1769.0000,-300.1300,-9.5169
1769.5000,-300.3755,-9.0849
1770.0000,-300.6198,-8.6553
1770.5000,-300.8691,-8.2169
1771.0000,-301.1206,-7.7741
1771.5000,-301.3704,-7.3336
1772.0000,-301.6168,-6.8956
1772.5000,-301.8580,-6.4608
1773.0000,-302.0921,-6.0297
1773.5000,-302.3228,-5.5927
1774.0000,-302.5624,-5.1215
1774.5000,-302.7876,-4.6567
1775.0000,-302.9972,-4.1988
1775.5000,-303.1899,-3.7484
1776.0000,-303.3647,-3.3059
1776.5000,-303.5335,-2.8343
1777.0000,-303.6924,-2.3290
1777.5000,-303.8235,-1.8366
1778.0000,-303.9264,-1.3577
1778.5000,-304.0013,-0.8925
1779.0000,-304.0525,-0.3868
1779.5000,-304.0697,0.1317
1780.0000,-304.0500,0.6292
1780.5000,-303.9953,1.1056
1781.0000,-303.8991,1.5980
1781.5000,-303.7599,2.0893
1782.0000,-303.5855,2.5535
1782.5000,-303.3788,2.9932
1783.0000,-303.1252,3.4380
1783.5000,-302.8444,3.8532
1784.0000,-302.5406,4.2400
1784.5000,-302.2033,4.6143
1785.0000,-301.8441,4.9642
1785.5000,-301.4680,5.2875
1786.0000,-301.0744,5.5865
1786.5000,-300.6614,5.8630
1787.0000,-300.2250,6.1162
1787.5000,-299.7826,6.3332
1788.0000,-299.3270,6.5177
1788.5000,-298.8444,6.6743
1789.0000,-298.3508,6.7976
1789.5000,-297.8765,6.8847
1790.0000,-297.3815,6.9463
1790.5000,-296.8668,6.9818
1791.0000,-296.3654,6.9910
1791.5000,-295.8794,6.9779
1792.0000,-295.3811,6.9437
1792.5000,-294.8716,6.8884
1793.0000,-294.3655,6.8143
1793.5000,-293.8866,6.7277
1794.0000,-293.4017,6.6242
1794.5000,-292.9115,6.5043
1795.0000,-292.4171,6.3683
1795.5000,-291.9389,6.2230
1796.0000,-291.4713,6.0683
1796.5000,-291.0018,5.9009
1797.0000,-290.5311,5.7213
1797.5000,-290.0595,5.5301
1798.0000,-289.6005,5.3338
1798.5000,-289.1498,5.1317
1799.0000,-288.6986,4.9207
1799.5000,-288.2469,4.7016
1800.0000,-287.7944,4.4749
1800.5000,-287.3483,4.2453
1801.0000,-286.9144,4.0170
1801.5000,-286.4783,3.7838
1802.0000,-286.0393,3.5463
1802.5000,-285.5962,3.3042
1803.0000,-285.1471,3.0563
1803.5000,-284.7281,2.8223
1804.0000,-284.3084,2.5852
1804.5000,-283.8813,2.3409
1805.0000,-283.4461,2.0891
1805.5000,-283.0027,1.8296
1806.0000,-282.5509,1.5622
1806.5000,-282.1314,1.3113
1807.0000,-281.7172,1.0614
1807.5000,-281.2970,0.8058
1808.0000,-280.8709,0.5445
1808.5000,-280.4394,0.2781
1809.0000,-280.0029,0.0068
1809.5000,-279.5620,-0.2689
1810.0000,-279.1440,-0.5317
1810.5000,-278.7256,-0.7959
1811.0000,-278.3047,-1.0626
1811.5000,-277.8820,-1.3316
1812.0000,-277.4579,-1.6021
1812.5000,-277.0331,-1.8739
1813.0000,-276.6081,-2.1463
1813.5000,-276.1815,-2.4201
1814.0000,-275.7543,-2.6946
1814.5000,-275.3288,-2.9682
1815.0000,-274.9054,-3.2404
1815.5000,-274.4847,-3.5108
1816.0000,-274.0674,-3.7788
1816.5000,-273.6538,-4.0440
1817.0000,-273.2339,-4.3127
1817.5000,-272.7941,-4.5934
1818.0000,-272.3604,-4.8693
1818.5000,-271.9332,-5.1400
1819.0000,-271.5131,-5.4050
1819.5000,-271.1002,-5.6642
1820.0000,-270.6947,-5.9172
1820.5000,-270.2631,-6.1847
1821.0000,-269.8187,-6.4581
1821.5000,-269.3840,-6.7231
1822.0000,-268.9587,-6.9802
1822.5000,-268.5420,-7.2296
1823.0000,-268.1333,-7.4720
1823.5000,-267.7012,-7.7257
1824.0000,-267.2650,-7.9794
1824.5000,-266.8330,-8.2286
1825.0000,-266.4026,-8.4753
1825.5000,-265.9720,-8.7210
1826.0000,-265.5289,-8.9732
1826.5000,-265.0724,-9.2326
1827.0000,-264.6278,-9.4849
1827.5000,-264.1981,-9.7286
1828.0000,-263.7851,-9.9627
1828.5000,-263.3409,-10.2142
1829.0000,-262.8797,-10.4745
1829.5000,-262.4465,-10.7180
1830.0000,-262.0393,-10.9450
1830.5000,-261.6019,-11.1857
1831.0000,-261.1534,-11.4272
1831.5000,-260.7235,-11.6516
1832.0000,-260.2958,-11.8661
1832.5000,-259.8558,-12.0766
1833.0000,-259.3986,-12.2845
1833.5000,-258.9427,-12.4824
1834.0000,-258.5160,-12.6607
1834.5000,-258.0565,-12.8470
1835.0000,-257.5597,-13.0437
1835.5000,-257.0994,-13.2227
1836.0000,-256.6660,-13.3892
1836.5000,-256.2076,-13.5637
1837.0000,-255.7245,-13.7464
1837.5000,-255.2176,-13.9371
1838.0000,-254.7486,-14.1129
1838.5000,-254.2965,-14.2819
1839.0000,-253.8325,-14.4550
1839.5000,-253.3589,-14.6315
1840.0000,-252.8783,-14.8103
1840.5000,-252.3934,-14.9903
1841.0000,-251.9344,-15.1595
1841.5000,-251.4817,-15.3243
1842.0000,-251.0210,-15.4889
1842.5000,-250.5511,-15.6530
1843.0000,-250.0708,-15.8165
1843.5000,-249.5790,-15.9793
1844.0000,-249.0877,-16.1373
1844.5000,-248.6376,-16.2779
1845.0000,-248.1776,-16.4178
1845.5000,-247.7076,-16.5570
1846.0000,-247.2274,-16.6954
1846.5000,-246.7371,-16.8332
1847.0000,-246.2369,-16.9703
1847.5000,-245.7271,-17.1069
1848.0000,-245.2513,-17.2316
1848.5000,-244.7841,-17.3519
1849.0000,-244.3101,-17.4719
1849.5000,-243.8296,-17.5917
1850.0000,-243.3429,-17.7114
1850.5000,-242.8505,-17.8310
1851.0000,-242.3528,-17.9507
1851.5000,-241.8501,-18.0706
1852.0000,-241.3530,-18.1884
1852.5000,-240.8743,-18.3014
1853.0000,-240.3926,-18.4147
1853.5000,-239.9081,-18.5285
1854.0000,-239.4215,-18.6429
1854.5000,-238.9330,-18.7580
1855.0000,-238.4431,-18.8739
1855.5000,-237.9522,-18.9906
1856.0000,-237.4608,-19.1082
1856.5000,-236.9699,-19.2267
1857.0000,-236.4804,-19.3460
1857.5000,-235.9915,-19.4665
1858.0000,-235.5037,-19.5883
1858.5000,-235.0172,-19.7114
1859.0000,-234.5324,-19.8359
1859.5000,-234.0496,-19.9620
1860.0000,-233.5691,-20.0896
1860.5000,-233.0912,-20.2188
1861.0000,-232.6101,-20.3513
1861.5000,-232.1186,-20.4895
1862.0000,-231.6305,-20.6296
1862.5000,-231.1462,-20.7717
1863.0000,-230.6656,-20.9158
1863.5000,-230.1889,-21.0619
1864.0000,-229.7160,-21.2101
1864.5000,-229.2469,-21.3603
1865.0000,-228.7816,-21.5126
1865.5000,-228.3072,-21.6713
1866.0000,-227.8294,-21.8346
1866.5000,-227.3549,-22.0000
1867.0000,-226.8835,-22.1676
1867.5000,-226.4147,-22.3372
1868.0000,-225.9478,-22.5088
1868.5000,-225.4822,-22.6823
1869.0000,-225.0173,-22.8575
1869.5000,-224.5539,-23.0338
1870.0000,-224.0931,-23.2105
1870.5000,-223.6315,-23.3893
1871.0000,-223.1689,-23.5704
1871.5000,-222.7051,-23.7541
1872.0000,-222.2402,-23.9405
1872.5000,-221.7739,-24.1298
1873.0000,-221.3063,-24.3223
1873.5000,-220.8373,-24.5181
1874.0000,-220.3846,-24.7097
1874.5000,-219.9316,-24.9043
1875.0000,-219.4774,-25.1021
1875.5000,-219.0220,-25.3034
1876.0000,-218.5655,-25.5082
1876.5000,-218.1079,-25.7165
1877.0000,-217.6493,-25.9284
1877.5000,-217.1900,-26.1438
1878.0000,-216.7332,-26.3612
1878.5000,-216.2883,-26.5760
1879.0000,-215.8430,-26.7941
1879.5000,-215.3973,-27.0156
1880.0000,-214.9515,-27.2403
1880.5000,-214.5055,-27.4682
1881.0000,-214.0597,-27.6992
1881.5000,-213.6142,-27.9334
1882.0000,-213.1690,-28.1707
1882.5000,-212.7254,-28.4103
1883.0000,-212.2876,-28.6501
1883.5000,-211.8506,-28.8926
1884.0000,-211.4147,-29.1378
1884.5000,-210.9799,-29.3857
1885.0000,-210.5463,-29.6360
1885.5000,-210.1143,-29.8887
1886.0000,-209.6838,-30.1438
1886.5000,-209.2550,-30.4012
1887.0000,-208.8282,-30.6606
1887.5000,-208.3986,-30.9251
1888.0000,-207.9712,-31.1916
1888.5000,-207.5460,-31.4600
1889.0000,-207.1233,-31.7302
1889.5000,-206.7032,-32.0022
1890.0000,-206.2856,-32.2758
1890.5000,-205.8708,-32.5509
1891.0000,-205.4587,-32.8275
1891.5000,-205.0496,-33.1055
1892.0000,-204.6322,-33.3924
1892.5000,-204.2170,-33.6813
1893.0000,-203.8049,-33.9714
1893.5000,-203.3960,-34.2626
1894.0000,-202.9903,-34.5549
1894.5000,-202.5878,-34.8482
1895.0000,-202.1884,-35.1425
1895.5000,-201.7920,-35.4376
1896.0000,-201.3974,-35.7346
1896.5000,-200.9954,-36.0403
1897.0000,-200.5962,-36.3469
1897.5000,-200.1998,-36.6544
1898.0000,-199.8060,-36.9627
1898.5000,-199.4144,-37.2720
1899.0000,-199.0249,-37.5823
1899.5000,-198.6372,-37.8935
1900.0000,-198.2509,-38.2058
1900.5000,-197.8630,-38.5215
1901.0000,-197.4737,-38.8402
1901.5000,-197.0852,-39.1599
1902.0000,-196.6979,-39.4800
1902.5000,-196.3120,-39.8002
1903.0000,-195.9277,-40.1201
1903.5000,-195.5454,-40.4393
1904.0000,-195.1650,-40.7576
1904.5000,-194.7854,-41.0760
1905.0000,-194.3938,-41.4050
1905.5000,-194.0049,-41.7323
1906.0000,-193.6187,-42.0577
1906.5000,-193.2353,-42.3813
1907.0000,-192.8548,-42.7030
1907.5000,-192.4772,-43.0226
1908.0000,-192.1024,-43.3404
1908.5000,-191.7304,-43.6562
1909.0000,-191.3420,-43.9866
1909.5000,-190.9564,-44.3153
1910.0000,-190.5738,-44.6424
1910.5000,-190.1938,-44.9680
1911.0000,-189.8165,-45.2924
1911.5000,-189.4416,-45.6158
1912.0000,-189.0689,-45.9385
1912.5000,-188.6958,-46.2631
1913.0000,-188.3185,-46.5929
1913.5000,-187.9430,-46.9231
1914.0000,-187.5689,-47.2539
1914.5000,-187.1962,-47.5857
1915.0000,-186.8245,-47.9189
1915.5000,-186.4536,-48.2538
1916.0000,-186.0834,-48.5908
1916.5000,-185.7195,-48.9246
1917.0000,-185.3577,-49.2595
1917.5000,-184.9957,-49.5973
1918.0000,-184.6335,-49.9385
1918.5000,-184.2707,-50.2833
1919.0000,-183.9073,-50.6319
1919.5000,-183.5430,-50.9847
1920.0000,-183.1793,-51.3402
1920.5000,-182.8330,-51.6817
1921.0000,-182.4857,-52.0274
1921.5000,-182.1371,-52.3773
1922.0000,-181.7872,-52.7316
1922.5000,-181.4360,-53.0902
1923.0000,-181.0834,-53.4532
1923.5000,-180.7294,-53.8205
1924.0000,-180.3741,-54.1920
1924.5000,-180.0362,-54.5479
1925.0000,-179.6984,-54.9061
1925.5000,-179.3595,-55.2676
1926.0000,-179.0196,-55.6324
1926.5000,-178.6789,-56.0000
1927.0000,-178.3374,-56.3703
1927.5000,-177.9955,-56.7430
1928.0000,-177.6532,-57.1175
1928.5000,-177.3137,-57.4903
1929.0000,-176.9806,-57.8573
1929.5000,-176.6479,-58.2247
1930.0000,-176.3156,-58.5926
1930.5000,-175.9832,-58.9617
1931.0000,-175.6504,-59.3327
1931.5000,-175.3167,-59.7065
1932.0000,-174.9819,-60.0835
1932.5000,-174.6455,-60.4643
1933.0000,-174.3181,-60.8371
1933.5000,-174.0011,-61.2000
1934.0000,-173.6821,-61.5671
1934.5000,-173.3612,-61.9387
1935.0000,-173.0380,-62.3148
1935.5000,-172.7126,-62.6954
1936.0000,-172.3849,-63.0807
1936.5000,-172.0549,-63.4707
1937.0000,-171.7224,-63.8652
1937.5000,-171.3876,-64.2641
1938.0000,-171.0763,-64.6364
1938.5000,-170.7639,-65.0112
1939.0000,-170.4496,-65.3893
1939.5000,-170.1334,-65.7706
1940.0000,-169.8154,-66.1549
1940.5000,-169.4957,-66.5419
1941.0000,-169.1743,-66.9314
1941.5000,-168.8514,-67.3232
1942.0000,-168.5270,-67.7169
1942.5000,-168.2013,-68.1122
1943.0000,-167.8812,-68.5007
1943.5000,-167.5636,-68.8858
1944.0000,-167.2452,-69.2714
1944.5000,-166.9259,-69.6575
1945.0000,-166.6060,-70.0436
1945.5000,-166.2855,-70.4294
1946.0000,-165.9647,-70.8147
1946.5000,-165.6435,-71.1990
1947.0000,-165.3222,-71.5821
1947.5000,-165.0009,-71.9636
1948.0000,-164.6797,-72.3431
1948.5000,-164.3458,-72.7357
1949.0000,-164.0122,-73.1255
1949.5000,-163.6793,-73.5122
1950.0000,-163.3470,-73.8955
1950.5000,-163.0156,-74.2749
1951.0000,-162.6852,-74.6501
1951.5000,-162.3559,-75.0209
1952.0000,-162.0279,-75.3869
1952.5000,-161.7013,-75.7479
1953.0000,-161.3761,-76.1035
1953.5000,-161.0244,-76.4837
1954.0000,-160.6655,-76.8669
1954.5000,-160.3088,-77.2425
1955.0000,-159.9544,-77.6102
1955.5000,-159.6025,-77.9698
1956.0000,-159.2532,-78.3211
1956.5000,-158.9064,-78.6641
1957.0000,-158.5623,-78.9985
1957.5000,-158.2207,-79.3244
1958.0000,-157.8515,-79.6698
1958.5000,-157.4632,-80.0252
1959.0000,-157.0783,-80.3694
1959.5000,-156.6965,-80.7027
1960.0000,-156.3178,-81.0256
1960.5000,-155.9419,-81.3386
1961.0000,-155.5684,-81.6424
1961.5000,-155.1970,-81.9376
1962.0000,-154.8044,-82.2428
1962.5000,-154.4003,-82.5505
1963.0000,-153.9969,-82.8520
1963.5000,-153.5934,-83.1488
1964.0000,-153.1900,-83.4412
1964.5000,-152.7868,-83.7290
1965.0000,-152.3839,-84.0122
1965.5000,-151.9736,-84.2962
1966.0000,-151.5519,-84.5831
1966.5000,-151.1311,-84.8645
1967.0000,-150.7112,-85.1401
1967.5000,-150.2923,-85.4100
1968.0000,-149.8743,-85.6739
1968.5000,-149.4571,-85.9318
1969.0000,-149.0289,-86.1906
1969.5000,-148.5902,-86.4494
1970.0000,-148.1523,-86.7010
1970.5000,-147.7151,-86.9454
1971.0000,-147.2784,-87.1824
1971.5000,-146.8421,-87.4119
1972.0000,-146.4059,-87.6338
1972.5000,-145.9500,-87.8576
1973.0000,-145.4937,-88.0729
1973.5000,-145.0368,-88.2797
1974.0000,-144.5791,-88.4779
1974.5000,-144.1205,-88.6673
1975.0000,-143.6606,-88.8479
1975.5000,-143.1920,-89.0222
1976.0000,-142.7191,-89.1882
1976.5000,-142.2441,-89.3450
1977.0000,-141.7667,-89.4924
1977.5000,-141.2868,-89.6305
1978.0000,-140.8041,-89.7594
1978.5000,-140.3208,-89.8783
1979.0000,-139.8357,-89.9878
1979.5000,-139.3475,-90.0883
1980.0000,-138.8559,-90.1797
1980.5000,-138.3610,-90.2621
1981.0000,-137.8627,-90.3357
1981.5000,-137.3669,-90.3998
1982.0000,-136.8743,-90.4548
1982.5000,-136.3787,-90.5016
1983.0000,-135.8803,-90.5405
1983.5000,-135.3792,-90.5715
1984.0000,-134.8757,-90.5947
1984.5000,-134.3722,-90.6104
1985.0000,-133.8769,-90.6188
1985.5000,-133.3804,-90.6203
1986.0000,-132.8832,-90.6151
1986.5000,-132.3853,-90.6033
1987.0000,-131.8840,-90.5831
1987.5000,-131.3760,-90.5526
1988.0000,-130.9019,-90.5142
1988.5000,-130.4368,-90.4667
1989.0000,-129.9613,-90.4082
1989.5000,-129.4744,-90.3379
1990.0000,-128.9753,-90.2555
1990.5000,-128.4633,-90.1605
1991.0000,-127.9380,-90.0529
1991.5000,-127.4362,-89.9411
1992.0000,-126.9857,-89.8337
1992.5000,-126.5261,-89.7179
1993.0000,-126.0576,-89.5938
1993.5000,-125.5805,-89.4615
1994.0000,-125.0950,-89.3213
1994.5000,-124.6016,-89.1734
1995.0000,-124.1005,-89.0182
1995.5000,-123.5923,-88.8559
1996.0000,-123.1043,-88.6958
1996.5000,-122.6468,-88.5423
1997.0000,-122.1851,-88.3842
1997.5000,-121.7194,-88.2218
1998.0000,-121.2502,-88.0554
1998.5000,-120.7781,-87.8853
1999.0000,-120.3035,-87.7119
1999.5000,-119.8269,-87.5355
2000.0000,-119.3488,-87.3563
2000.5000,-118.8697,-87.1749
2001.0000,-118.3917,-86.9922
2001.5000,-117.9185,-86.8097
2002.0000,-117.4459,-86.6259
2002.5000,-116.9743,-86.4413
2003.0000,-116.5043,-86.2562
2003.5000,-116.0362,-86.0709
2004.0000,-115.5707,-85.8857
2004.5000,-115.1082,-85.7009
2005.0000,-114.6492,-85.5170
2005.5000,-114.1940,-85.3342
2006.0000,-113.7432,-85.1527
2006.5000,-113.2504,-84.9541
2007.0000,-112.7612,-84.7569
2007.5000,-112.2790,-84.5624
2008.0000,-111.8042,-84.3712
2008.5000,-111.3372,-84.1834
2009.0000,-110.8785,-83.9994
2009.5000,-110.4283,-83.8195
2010.0000,-109.9870,-83.6438
2010.5000,-109.5548,-83.4725
2011.0000,-109.0696,-83.2813
2011.5000,-108.5670,-83.0847
2012.0000,-108.0784,-82.8953
2012.5000,-107.6038,-82.7129
2013.0000,-107.1428,-82.5376
2013.5000,-106.6949,-82.3690
2014.0000,-106.2594,-82.2068
2014.5000,-105.8288,-82.0481
2015.0000,-105.3354,-81.8681
2015.5000,-104.8548,-81.6945
2016.0000,-104.3841,-81.5256
2016.5000,-103.9203,-81.3595
2017.0000,-103.4603,-81.1945
2017.5000,-103.0046,-81.0301
2018.0000,-102.5230,-80.8553
2018.5000,-102.0382,-80.6776
2019.0000,-101.5623,-80.5013
2019.5000,-101.0965,-80.3263
2020.0000,-100.6415,-80.1526
2020.5000,-100.1980,-79.9803
2021.0000,-99.7050,-79.7846
2021.5000,-99.2257,-79.5893
2022.0000,-98.7636,-79.3953
2022.5000,-98.3190,-79.2026
2023.0000,-97.8920,-79.0108
2023.5000,-97.4121,-78.7860
2024.0000,-96.9510,-78.5591
2024.5000,-96.5137,-78.3319
2025.0000,-96.0994,-78.1041
2025.5000,-95.6596,-77.8462
2026.0000,-95.2274,-77.5735
2026.5000,-94.8216,-77.2970
2027.0000,-94.4352,-77.0120
2027.5000,-94.0354,-76.6911
2028.0000,-93.6603,-76.3623
2028.5000,-93.3070,-76.0247
2029.0000,-92.9582,-75.6615
2029.5000,-92.6273,-75.2862
2030.0000,-92.3148,-74.9006
2030.5000,-92.0136,-74.4960
2031.0000,-91.7316,-74.0811
2031.5000,-91.4724,-73.6594
2032.0000,-91.2366,-73.2286
2032.5000,-91.0201,-72.7811
2033.0000,-90.8195,-72.3121
2033.5000,-90.6463,-71.8600
2034.0000,-90.4830,-71.3917
2034.5000,-90.3255,-70.9033
2035.0000,-90.1804,-70.4262
2035.5000,-90.0420,-69.9523
2036.0000,-89.9036,-69.4674
2036.5000,-89.7638,-68.9746
2037.0000,-89.6270,-68.4963
2037.5000,-89.4865,-68.0156
2038.0000,-89.3411,-67.5355
2038.5000,-89.1889,-67.0557
2039.0000,-89.0269,-66.5743
2039.5000,-88.8568,-66.1024
2040.0000,-88.6777,-65.6428
2040.5000,-88.4794,-65.1772
2041.0000,-88.2629,-64.7173
2041.5000,-88.0330,-64.2789
2042.0000,-87.7847,-63.8563
2042.5000,-87.5031,-63.4326
2043.0000,-87.2031,-63.0351
2043.5000,-86.8837,-62.6612
2044.0000,-86.5391,-62.3030
2044.5000,-86.1725,-61.9638
2045.0000,-85.7839,-61.6411
2045.5000,-85.3920,-61.3458
2046.0000,-84.9822,-61.0615
2046.5000,-84.5555,-60.7859
2047.0000,-84.1310,-60.5268
2047.5000,-83.7015,-60.2755
2048.0000,-83.2636,-60.0266
2048.5000,-82.8232,-59.7803
2049.0000,-82.3867,-59.5368
2049.5000,-81.9503,-59.2910
2050.0000,-81.5169,-59.0416
2050.5000,-81.0826,-58.7831
2051.0000,-80.6560,-58.5173
2051.5000,-80.2410,-58.2436
2052.0000,-79.8324,-57.9549
2052.5000,-79.4303,-57.6469
2053.0000,-79.0491,-57.3266
2053.5000,-78.6881,-56.9903
2054.0000,-78.3388,-56.6251
2054.5000,-78.0170,-56.2432
2055.0000,-77.7230,-55.8439
2055.5000,-77.4563,-55.4267
2056.0000,-77.2167,-54.9888
2056.5000,-77.0035,-54.5284
2057.0000,-76.8259,-54.0743
2057.5000,-76.6697,-53.6025
2058.0000,-76.5319,-53.1114
2058.5000,-76.4152,-52.6256
2059.0000,-76.3140,-52.1422
2059.5000,-76.2220,-51.6473
2060.0000,-76.1368,-51.1432
2060.5000,-76.0588,-50.6522
2061.0000,-75.9824,-50.1578
2061.5000,-75.9053,-49.6620
2062.0000,-75.8246,-49.1655
2062.5000,-75.7374,-48.6668
2063.0000,-75.6422,-48.1742
2063.5000,-75.5368,-47.6901
2064.0000,-75.4149,-47.2017
2064.5000,-75.2736,-46.7136
2065.0000,-75.1142,-46.2423
2065.5000,-74.9342,-45.7882
2066.0000,-74.7189,-45.3260
2066.5000,-74.4780,-44.8871
2067.0000,-74.2112,-44.4717
2067.5000,-73.9138,-44.0731
2068.0000,-73.5886,-43.6947
2068.5000,-73.2363,-43.3370
2069.0000,-72.8666,-43.0067
2069.5000,-72.4793,-42.6984
2070.0000,-72.0696,-42.4047
2070.5000,-71.6458,-42.1277
2071.0000,-71.2240,-41.8727
2071.5000,-70.7887,-41.6257
2072.0000,-70.3423,-41.3849
2072.5000,-69.8977,-41.1538
2073.0000,-69.4522,-40.9273
2073.5000,-69.0045,-40.7017
2074.0000,-68.5573,-40.4751
2074.5000,-68.1077,-40.2430
2075.0000,-67.6647,-40.0067
2075.5000,-67.2313,-39.7645
2076.0000,-66.7997,-39.5086
2076.5000,-66.3721,-39.2355
2077.0000,-65.9634,-38.9508
2077.5000,-65.5750,-38.6519
2078.0000,-65.1898,-38.3200
2078.5000,-64.8321,-37.9701
2079.0000,-64.5029,-37.6011
2079.5000,-64.1999,-37.2086
2080.0000,-63.9248,-36.7939
2080.5000,-63.6772,-36.3547
2081.0000,-63.4658,-35.9105
2081.5000,-63.2818,-35.4544
2082.0000,-63.1175,-34.9752
2082.5000,-62.9734,-34.4834
2083.0000,-62.8528,-34.0091
2083.5000,-62.7433,-33.5215
2084.0000,-62.6430,-33.0235
2084.5000,-62.5509,-32.5247
2085.0000,-62.4651,-32.0300
2085.5000,-62.3821,-31.5352
2086.0000,-62.3000,-31.0436
2086.5000,-62.2139,-30.5418
2087.0000,-62.1224,-30.0389
2087.5000,-62.0255,-29.5508
2088.0000,-61.9213,-29.0806
2088.5000,-61.7916,-28.5713
2089.0000,-61.6466,-28.0882
2089.5000,-61.4856,-27.6374
2090.0000,-61.2834,-27.1689
2090.5000,-61.0496,-26.7256
2091.0000,-60.7907,-26.3190
2091.5000,-60.4940,-25.9217
2092.0000,-60.1726,-25.5406
2092.5000,-59.8333,-25.1869
2093.0000,-59.4772,-24.8616
2093.5000,-59.0769,-24.5377
2094.0000,-58.6703,-24.2413
2094.5000,-58.2695,-23.9720
2095.0000,-57.8408,-23.7022
2095.5000,-57.3878,-23.4320
2096.0000,-56.9630,-23.1885
2096.5000,-56.5280,-22.9463
2097.0000,-56.0845,-22.7041
2097.5000,-55.6368,-22.4622
2098.0000,-55.1884,-22.2204
2098.5000,-54.7442,-21.9794
2099.0000,-54.3083,-21.7391
2099.5000,-53.8825,-21.4986
2100.0000,-53.4282,-21.2323
2100.5000,-52.9973,-20.9666
2101.0000,-52.5932,-20.7011
2101.5000,-52.1854,-20.4109
2102.0000,-51.7826,-20.0938
2102.5000,-51.4187,-19.7715
2103.0000,-51.0764,-19.4283
2103.5000,-50.7481,-19.0577
2104.0000,-50.4328,-18.6658
2104.5000,-50.1481,-18.2666
2105.0000,-49.8902,-17.8447
2105.5000,-49.6567,-17.3876
2106.0000,-49.4673,-16.9389
2106.5000,-49.3068,-16.4780
2107.0000,-49.1659,-15.9866
2107.5000,-49.0476,-15.4852
2108.0000,-48.9553,-15.0177
2108.5000,-48.8729,-14.5292
2109.0000,-48.7986,-14.0205
2109.5000,-48.7320,-13.5068
2110.0000,-48.6750,-13.0293
2110.5000,-48.6193,-12.5388
2111.0000,-48.5633,-12.0364
2111.5000,-48.5054,-11.5231
2112.0000,-48.4471,-11.0265
2112.5000,-48.3866,-10.5393
2113.0000,-48.3208,-10.0455
2113.5000,-48.2487,-9.5462
2114.0000,-48.1694,-9.0422
2114.5000,-48.0846,-8.5484
2115.0000,-47.9935,-8.0615
2115.5000,-47.8941,-7.5726
2116.0000,-47.7859,-7.0824
2116.5000,-47.6690,-6.5914
2117.0000,-47.5440,-6.1036
2117.5000,-47.4125,-5.6229
2118.0000,-47.2730,-5.1431
2118.5000,-47.1262,-4.6646
2119.0000,-46.9728,-4.1876
2119.5000,-46.8110,-3.7125
2120.0000,-46.6412,-3.2511
2120.5000,-46.4561,-2.7933
2121.0000,-46.2525,-2.3389
2121.5000,-46.0280,-1.8885
2122.0000,-45.7805,-1.4428
2122.5000,-45.5184,-1.0176
2123.0000,-45.2471,-0.6184
2123.5000,-44.9537,-0.2248
2124.0000,-44.6381,0.1628
2124.5000,-44.3002,0.5438
2125.0000,-43.9402,0.9177
2125.5000,-43.5750,1.2687
2126.0000,-43.2152,1.5910
2126.5000,-42.8391,1.9064
2127.0000,-42.4474,2.2145
2127.5000,-42.0408,2.5150
2128.0000,-41.6203,2.8075
2128.5000,-41.1868,3.0919
2129.0000,-40.7621,3.3553
2129.5000,-40.3359,3.6059
2130.0000,-39.9010,3.8487
2130.5000,-39.4583,4.0834
2131.0000,-39.0090,4.3100
2131.5000,-38.5538,4.5283
2132.0000,-38.0938,4.7381
2132.5000,-37.6293,4.9397
2133.0000,-37.1614,5.1329
2133.5000,-36.6915,5.3175
2134.0000,-36.2204,5.4935
2134.5000,-35.7491,5.6610
2135.0000,-35.2783,5.8199
2135.5000,-34.8088,5.9705
2136.0000,-34.3285,6.1167
2136.5000,-33.8334,6.2593
2137.0000,-33.3420,6.3931
2137.5000,-32.8546,6.5183
2138.0000,-32.3719,6.6354
2138.5000,-31.8939,6.7449
2139.0000,-31.4209,6.8472
2139.5000,-30.9263,6.9481
2140.0000,-30.4266,7.0444
2140.5000,-29.9320,7.1346
2141.0000,-29.4416,7.2198
2141.5000,-28.9544,7.3010
2142.0000,-28.4691,7.3794
2142.5000,-27.9582,7.4600
2143.0000,-27.4290,7.5418
2143.5000,-26.9149,7.6196
2144.0000,-26.4203,7.6931
2144.5000,-25.9491,7.7619
2145.0000,-25.5043,7.8258
2145.5000,-24.9251,7.9076
2146.0000,-24.3987,7.9803
2146.5000,-23.9358,8.0430
2147.0000,-23.5136,8.0990
2147.5000,-22.9408,8.1731
2148.0000,-22.5233,8.2259
2148.5000,-22.0248,8.2906
2149.0000,-21.5834,8.3553
2149.5000,-21.0898,8.4319
2150.0000,-20.6230,8.5042
2150.5000,-20.0679,8.5885
2151.0000,-19.6031,8.6576
2151.5000,-19.1007,8.7304
2152.0000,-18.5794,8.8037
2152.5000,-18.0840,8.8718
2153.0000,-17.5887,8.9400
